path,rel_path,reciter,surah,ayah,error,spectral_error,decode_backend,duration_s,active_duration_s,sample_rate,channels,avg_bitrate_kbps,rms_dbfs,peak_dbfs,peak_linear,dc_offset,clipping_fraction,over_range_fraction,max_clip_run,silence_ratio,leading_silence_s,trailing_silence_s,noise_floor_dbfs,active_rms_dbfs,snr_db,spectral_flatness,spectral_rolloff,spectral_centroid,zcr
/content/Quran_Audio_Data/Abdul_Basit_Murattal_192kbps/017083.mp3,Quran_Audio_Data/Abdul_Basit_Murattal_192kbps/017083.mp3,Abdul_Basit_Murattal_192kbps,17,83,,,soundfile,15.985396825396826,15.19,44100,2,192.1,-23.47675016542584,-4.630844054141149,0.5867563486099243,-2.5379442377015948e-05,0.0,0.0,0,0.048841577958672514,0.02,0.0,-47.39744179206416,-27.36126404579213,20.036177746272028,0.02180629037320614,3703.7109375,2261.4176342540804,0.06158336453794481
/content/Quran_Audio_Data/Abdullah_Basfar_192kbps/017083.mp3,Quran_Audio_Data/Abdullah_Basfar_192kbps/017083.mp3,Abdullah_Basfar_192kbps,17,83,,,soundfile,16.377142857142857,16.09,44100,2,191.8,-20.406696311116992,-4.128500226776262,0.6216915845870972,4.194850134808803e-06,0.0,0.0,0,0.014696876913655848,0.03,0.0,-35.574389368623166,-25.360512603948635,10.21387676467453,0.05679662153124809,6696.826171875,3095.357568882986,0.07141000654276082
/content/Quran_Audio_Data/Abu_Bakr_Ash-Shaatree_128kbps/017083.mp3,Quran_Audio_Data/Abu_Bakr_Ash-Shaatree_128kbps/017083.mp3,Abu_Bakr_Ash-Shaatree_128kbps,17,83,,,soundfile,10.692154195011337,10.58,11025,1,24.1,-11.38722170194189,0.5452832509821985,1.0647904872894287,-0.002769047161564231,0.00092466131098311,0.000907695048396264,3,0.011214953271028037,0.12,0.0,-19.797022339563934,-12.991379655755482,6.805642683808452,0.4736577272415161,2745.4833984375,1388.3837845852318,0.12499788164316702
/content/Quran_Audio_Data/Hudhaify_128kbps/017083.mp3,Quran_Audio_Data/Hudhaify_128kbps/017083.mp3,Hudhaify_128kbps,17,83,,,soundfile,12.720362811791384,12.59,44100,2,128.1,-17.065112656630163,-1.8064195712953288,0.8122299909591675,4.192388132651104e-06,0.0,0.0,0,0.008661417322834646,0.06,0.0,-30.529935966788237,-20.649712690592324,9.880223276195913,0.008126416243612766,4155.908203125,2060.8917258633255,0.050014523694114965
/content/Quran_Audio_Data/Husary_128kbps/017083.mp3,Quran_Audio_Data/Husary_128kbps/017083.mp3,Husary_128kbps,17,83,,,soundfile,25.017619047619046,21.900000000000002,44100,2,128.1,-21.58172112175255,-4.4520602758278525,0.5989588499069214,0.0004359766317065805,0.0,0.0,0,0.11479385610347616,0.91,1.93,-64.83635658141745,-24.912949672098147,39.9234069093193,0.0046955281868577,2863.916015625,1633.348487137511,0.04527012432638238
/content/Quran_Audio_Data/Minshawy_Murattal_128kbps/017083.mp3,Quran_Audio_Data/Minshawy_Murattal_128kbps/017083.mp3,Minshawy_Murattal_128kbps,17,83,,,soundfile,14.992766439909298,14.5,44100,2,128.1,-20.08456255185586,-2.4906537871315177,0.7507015466690063,0.00020527420565485954,0.0,0.0,0,0.03139612558450234,0.04,0.0,-39.682162249943524,-24.260121428073703,15.422040821869821,0.015615933574736118,3789.84375,2166.5231412233557,0.06097922310371517
/content/Quran_Audio_Data/Muhammad_Ayyoub_128kbps/017083.mp3,Quran_Audio_Data/Muhammad_Ayyoub_128kbps/017083.mp3,Muhammad_Ayyoub_128kbps,17,83,,,soundfile,13.530113378684808,13.49,44100,2,128.1,-16.06075700238354,-1.1678492360060155,0.8741934299468994,-0.0011793633457273245,0.0,0.0,0,0.0014803849000740192,0.01,0.0,-30.354251741480198,-19.175608328707693,11.178643412772505,0.023243125528097153,5404.833984375,2401.9476589961237,0.05786719085012865
/content/Quran_Audio_Data/Yaser_Salamah_128kbps/017083.mp3,Quran_Audio_Data/Yaser_Salamah_128kbps/017083.mp3,Yaser_Salamah_128kbps,17,83,,,soundfile,12.079115646258503,11.66,44100,2,128.1,-16.60490320033309,-3.513342609754182,0.6673180460929871,-0.0018788563320413232,0.0,0.0,0,0.028333333333333332,0.34,0.0,-29.12490981484144,-18.413218138717863,10.711691676123579,0.0016952932346612215,3057.71484375,1534.3800415583642,0.038611923865830115
/content/Quran_Audio_Data/aziz_alili_128kbps/017083.mp3,Quran_Audio_Data/aziz_alili_128kbps/017083.mp3,aziz_alili_128kbps,17,83,,,soundfile,14.19859410430839,14.120000000000001,44100,2,128.1,-12.934455063232747,-0.12349981469247173,0.9858821630477905,0.0002142989105777815,0.0,0.0,0,0.002824858757062147,0.04,0.0,-26.85125309902492,-16.592105378129144,10.259147720895776,0.03607070818543434,6330.76171875,2621.2169814254567,0.04893161505216857
/content/Quran_Audio_Data/Abdul_Basit_Murattal_192kbps/010029.mp3,Quran_Audio_Data/Abdul_Basit_Murattal_192kbps/010029.mp3,Abdul_Basit_Murattal_192kbps,10,29,,,soundfile,13.295034013605441,12.61,44100,2,192.1,-19.123594504517246,-1.1390403005059333,0.8770977258682251,-7.470631771866465e-06,0.0,0.0,0,0.050451807228915665,0.03,0.0,-42.94439958222884,-22.599929886152204,20.344469696076636,0.020024070516228676,3509.912109375,1947.5709093970233,0.03897259830388307
/content/Quran_Audio_Data/Abdullah_Basfar_192kbps/010029.mp3,Quran_Audio_Data/Abdullah_Basfar_192kbps/010029.mp3,Abdullah_Basfar_192kbps,10,29,,,soundfile,14.078616780045351,13.540000000000001,44100,2,192.1,-21.38946314355969,-0.11282726725181226,0.9870942831039429,9.545460670778994e-07,0.0,0.0,0,0.03698435277382646,0.46,0.0,-43.68687515970233,-27.33592875618511,16.350946403517224,0.06796599924564362,4715.771484375,2713.4152680118086,0.0511121380358615
/content/Quran_Audio_Data/Abu_Bakr_Ash-Shaatree_128kbps/010029.mp3,Quran_Audio_Data/Abu_Bakr_Ash-Shaatree_128kbps/010029.mp3,Abu_Bakr_Ash-Shaatree_128kbps,10,29,,,soundfile,15.125351473922903,15.030000000000001,11025,1,24.1,-14.209157343930492,0.657925792196461,1.0786890983581543,-0.002996353665366769,5.397074785466277e-05,5.397074785466277e-05,1,0.00726552179656539,0.11,0.0,-31.21685189188933,-17.28899862101049,13.927853270878842,0.35582152009010315,2820.849609375,1429.3617700144011,0.11434468462423313
/content/Quran_Audio_Data/Hudhaify_128kbps/010029.mp3,Quran_Audio_Data/Hudhaify_128kbps/010029.mp3,Hudhaify_128kbps,10,29,,,soundfile,12.82485260770975,12.18,44100,2,128.1,-17.468465475599036,-1.3792262061513068,0.8531761169433594,-1.5803908581801807e-06,0.0,0.0,0,0.0484375,0.39,0.0,-35.53084875142918,-20.65779035029567,14.873058401133513,0.0068884058855473995,3660.64453125,1849.5326071755944,0.03664539734162896
/content/Quran_Audio_Data/Husary_128kbps/010029.mp3,Quran_Audio_Data/Husary_128kbps/010029.mp3,Husary_128kbps,10,29,,,soundfile,21.413083900226756,19.61,44100,2,128.1,-18.23734067339425,-1.8214466347599534,0.8108260035514832,0.0004103087994735688,0.0,0.0,0,0.07237464522232734,0.77,0.6900000000000001,-48.213821099465996,-22.132454095752713,26.081367003713282,0.011777807027101517,3316.11328125,1989.0593203716135,0.05470223146941854
/content/Quran_Audio_Data/Minshawy_Murattal_128kbps/010029.mp3,Quran_Audio_Data/Minshawy_Murattal_128kbps/010029.mp3,Minshawy_Murattal_128kbps,10,29,,,soundfile,15.410725623582767,13.870000000000001,44100,2,128.1,-18.684531390187296,-1.108853582661144,0.8801512718200684,0.0004185597936157137,0.0,0.0,0,0.09876543209876543,1.11,0.35000000000000003,-58.31524474341973,-21.547386030076417,36.767858713343315,0.014616298489272594,3574.51171875,2095.0970195072246,0.06172529473362199
/content/Quran_Audio_Data/Muhammad_Ayyoub_128kbps/010029.mp3,Quran_Audio_Data/Muhammad_Ayyoub_128kbps/010029.mp3,Muhammad_Ayyoub_128kbps,10,29,,,soundfile,14.418208616780046,14.200000000000001,44100,2,128.1,-16.71242064673018,-1.4064577652572507,0.8505054712295532,-0.0011451247846707702,0.0,0.0,0,0.013888888888888888,0.06,0.0,-27.438479228321352,-18.825358250094627,8.613120978226725,0.017801133915781975,3832.91015625,1975.3128435644792,0.04104039288949275
/content/Quran_Audio_Data/Yaser_Salamah_128kbps/010029.mp3,Quran_Audio_Data/Yaser_Salamah_128kbps/010029.mp3,Yaser_Salamah_128kbps,10,29,,,soundfile,14.116485260770975,13.02,44100,2,128.1,-18.245539807648953,-4.689521624365606,0.582805871963501,-0.0009497840073890984,0.0,0.0,0,0.07198859586600143,1.01,0.0,-40.4731363166468,-19.841203043988852,20.63193327265795,0.0016855959547683597,2734.716796875,1410.1107845316076,0.02948517173307184
/content/Quran_Audio_Data/aziz_alili_128kbps/010029.mp3,Quran_Audio_Data/aziz_alili_128kbps/010029.mp3,aziz_alili_128kbps,10,29,,,soundfile,11.254897959183673,11.13,44100,2,128.1,-15.403377561687677,-0.30678959842491205,0.9652960300445557,3.938096051570028e-05,0.0,0.0,0,0.005361930294906166,0.06,0.0,-25.783699884213423,-18.693579317690627,7.0901205665227955,0.02845066972076893,3725.244140625,1966.514130789377,0.029749773550724636
/content/Quran_Audio_Data/Abdul_Basit_Murattal_192kbps/059009.mp3,Quran_Audio_Data/Abdul_Basit_Murattal_192kbps/059009.mp3,Abdul_Basit_Murattal_192kbps,59,9,,,soundfile,51.90024943310657,50.53,44100,2,192.0,-22.48422116058224,-4.544145223461364,0.5926424264907837,-2.3343571228906512e-05,0.0,0.0,0,0.02602158828064765,0.03,0.0,-39.58222572424069,-26.08781337736527,13.494412346875425,0.01980743743479252,3423.779296875,1896.1296313550822,0.04562257115298591
/content/Quran_Audio_Data/Abdullah_Basfar_192kbps/059009.mp3,Quran_Audio_Data/Abdullah_Basfar_192kbps/059009.mp3,Abdullah_Basfar_192kbps,59,9,,,soundfile,40.720884353741496,38.94,44100,2,192.0,-21.95649851004746,-2.613517292048636,0.7401574850082397,-2.0913055323035223e-06,0.0,0.0,0,0.043243243243243246,0.28,0.0,-49.063278082112646,-27.231626536058016,21.83165154605463,0.11723796278238297,6761.42578125,3196.4571784948716,0.06438241608466362
/content/Quran_Audio_Data/Abu_Bakr_Ash-Shaatree_128kbps/059009.mp3,Quran_Audio_Data/Abu_Bakr_Ash-Shaatree_128kbps/059009.mp3,Abu_Bakr_Ash-Shaatree_128kbps,59,9,,,soundfile,37.187664399092974,37.13,11025,1,24.1,-12.739655500639566,1.3684122910626242,1.1706326007843018,-0.002733303466811776,0.0009731849734386357,0.0009585506129357991,3,0.003221476510067114,0.12,0.0,-23.38840545809502,-14.947246599528205,8.441158858566814,0.5202375650405884,3369.9462890625,1708.955709200972,0.16780172245630462
/content/Quran_Audio_Data/Hudhaify_128kbps/059009.mp3,Quran_Audio_Data/Hudhaify_128kbps/059009.mp3,Hudhaify_128kbps,59,9,,,soundfile,43.6724716553288,41.85,44100,2,128.0,-16.600999924097614,-1.7749455196713124,0.8151785135269165,4.7834455472184345e-06,0.0,0.0,0,0.041237113402061855,0.5700000000000001,0.0,-33.897943611034684,-19.459498149577257,14.438445461457427,0.013223985210061073,3552.978515625,1679.2243797261438,0.03311551472787081
/content/Quran_Audio_Data/Husary_128kbps/059009.mp3,Quran_Audio_Data/Husary_128kbps/059009.mp3,Husary_128kbps,59,9,,,soundfile,70.100589569161,63.39,44100,2,128.0,-20.00445796350644,-1.8579931079348297,0.8074215650558472,0.0006967477966099977,0.0,0.0,0,0.09222397250465417,0.15,1.32,-57.63340127346806,-23.903895361027086,33.72950591244097,0.004556169733405113,3229.98046875,1852.0214709633817,0.04966559591573874
/content/Quran_Audio_Data/Minshawy_Murattal_128kbps/059009.mp3,Quran_Audio_Data/Minshawy_Murattal_128kbps/059009.mp3,Minshawy_Murattal_128kbps,59,9,,,soundfile,45.70977324263038,44.03,44100,2,128.0,-20.67811971204241,-2.101437992773819,0.7851056456565857,9.332082117907703e-05,0.0,0.0,0,0.03633180126942438,0.06,0.0,-38.11864026256848,-24.687619985447153,13.43102027712133,0.013663986697793007,3488.37890625,1870.5265224504597,0.04903754781138903
/content/Quran_Audio_Data/Muhammad_Ayyoub_128kbps/059009.mp3,Quran_Audio_Data/Muhammad_Ayyoub_128kbps/059009.mp3,Muhammad_Ayyoub_128kbps,59,9,,,soundfile,50.019614512471655,49.370000000000005,44100,2,128.0,-17.426777573265607,-2.9878377748961276,0.7089377641677856,-0.000613219162914902,0.0,0.0,0,0.0126,0.05,0.0,-30.857431761577374,-20.11598200056986,10.741449761007512,0.021771565079689026,4629.638671875,2166.751698266229,0.03599921222296357
/content/Quran_Audio_Data/Yaser_Salamah_128kbps/059009.mp3,Quran_Audio_Data/Yaser_Salamah_128kbps/059009.mp3,Yaser_Salamah_128kbps,59,9,,,soundfile,40.68045351473923,40.26,44100,2,128.0,-17.442495615359775,-4.214258356401263,0.6155836582183838,-0.0008625947521068156,0.0,0.0,0,0.008374384236453201,0.33,0.01,-27.598038467558627,-19.30980952276441,8.288228944794216,0.0014825332909822464,2627.05078125,1311.357247677091,0.028643088873606743
/content/Quran_Audio_Data/aziz_alili_128kbps/059009.mp3,Quran_Audio_Data/aziz_alili_128kbps/059009.mp3,aziz_alili_128kbps,59,9,,,soundfile,40.82,40.67,44100,2,128.0,-12.646176675917737,-0.14600780020995735,0.9833307266235352,0.0002966951869893819,0.0,0.0,0,0.002697400686611084,0.04,0.0,-25.61890989087922,-16.04921546500864,9.56969442587058,0.02722439356148243,3488.37890625,1826.2954599623104,0.03213849128733997
/content/Quran_Audio_Data/Abdul_Basit_Murattal_192kbps/002167.mp3,Quran_Audio_Data/Abdul_Basit_Murattal_192kbps/002167.mp3,Abdul_Basit_Murattal_192kbps,2,167,,,soundfile,38.44848072562358,35.72,44100,2,192.0,-22.658577911833774,-4.383960942619715,0.6036732792854309,-2.8000851671095006e-05,0.0,0.0,0,0.07051782461618528,0.02,0.0,-49.60409016297908,-26.028546263010085,23.57554389996899,0.017232708632946014,3423.779296875,1783.8960807556207,0.0410324317821558
/content/Quran_Audio_Data/Abdullah_Basfar_192kbps/002167.mp3,Quran_Audio_Data/Abdullah_Basfar_192kbps/002167.mp3,Abdullah_Basfar_192kbps,2,167,,,soundfile,30.09013605442177,28.98,44100,2,192.1,-19.335955664892897,0.058940720985571946,1.006808876991272,8.302505989377096e-07,8.289530699523352e-06,6.782343299610015e-06,3,0.036248752909876954,0.71,0.0,-45.71910878602609,-26.07756210928453,19.641546676741562,0.0616641566157341,4974.169921875,2756.5647825601977,0.060154102466724535
/content/Quran_Audio_Data/Abu_Bakr_Ash-Shaatree_128kbps/002167.mp3,Quran_Audio_Data/Abu_Bakr_Ash-Shaatree_128kbps/002167.mp3,Abu_Bakr_Ash-Shaatree_128kbps,2,167,,,soundfile,26.746757369614514,26.69,44100,2,128.1,-21.433950885339552,-3.3823931404729253,0.6774548292160034,-5.075489389128052e-05,0.0,0.0,0,0.0014964459408903852,0.04,0.0,-35.79087011202497,-24.568305261439537,11.222564850585432,0.027262860909104347,4328.173828125,2191.1250938201565,0.039909574720594615
/content/Quran_Audio_Data/Hudhaify_128kbps/002167.mp3,Quran_Audio_Data/Hudhaify_128kbps/002167.mp3,Hudhaify_128kbps,2,167,,,soundfile,25.939909297052154,24.95,22050,1,24.2,-15.670893796846897,-1.333138580459106,0.8577151298522949,0.0029800364281982183,0.0,0.0,0,0.03964588144726713,0.04,0.51,-41.038998998701935,-18.83638476597779,22.202614232724144,0.0046213967725634575,2713.18359375,1326.4124738565147,0.04802407689512522
/content/Quran_Audio_Data/Husary_128kbps/002167.mp3,Quran_Audio_Data/Husary_128kbps/002167.mp3,Husary_128kbps,2,167,,,soundfile,42.392607709750564,38.65,44100,2,128.0,-21.541251205725366,-2.073856481920343,0.7876026630401611,0.0004916341276839375,0.0,0.0,0,0.08779797026197782,0.52,1.67,-57.58755182102402,-25.588827222684255,31.998724598339766,0.009284145198762417,3294.580078125,1999.1927754388485,0.0555018814605011
/content/Quran_Audio_Data/Minshawy_Murattal_128kbps/002167.mp3,Quran_Audio_Data/Minshawy_Murattal_128kbps/002167.mp3,Minshawy_Murattal_128kbps,2,167,,,soundfile,28.705736961451247,28.490000000000002,44100,2,128.0,-20.390880865844807,-3.0224896963811254,0.7061151266098022,0.000177964277099818,0.0,0.0,0,0.006971070059254096,0.06,0.0,-38.09900827956102,-26.376413500022466,11.722594779538554,0.010130873881280422,2325.5859375,1473.1178497110675,0.04683926247219976
/content/Quran_Audio_Data/Muhammad_Ayyoub_128kbps/002167.mp3,Quran_Audio_Data/Muhammad_Ayyoub_128kbps/002167.mp3,Muhammad_Ayyoub_128kbps,2,167,,,soundfile,26.146009070294784,25.78,44100,2,128.1,-14.508016537140445,-0.6502302226485446,0.927872896194458,-0.0004926637629978359,0.0,0.0,0,0.013394565633371604,0.05,0.0,-25.841651002682895,-16.752096592445145,9.08955441023775,0.019703419879078865,3789.84375,1789.4200618441635,0.03145762247558811
/content/Quran_Audio_Data/Yaser_Salamah_128kbps/002167.mp3,Quran_Audio_Data/Yaser_Salamah_128kbps/002167.mp3,Yaser_Salamah_128kbps,2,167,,,soundfile,27.15034013605442,26.830000000000002,44100,2,128.1,-14.581932077232507,0.12992156230097726,1.0150701999664307,8.772222827246878e-06,3.3483338690667523e-06,3.3483338690667523e-06,2,0.008865903213889916,0.23,0.01,-28.486926771151335,-17.688478960454905,10.79844781069643,0.010983338579535484,4500.439453125,2336.3276140072985,0.039972117341473865
/content/Quran_Audio_Data/aziz_alili_128kbps/002167.mp3,Quran_Audio_Data/aziz_alili_128kbps/002167.mp3,aziz_alili_128kbps,2,167,,,soundfile,25.077551020408162,24.91,44100,2,128.1,-12.872196421321348,0.02807915173204738,1.0032379627227783,0.0002377728815190494,9.080079033007903e-07,9.080079033007903e-07,1,0.0016032064128256513,0.04,0.0,-23.45998092408645,-15.968074553396066,7.491906370690385,0.030138064175844193,3746.77734375,1977.482701908764,0.032837594751974904
/content/Quran_Audio_Data/Abdul_Basit_Murattal_192kbps/002122.mp3,Quran_Audio_Data/Abdul_Basit_Murattal_192kbps/002122.mp3,Abdul_Basit_Murattal_192kbps,2,122,,,soundfile,23.62390022675737,21.53,44100,2,191.8,-22.019905009276364,-3.6388425466211,0.6577454805374146,-2.8185841074446216e-05,0.0,0.0,0,0.08655070004242682,0.02,0.02,-58.31687946347073,-26.75450746174594,31.562372001724786,0.016657881438732147,3057.71484375,1659.5459892269214,0.04221758504552165
/content/Quran_Audio_Data/Abdullah_Basfar_192kbps/002122.mp3,Quran_Audio_Data/Abdullah_Basfar_192kbps/002122.mp3,Abdullah_Basfar_192kbps,2,122,,,soundfile,17.00403628117914,16.62,44100,2,192.1,-20.46497070955853,-0.9387290444381695,0.8975601196289062,9.931093245540978e-07,0.0,0.0,0,0.02120141342756184,0.03,0.0,-36.23145625358418,-25.86434781411522,10.367108439468957,0.043029479682445526,5232.568359375,2827.3928172541637,0.06827805034129693
/content/Quran_Audio_Data/Abu_Bakr_Ash-Shaatree_128kbps/002122.mp3,Quran_Audio_Data/Abu_Bakr_Ash-Shaatree_128kbps/002122.mp3,Abu_Bakr_Ash-Shaatree_128kbps,2,122,,,soundfile,16.507755102040818,16.45,44100,2,128.1,-25.15696308780537,-8.692433049729537,0.3676024079322815,-3.275224662502296e-05,0.0,0.0,0,0.002425712553062462,0.04,0.0,-35.8122463314464,-27.189291449642347,8.622954881804056,0.029948076233267784,4371.240234375,2274.6861093322545,0.04447823268284107
/content/Quran_Audio_Data/Hudhaify_128kbps/002122.mp3,Quran_Audio_Data/Hudhaify_128kbps/002122.mp3,Hudhaify_128kbps,2,122,,,soundfile,16.84734693877551,16.72,44100,2,128.1,-19.032277357726347,-0.858211915014484,0.905919075012207,2.1058340280433185e-06,0.0,0.0,0,0.006535947712418301,0.04,0.06,-29.498360291543474,-21.33178372554212,8.166576566001353,0.008818318136036396,5340.234375,2370.851125878011,0.04785055365444215
/content/Quran_Audio_Data/Husary_128kbps/002122.mp3,Quran_Audio_Data/Husary_128kbps/002122.mp3,Husary_128kbps,2,122,,,soundfile,26.067641723356008,24.48,44100,2,128.1,-20.03678822322492,-2.429669069853656,0.7559908628463745,0.0004918127087876201,0.0,0.0,0,0.06026871401151632,1.35,0.22,-39.81882531146238,-23.929479744774444,15.88934556668794,0.00648184958845377,3380.712890625,2047.956556129319,0.06470487463824577
/content/Quran_Audio_Data/Minshawy_Murattal_128kbps/002122.mp3,Quran_Audio_Data/Minshawy_Murattal_128kbps/002122.mp3,Minshawy_Murattal_128kbps,2,122,,,soundfile,16.455510204081634,15.11,44100,2,128.1,-17.94508246696903,-2.7058455300851363,0.7323315143585205,-1.9354802134330384e-05,0.0,0.0,0,0.08090024330900243,1.33,0.0,-50.834245742480256,-21.862543500446574,28.971702242033682,0.01596430130302906,2304.052734375,1463.4000029074205,0.052671704204866006
/content/Quran_Audio_Data/Muhammad_Ayyoub_128kbps/002122.mp3,Quran_Audio_Data/Muhammad_Ayyoub_128kbps/002122.mp3,Muhammad_Ayyoub_128kbps,2,122,,,soundfile,18.25777777777778,18.05,44100,2,128.1,-14.420490314035302,-1.4747689709508225,0.8438428044319153,2.3038719518808648e-05,0.0,0.0,0,0.010416666666666666,0.19,0.0,-24.659454490441455,-16.31170412645391,8.347750363987544,0.023562198504805565,4198.974609375,1997.8562063123027,0.031489018793706296
/content/Quran_Audio_Data/Yaser_Salamah_128kbps/002122.mp3,Quran_Audio_Data/Yaser_Salamah_128kbps/002122.mp3,Yaser_Salamah_128kbps,2,122,,,soundfile,12.52,12.16,48000,2,128.1,-19.071982845486104,-3.9531264690504346,0.6343715190887451,-4.593018275045324e-06,0.0,0.0,0,0.022508038585209004,0.27,0.01,-32.357320708167336,-21.510733835363485,10.84658687280385,0.006515015847980976,3398.4375,1815.8785090359443,0.028871719151327056
/content/Quran_Audio_Data/aziz_alili_128kbps/002122.mp3,Quran_Audio_Data/aziz_alili_128kbps/002122.mp3,aziz_alili_128kbps,2,122,,,soundfile,16.118412698412698,15.92,44100,2,128.1,-14.442258402771134,-0.25515407121816375,0.9710515737533569,0.00013117739581502974,0.0,0.0,0,0.0031308703819661866,0.05,0.0,-25.428015776135283,-17.2900562592243,8.137959516910982,0.03189702704548836,3983.642578125,2223.0127408441404,0.037650452988933235
/content/Quran_Audio_Data/Abdul_Basit_Murattal_192kbps/002066.mp3,Quran_Audio_Data/Abdul_Basit_Murattal_192kbps/002066.mp3,Abdul_Basit_Murattal_192kbps,2,66,,,soundfile,16.11596371882086,13.97,44100,2,192.1,-23.005872168015138,-5.934877876850254,0.504958987236023,-2.318209590157494e-05,0.0,0.0,0,0.13229813664596274,0.04,0.0,-72.79108315837642,-27.17454606586616,45.616537092510264,0.014525902457535267,3251.513671875,1757.4284450536018,0.039722330026097916
/content/Quran_Audio_Data/Abdullah_Basfar_192kbps/002066.mp3,Quran_Audio_Data/Abdullah_Basfar_192kbps/002066.mp3,Abdullah_Basfar_192kbps,2,66,,,soundfile,12.093514739229025,11.68,44100,2,192.1,-20.063955528734066,-0.10577943164879494,0.9878955483436584,3.288392008471419e-06,0.0,0.0,0,0.03231151615575808,0.22,0.17,-45.82297294922407,-25.41791508062927,20.405057868594795,0.04128048196434975,4629.638671875,2849.272390691805,0.07093808106405951
/content/Quran_Audio_Data/Abu_Bakr_Ash-Shaatree_128kbps/002066.mp3,Quran_Audio_Data/Abu_Bakr_Ash-Shaatree_128kbps/002066.mp3,Abu_Bakr_Ash-Shaatree_128kbps,2,66,,,soundfile,11.179274376417233,11.120000000000001,44100,2,128.1,-23.026562312111732,-4.386783812827733,0.6034771203994751,-3.276993811596185e-05,0.0,0.0,0,0.0035842293906810036,0.04,0.0,-33.65322013866856,-25.460077365966463,8.193142772702096,0.02601924166083336,4306.640625,2206.13152356178,0.04261584890965732
/content/Quran_Audio_Data/Hudhaify_128kbps/002066.mp3,Quran_Audio_Data/Hudhaify_128kbps/002066.mp3,Hudhaify_128kbps,2,66,,,soundfile,11.048730158730159,10.1,44100,2,128.1,-20.4306256224119,-3.343619611822875,0.680485725402832,-3.656131411844399e-06,0.0,0.0,0,0.0843155031731641,0.67,0.13,-51.123224384842764,-23.515280960618266,27.607943424224498,0.0160035640001297,3660.64453125,1816.2426389704299,0.03706526555934874
/content/Quran_Audio_Data/Husary_128kbps/002066.mp3,Quran_Audio_Data/Husary_128kbps/002066.mp3,Husary_128kbps,2,66,,,soundfile,18.827210884353743,18.45,44100,2,128.1,-19.825818755965233,-2.9251571535891285,0.7140722274780273,0.0010179310338571668,0.0,0.0,0,0.005390835579514825,0.06,0.0,-49.60952376428778,-25.858078970594466,23.751444793693313,0.006478796247392893,3359.1796875,2069.9859325065972,0.065941162109375
/content/Quran_Audio_Data/Minshawy_Murattal_128kbps/002066.mp3,Quran_Audio_Data/Minshawy_Murattal_128kbps/002066.mp3,Minshawy_Murattal_128kbps,2,66,,,soundfile,11.910702947845804,10.61,44100,2,128.1,-16.40656873505529,-1.0051804750375914,0.8907195329666138,-2.6828849513549358e-05,0.0,0.0,0,0.10765349032800672,1.08,0.06,-56.69970635280024,-20.718735845963394,35.98097050683685,0.014312880113720894,2497.8515625,1496.7489183218372,0.04171187789351852
/content/Quran_Audio_Data/Muhammad_Ayyoub_128kbps/002066.mp3,Quran_Audio_Data/Muhammad_Ayyoub_128kbps/002066.mp3,Muhammad_Ayyoub_128kbps,2,66,,,soundfile,12.6681179138322,12.18,44100,2,128.1,-16.34594695380151,-2.5769643683374217,0.7432788610458374,0.0005130106001161039,0.0,0.0,0,0.03715415019762846,0.1,0.0,-32.74018423618675,-18.617135809855395,14.123048426331355,0.01969209872186184,3789.84375,1806.32279322899,0.02771935096153846
/content/Quran_Audio_Data/Yaser_Salamah_128kbps/002066.mp3,Quran_Audio_Data/Yaser_Salamah_128kbps/002066.mp3,Yaser_Salamah_128kbps,2,66,,,soundfile,9.904,9.81,48000,2,128.1,-17.48049755420849,-2.3451852287165202,0.7633799314498901,-2.642778963490855e-05,0.0,0.0,0,0.0010183299389002036,0.01,0.0,-33.70641019875831,-20.474326206276547,13.232083992481765,0.006980783771723509,4031.25,2187.969503386526,0.03583444779252438
/content/Quran_Audio_Data/aziz_alili_128kbps/002066.mp3,Quran_Audio_Data/aziz_alili_128kbps/002066.mp3,aziz_alili_128kbps,2,66,,,soundfile,12.790748299319727,12.68,44100,2,128.1,-13.25471933078715,-0.19118521775657726,0.9782294631004333,0.0001881174393929541,0.0,0.0,0,0.003927729772191673,0.05,0.0,-24.16254698587833,-16.114384186985248,8.048162798893081,0.02806537225842476,3832.91015625,2032.9096590375543,0.0333279721621929
/content/Quran_Audio_Data/Abdul_Basit_Murattal_192kbps/002012.mp3,Quran_Audio_Data/Abdul_Basit_Murattal_192kbps/002012.mp3,Abdul_Basit_Murattal_192kbps,2,12,,,soundfile,9.768820861678005,8.99,44100,2,192.1,-20.168639515276716,-4.132136814474384,0.6214313507080078,-2.4080554794636555e-05,0.0,0.0,0,0.07794871794871795,0.76,0.0,-51.60317399470081,-24.751966272066195,26.851207722634616,0.014621896669268608,3014.6484375,1580.5598789921073,0.03434554075118765
/content/Quran_Audio_Data/Abdullah_Basfar_192kbps/002012.mp3,Quran_Audio_Data/Abdullah_Basfar_192kbps/002012.mp3,Abdullah_Basfar_192kbps,2,12,,,soundfile,9.716575963718821,9.18,44100,2,192.1,-18.325108192023627,-0.5235609948420856,0.9415035247802734,4.050333245686488e-06,0.0,0.0,0,0.05360824742268041,0.08,0.42,-36.01377066705056,-23.869596928516668,12.14417373853389,0.0555456206202507,4931.103515625,2856.1512310097833,0.05832189926821983
/content/Quran_Audio_Data/Abu_Bakr_Ash-Shaatree_128kbps/002012.mp3,Quran_Audio_Data/Abu_Bakr_Ash-Shaatree_128kbps/002012.mp3,Abu_Bakr_Ash-Shaatree_128kbps,2,12,,,soundfile,10.18673469387755,10.120000000000001,44100,2,128.1,-20.480198857326638,-6.277520501056182,0.48542705178260803,-6.056810889276676e-05,0.0,0.0,0,0.004916420845624385,0.05,0.0,-37.14912741276283,-23.699819143386108,13.449308269376722,0.026625998318195343,4198.974609375,1931.3169311515248,0.031985202519931664
/content/Quran_Audio_Data/Hudhaify_128kbps/002012.mp3,Quran_Audio_Data/Hudhaify_128kbps/002012.mp3,Hudhaify_128kbps,2,12,,,soundfile,10.761383219954649,10.15,44100,2,128.1,-19.35628105045343,-2.881985051004752,0.7176302671432495,2.0037116428284207e-06,0.0,0.0,0,0.05493482309124767,0.05,0.0,-40.99670635521242,-22.001417939326604,18.995288415885813,0.011439681984484196,2950.048828125,1629.4234780576448,0.03484495095064725
/content/Quran_Audio_Data/Husary_128kbps/002012.mp3,Quran_Audio_Data/Husary_128kbps/002012.mp3,Husary_128kbps,2,12,,,soundfile,13.65546485260771,13.17,44100,2,128.1,-21.08988080176089,-2.4860233496832502,0.7511018514633179,0.0009203478693962097,0.0,0.0,0,0.01569506726457399,0.06,0.0,-54.16848623273469,-27.08214534600222,27.086340886732472,0.00627425592392683,3423.779296875,1851.231247324163,0.04295310808982684
/content/Quran_Audio_Data/Minshawy_Murattal_128kbps/002012.mp3,Quran_Audio_Data/Minshawy_Murattal_128kbps/002012.mp3,Minshawy_Murattal_128kbps,2,12,,,soundfile,9.951632653061225,9.05,44100,2,128.1,-16.760434103453335,-2.287028583412541,0.7685083150863647,-1.8704004105529748e-05,0.0,0.0,0,0.08862034239677745,0.84,0.01,-55.01795183764589,-20.882880933420108,34.135070904225785,0.015370448119938374,2648.583984375,1588.841233495607,0.04643622978583916
/content/Quran_Audio_Data/Muhammad_Ayyoub_128kbps/002012.mp3,Quran_Audio_Data/Muhammad_Ayyoub_128kbps/002012.mp3,Muhammad_Ayyoub_128kbps,2,12,,,soundfile,11.884580498866214,11.82,44100,2,128.1,-14.715707021142778,-2.1946037327410144,0.7767295241355896,0.0020244731567800045,0.0,0.0,0,0.003372681281618887,0.04,0.0,-29.065996588147197,-17.58177118294378,11.484225405203418,0.022363806143403053,4069.775390625,1904.4514454806126,0.031208515167236328
/content/Quran_Audio_Data/Yaser_Salamah_128kbps/002012.mp3,Quran_Audio_Data/Yaser_Salamah_128kbps/002012.mp3,Yaser_Salamah_128kbps,2,12,,,soundfile,7.648,7.3500000000000005,48000,2,128.1,-18.271166698713,-3.7887072092608456,0.6464942097663879,3.6692505091195926e-05,0.0,0.0,0,0.027777777777777776,0.21,0.0,-30.87771402932205,-20.478652103725004,10.399061925597046,0.0069936541840434074,4218.75,2141.178552270944,0.02845678436622191
/content/Quran_Audio_Data/aziz_alili_128kbps/002012.mp3,Quran_Audio_Data/aziz_alili_128kbps/002012.mp3,aziz_alili_128kbps,2,12,,,soundfile,11.638843537414965,11.51,44100,2,128.1,-11.823997751582835,-0.21464797570131128,0.9755905866622925,0.0005539255798794329,0.0,0.0,0,0.007758620689655172,0.05,0.0,-24.33464085596502,-15.652231397913342,8.682409458051678,0.029992809519171715,3897.509765625,2050.429406105331,0.03711765921282435
/content/Quran_Audio_Data/Abdul_Basit_Murattal_192kbps/030056.mp3,Quran_Audio_Data/Abdul_Basit_Murattal_192kbps/030056.mp3,Abdul_Basit_Murattal_192kbps,30,56,,,soundfile,19.22424036281179,18.7,44100,2,192.1,-18.877447422419227,-6.141799949435138,0.49307161569595337,-1.5096780771273188e-05,0.0,0.0,0,0.026041666666666668,0.01,0.0,-38.64304530948327,-23.0040170805463,15.639028228936969,0.02782023511826992,3100.78125,1902.1716480679663,0.04512503066500604
/content/Quran_Audio_Data/Abdullah_Basfar_192kbps/030056.mp3,Quran_Audio_Data/Abdullah_Basfar_192kbps/030056.mp3,Abdullah_Basfar_192kbps,30,56,,,soundfile,21.313832199546486,20.330000000000002,44100,2,192.1,-20.435996880395166,-0.1677313028594132,0.9808744788169861,-3.6541356962516147e-07,0.0,0.0,0,0.04509159229685298,0.06,0.0,-46.83733408229572,-26.98719369363279,19.85014038866293,0.06143556162714958,4478.90625,2608.505909686948,0.057036888105936816
/content/Quran_Audio_Data/Abu_Bakr_Ash-Shaatree_128kbps/030056.mp3,Quran_Audio_Data/Abu_Bakr_Ash-Shaatree_128kbps/030056.mp3,Abu_Bakr_Ash-Shaatree_128kbps,30,56,,,soundfile,17.735374149659865,17.68,44100,2,128.1,-21.011696795580725,-3.166061902159401,0.6945394277572632,-4.63208561995998e-05,0.0,0.0,0,0.002257336343115124,0.04,0.0,-33.265094379812126,-23.580604916645083,9.684489463167044,0.023254431784152985,4155.908203125,2252.6564080383155,0.04857599548020288
/content/Quran_Audio_Data/Hudhaify_128kbps/030056.mp3,Quran_Audio_Data/Hudhaify_128kbps/030056.mp3,Hudhaify_128kbps,30,56,,,soundfile,23.638503401360545,22.1,44100,2,128.1,-17.94722528556575,-1.2597388041433408,0.8649939298629761,-6.598293680326606e-07,0.0,0.0,0,0.06435224386113463,0.52,0.18,-45.880759897994814,-21.698159664325285,24.18260023366953,0.006381517741829157,3983.642578125,2057.113875797683,0.04848007179675994
/content/Quran_Audio_Data/Husary_128kbps/030056.mp3,Quran_Audio_Data/Husary_128kbps/030056.mp3,Husary_128kbps,30,56,,,soundfile,34.60802721088435,31.93,44100,2,127.7,-21.575680575632937,-2.990356127366684,0.7087322473526001,0.0007255587261170149,0.0,0.0,0,0.06773722627737226,0.86,0.22,-54.923033009007135,-26.13288742234423,28.790145586662906,0.004238815978169441,3402.24609375,1827.5509611909777,0.04115865354089062
/content/Quran_Audio_Data/Minshawy_Murattal_128kbps/030056.mp3,Quran_Audio_Data/Minshawy_Murattal_128kbps/030056.mp3,Minshawy_Murattal_128kbps,30,56,,,soundfile,20.269002267573697,20.17,44100,2,128.1,-18.613309436097847,-2.703864184412517,0.7324985861778259,0.0002453620545566082,0.0,0.0,0,0.003950617283950617,0.05,0.0,-33.75287456761897,-23.159234134169974,10.593640433448993,0.023602493107318878,3789.84375,2425.2943662083667,0.07976351079252578
/content/Quran_Audio_Data/Muhammad_Ayyoub_128kbps/030056.mp3,Quran_Audio_Data/Muhammad_Ayyoub_128kbps/030056.mp3,Muhammad_Ayyoub_128kbps,30,56,,,soundfile,25.649727891156463,24.6,44100,2,128.1,-14.773996757782896,-0.7616100421020677,0.9160506725311279,-0.0006178942858241498,0.0,0.0,0,0.04018728053062817,0.04,0.0,-34.72346515505617,-17.7594075930378,16.96405756201837,0.018298517912626266,3165.380859375,1731.351542591781,0.031963199943438915
/content/Quran_Audio_Data/Yaser_Salamah_128kbps/030056.mp3,Quran_Audio_Data/Yaser_Salamah_128kbps/030056.mp3,Yaser_Salamah_128kbps,30,56,,,soundfile,20.30687074829932,19.73,44100,2,128.1,-16.52146706344314,-4.606318740938679,0.5884154438972473,-0.0011283442145213485,0.0,0.0,0,0.02423343224530168,0.49,0.0,-31.962700133337833,-18.858868907154847,13.103831226182987,0.0014475570060312748,2627.05078125,1376.2976059811833,0.033070695509604356
/content/Quran_Audio_Data/aziz_alili_128kbps/030056.mp3,Quran_Audio_Data/aziz_alili_128kbps/030056.mp3,aziz_alili_128kbps,30,56,,,soundfile,21.36589569160998,20.91,44100,2,128.1,-14.244080792642242,-0.06759067127366793,0.99224853515625,0.00015026843175292015,0.0,0.0,0,0.014608859566446749,0.07,0.0,-29.206545434433924,-18.40676798288344,10.799777451550483,0.030292415991425514,3919.04296875,2179.4026415287854,0.03620965676229508
/content/Quran_Audio_Data/Abdul_Basit_Murattal_192kbps/028022.mp3,Quran_Audio_Data/Abdul_Basit_Murattal_192kbps/028022.mp3,Abdul_Basit_Murattal_192kbps,28,22,,,soundfile,19.067505668934242,17.900000000000002,44100,2,192.1,-22.196776817289216,-6.761215184077189,0.4591337740421295,-5.645611054205801e-06,0.0,0.0,0,0.06036745406824147,1.1500000000000001,0.0,-47.507247374585475,-26.212061791383434,21.29518558320204,0.021208439022302628,3725.244140625,2231.3285817068972,0.0656490128575776
/content/Quran_Audio_Data/Abdullah_Basfar_192kbps/028022.mp3,Quran_Audio_Data/Abdullah_Basfar_192kbps/028022.mp3,Abdullah_Basfar_192kbps,28,22,,,soundfile,15.201746031746032,14.99,44100,2,192.1,-20.143402959807357,-1.7285069357890652,0.819548487663269,-3.683250724861864e-06,0.0,0.0,0,0.012516469038208168,0.02,0.0,-35.44457198177229,-24.927102458283276,10.517469523489016,0.055607542395591736,6158.49609375,3138.6262094910758,0.06899339515744275
/content/Quran_Audio_Data/Abu_Bakr_Ash-Shaatree_128kbps/028022.mp3,Quran_Audio_Data/Abu_Bakr_Ash-Shaatree_128kbps/028022.mp3,Abu_Bakr_Ash-Shaatree_128kbps,28,22,,,soundfile,15.541292517006802,15.48,44100,2,128.1,-21.691767022243482,-6.614493741645764,0.466955304145813,-3.496127828839235e-05,0.0,0.0,0,0.002577319587628866,0.04,0.0,-37.77380016537252,-24.923287818129335,12.850512347243185,0.02440873719751835,4220.5078125,2329.3559137799134,0.05526038263162808
/content/Quran_Audio_Data/Hudhaify_128kbps/028022.mp3,Quran_Audio_Data/Hudhaify_128kbps/028022.mp3,Hudhaify_128kbps,28,22,,,soundfile,17.108503401360544,16.75,44100,2,128.1,-18.035388171579562,-2.3486440263368222,0.7630760073661804,1.9005477724931552e-06,0.0,0.0,0,0.01989467524868344,0.05,0.0,-34.264246102150274,-21.31471804723345,12.949528054916826,0.005188262090086937,4026.708984375,1963.9415802891058,0.04523359321997965
/content/Quran_Audio_Data/Husary_128kbps/028022.mp3,Quran_Audio_Data/Husary_128kbps/028022.mp3,Husary_128kbps,28,22,,,soundfile,27.708027210884353,24.44,44100,2,128.0,-22.79096094934217,-4.501012135593906,0.595592737197876,0.00041166102164424956,0.0,0.0,0,0.10900473933649289,0.53,2.43,-65.43380019382043,-26.866220585206346,38.56757960861408,0.005218051373958588,3552.978515625,2137.213126264634,0.05760128997093023
/content/Quran_Audio_Data/Minshawy_Murattal_128kbps/028022.mp3,Quran_Audio_Data/Minshawy_Murattal_128kbps/028022.mp3,Minshawy_Murattal_128kbps,28,22,,,soundfile,14.966643990929706,14.91,44100,2,128.1,-18.50246761963809,-2.976051107814561,0.709900438785553,0.0003711590252351016,0.0,0.0,0,0.0026755852842809363,0.04,0.0,-30.865004761085665,-21.207124931676947,9.657879829408717,0.0184099692851305,3423.779296875,1849.1122782232374,0.041730256782945736
/content/Quran_Audio_Data/Muhammad_Ayyoub_128kbps/028022.mp3,Quran_Audio_Data/Muhammad_Ayyoub_128kbps/028022.mp3,Muhammad_Ayyoub_128kbps,28,22,,,soundfile,18.12721088435374,17.96,44100,2,128.1,-15.308199628767067,-2.3650770259473584,0.7616336941719055,-0.0008497039088979363,0.0,0.0,0,0.008282716731087797,0.06,0.0,-27.842143885971065,-17.579511422273892,10.262632463697173,0.019451145082712173,3768.310546875,1817.7454461464424,0.03288145956706146
/content/Quran_Audio_Data/Yaser_Salamah_128kbps/028022.mp3,Quran_Audio_Data/Yaser_Salamah_128kbps/028022.mp3,Yaser_Salamah_128kbps,28,22,,,soundfile,14.586621315192744,13.83,44100,2,128.1,-16.919313687184218,-4.2162114289242805,0.6154452562332153,-0.0014911657199263573,0.0,0.0,0,0.046206896551724136,0.67,0.0,-28.992183656579083,-18.264268244019977,10.727915412559106,0.0017073990311473608,2906.982421875,1443.5742697610935,0.03485789923622205
/content/Quran_Audio_Data/aziz_alili_128kbps/028022.mp3,Quran_Audio_Data/aziz_alili_128kbps/028022.mp3,aziz_alili_128kbps,28,22,,,soundfile,13.942630385487528,13.66,44100,2,128.1,-13.388872869576971,-0.21328743726093888,0.9757434129714966,0.00011230105883441865,0.0,0.0,0,0.011577424023154847,0.05,0.0,-24.51384580165075,-17.101270814029252,7.412574987621497,0.0346556194126606,4177.44140625,2351.2082307145424,0.044103707172045266
/content/Quran_Audio_Data/Abdul_Basit_Murattal_192kbps/012060.mp3,Quran_Audio_Data/Abdul_Basit_Murattal_192kbps/012060.mp3,Abdul_Basit_Murattal_192kbps,12,60,,,soundfile,9.272585034013606,8.55,44100,2,192.1,-20.637225824153447,-3.160283139854298,0.6950016617774963,-1.829032407840714e-05,0.0,0.0,0,0.07567567567567568,0.04,0.0,-54.449520882623496,-25.132455470045542,29.317065412577954,0.02038550190627575,3617.578125,2113.518179119003,0.041857130984042555
/content/Quran_Audio_Data/Abdullah_Basfar_192kbps/012060.mp3,Quran_Audio_Data/Abdullah_Basfar_192kbps/012060.mp3,Abdullah_Basfar_192kbps,12,60,,,soundfile,10.082290249433106,9.71,44100,2,192.1,-23.306105776971926,-3.0066158964699925,0.707406759262085,1.54095698690071e-06,0.0,0.0,0,0.03479125248508946,0.34,0.0,-41.89406210076991,-28.67425084058847,13.219811260181437,0.0699102059006691,4672.705078125,2909.9303564491265,0.061721784198791714
/content/Quran_Audio_Data/Abu_Bakr_Ash-Shaatree_128kbps/012060.mp3,Quran_Audio_Data/Abu_Bakr_Ash-Shaatree_128kbps/012060.mp3,Abu_Bakr_Ash-Shaatree_128kbps,12,60,,,soundfile,7.966575963718821,7.91,44100,2,128.1,-21.73300108584931,-4.866826620374414,0.5710296630859375,-6.231750739971176e-05,0.0,0.0,0,0.005031446540880503,0.04,0.0,-32.70797768414696,-23.96923180827711,8.73874587586985,0.020311938598752022,3359.1796875,1961.6846589925358,0.040956633233260556
/content/Quran_Audio_Data/Hudhaify_128kbps/012060.mp3,Quran_Audio_Data/Hudhaify_128kbps/012060.mp3,Hudhaify_128kbps,12,60,,,soundfile,9.03748299319728,8.46,44100,2,128.1,-17.672118485823898,-2.1365633663354204,0.7819371223449707,9.837018524194718e-07,0.0,0.0,0,0.06208425720620843,0.42,0.14,-51.98622112353371,-22.13704833758855,29.84917278594516,0.012560580857098103,3079.248046875,1629.8863350337906,0.03133775272785622
/content/Quran_Audio_Data/Husary_128kbps/012060.mp3,Quran_Audio_Data/Husary_128kbps/012060.mp3,Husary_128kbps,12,60,,,soundfile,16.92045351473923,11.39,44100,2,128.1,-20.546801164979207,-0.8725898040100217,0.9044207334518433,0.00036159768933430314,0.0,0.0,0,0.3159159159159159,1.97,3.16,-67.8946974433617,-24.003926290142104,43.89077115321959,0.00900430791079998,2820.849609375,1376.2718109431169,0.01594632714571727
/content/Quran_Audio_Data/Minshawy_Murattal_128kbps/012060.mp3,Quran_Audio_Data/Minshawy_Murattal_128kbps/012060.mp3,Minshawy_Murattal_128kbps,12,60,,,soundfile,11.806145124716553,10.89,44100,2,128.1,-17.862804630211436,-2.124721204403581,0.7830039262771606,0.0002001279208343476,0.0,0.0,0,0.07633587786259542,0.07,0.1,-50.420494361665696,-22.229964937207697,28.190529424458,0.007772982586175203,3273.046875,1700.4942948469582,0.043784472560226155
/content/Quran_Audio_Data/Muhammad_Ayyoub_128kbps/012060.mp3,Quran_Audio_Data/Muhammad_Ayyoub_128kbps/012060.mp3,Muhammad_Ayyoub_128kbps,12,60,,,soundfile,11.257709750566894,11.19,44100,2,128.1,-16.71141109182731,-0.9032931600487236,0.9012293815612793,-0.0012453662930056453,0.0,0.0,0,0.004448398576512456,0.05,0.0,-30.545183921058268,-19.875415960063407,10.66976796099486,0.020629821345210075,4285.107421875,2061.758704292151,0.03541347857603093
/content/Quran_Audio_Data/Yaser_Salamah_128kbps/012060.mp3,Quran_Audio_Data/Yaser_Salamah_128kbps/012060.mp3,Yaser_Salamah_128kbps,12,60,,,soundfile,8.970861678004535,8.5,44100,2,128.1,-18.55513731400648,-5.196703240336188,0.549749493598938,-0.0015870265197008848,0.0,0.0,0,0.043869516310461196,0.35000000000000003,0.01,-45.39192561296435,-22.32759794190299,23.06432767106136,0.0013762577436864376,2627.05078125,1339.4920156207386,0.026101430257161457
/content/Quran_Audio_Data/aziz_alili_128kbps/012060.mp3,Quran_Audio_Data/aziz_alili_128kbps/012060.mp3,aziz_alili_128kbps,12,60,,,soundfile,7.927210884353742,7.73,44100,2,128.1,-15.592038842336242,-0.31632438078297687,0.9642369747161865,8.964375592768192e-05,0.0,0.0,0,0.007702182284980745,0.06,0.0,-26.71792876487566,-18.517211248463315,8.200717516412343,0.025716103613376617,3337.646484375,1798.8335484729178,0.026765503111069837
/content/Quran_Audio_Data/Abdul_Basit_Murattal_192kbps/072028.mp3,Quran_Audio_Data/Abdul_Basit_Murattal_192kbps/072028.mp3,Abdul_Basit_Murattal_192kbps,72,28,,,soundfile,16.821224489795917,16.67,44100,2,192.1,-20.449934513533947,-4.309868588664339,0.6088447570800781,-4.5012548071099445e-06,0.0,0.0,0,0.007738095238095238,0.02,0.0,-35.400644661656095,-24.75905977156311,10.641584890092986,0.030756128951907158,6287.6953125,3158.0559081215015,0.08222804520358869
/content/Quran_Audio_Data/Abdullah_Basfar_192kbps/072028.mp3,Quran_Audio_Data/Abdullah_Basfar_192kbps/072028.mp3,Abdullah_Basfar_192kbps,72,28,,,soundfile,13.216666666666667,12.99,44100,2,192.1,-22.476841188472978,-3.456381264706648,0.6717086434364319,1.4669012671220116e-06,0.0,0.0,0,0.015909090909090907,0.03,0.0,-38.38143595355266,-27.000444252281145,11.380991701271515,0.056297656148672104,4844.970703125,2827.7088377992714,0.06287124807945567
/content/Quran_Audio_Data/Abu_Bakr_Ash-Shaatree_128kbps/072028.mp3,Quran_Audio_Data/Abu_Bakr_Ash-Shaatree_128kbps/072028.mp3,Abu_Bakr_Ash-Shaatree_128kbps,72,28,,,soundfile,13.71297052154195,13.47,44100,2,128.1,-19.293642722948213,-1.6225910548304614,0.8296032547950745,2.2719889329891885e-06,0.0,0.0,0,0.016070124178232285,0.04,0.18,-30.439193927126627,-21.450829641037277,8.98836428608935,0.018496613949537277,4048.2421875,2149.170734476478,0.04858935464255499
/content/Quran_Audio_Data/Hudhaify_128kbps/072028.mp3,Quran_Audio_Data/Hudhaify_128kbps/072028.mp3,Hudhaify_128kbps,72,28,,,soundfile,12.903219954648526,12.41,44100,2,128.1,-16.99247755793966,-0.2081899666852512,0.9763162136077881,-1.6931845721046557e-06,0.0,0.0,0,0.036490683229813664,0.4,0.07,-33.862680529679295,-20.5619738942112,13.300706635468096,0.006280918605625629,3682.177734375,1951.293814487909,0.05013181837342626
/content/Quran_Audio_Data/Husary_128kbps/072028.mp3,Quran_Audio_Data/Husary_128kbps/072028.mp3,Husary_128kbps,72,28,,,soundfile,20.34219954648526,18.94,44100,2,128.1,-17.891410589548478,-1.7288796544072935,0.8195133209228516,0.0005970144993625581,0.0,0.0,0,0.05630293971101146,0.48,0.65,-42.37549394401956,-22.2798313123416,20.09566263167796,0.005411915946751833,3165.380859375,1793.7697655278723,0.05313549339254766
/content/Quran_Audio_Data/Minshawy_Murattal_128kbps/072028.mp3,Quran_Audio_Data/Minshawy_Murattal_128kbps/072028.mp3,Minshawy_Murattal_128kbps,72,28,,,soundfile,14.740748299319728,14.17,44100,2,127.8,-17.409765461337322,-1.426634671262301,0.8485320806503296,-1.9828430595225655e-05,0.0,0.0,0,0.035398230088495575,0.06,0.0,-31.821767258672086,-20.62364344449966,11.198123814172426,0.011367946863174438,3057.71484375,1693.546737817177,0.052074983351420676
/content/Quran_Audio_Data/Muhammad_Ayyoub_128kbps/072028.mp3,Quran_Audio_Data/Muhammad_Ayyoub_128kbps/072028.mp3,Muhammad_Ayyoub_128kbps,72,28,,,soundfile,12.772607709750567,12.65,44100,2,128.1,-15.398230224070591,-1.0838592086423446,0.8826876282691956,-0.0004806476936209947,0.0,0.0,0,0.00784313725490196,0.06,0.0,-28.641564510177986,-18.182494127925832,10.459070382252154,0.024484137073159218,5254.1015625,2312.51958129499,0.04155313351498638
/content/Quran_Audio_Data/Yaser_Salamah_128kbps/072028.mp3,Quran_Audio_Data/Yaser_Salamah_128kbps/072028.mp3,Yaser_Salamah_128kbps,72,28,,,soundfile,13.41124716553288,13.26,44100,2,128.1,-18.917819481266037,-4.037876609186849,0.6282119154930115,-0.0005857439246028662,0.0,0.0,0,0.005251312828207052,0.07,0.0,-28.913652055553122,-21.139509666564322,7.7741423889888,0.0020192863885313272,2993.115234375,1511.039604809022,0.0372456691576087
/content/Quran_Audio_Data/aziz_alili_128kbps/072028.mp3,Quran_Audio_Data/aziz_alili_128kbps/072028.mp3,aziz_alili_128kbps,72,28,,,soundfile,13.302698412698414,13.15,44100,2,128.1,-13.451045575773417,-0.19591262820471425,0.9776971936225891,0.00018855986127164215,0.0,0.0,0,0.003787878787878788,0.05,0.0,-23.658444335254455,-16.35933123626572,7.299113098988734,0.03118267096579075,3746.77734375,2015.4705238389602,0.034123528725856014
/content/Quran_Audio_Data/Abdul_Basit_Murattal_192kbps/011006.mp3,Quran_Audio_Data/Abdul_Basit_Murattal_192kbps/011006.mp3,Abdul_Basit_Murattal_192kbps,11,6,,,soundfile,21.130975056689344,20.78,44100,2,192.1,-21.38753586129326,-4.504001133514902,0.5953878164291382,-6.379795195243787e-06,0.0,0.0,0,0.015632401705352912,0.24,0.0,-42.36495562481256,-26.12635877104087,16.23859685377169,0.02021634206175804,3509.912109375,1965.4764619132084,0.049304608130834704
/content/Quran_Audio_Data/Abdullah_Basfar_192kbps/011006.mp3,Quran_Audio_Data/Abdullah_Basfar_192kbps/011006.mp3,Abdullah_Basfar_192kbps,11,6,,,soundfile,23.08997732426304,22.2,44100,2,192.1,-20.915457321828363,-0.8377790820262331,0.9080526828765869,1.3707532389162225e-06,0.0,0.0,0,0.0377113133940182,0.03,0.11,-47.09298568767723,-27.22433389055818,19.868651797119046,0.06979428976774216,4909.5703125,2801.848581001109,0.05846118495475113
/content/Quran_Audio_Data/Abu_Bakr_Ash-Shaatree_128kbps/011006.mp3,Quran_Audio_Data/Abu_Bakr_Ash-Shaatree_128kbps/011006.mp3,Abu_Bakr_Ash-Shaatree_128kbps,11,6,,,soundfile,18.54512471655329,18.19,44100,2,128.1,-20.585692698694608,-3.0653035907518245,0.7026431560516357,-4.753230314236134e-05,0.0,0.0,0,0.01834862385321101,0.34,0.0,-29.972158971646294,-22.405513406514622,7.566645565131672,0.024130064994096756,4328.173828125,2377.4925184296076,0.04952387994759074
/content/Quran_Audio_Data/Hudhaify_128kbps/011006.mp3,Quran_Audio_Data/Hudhaify_128kbps/011006.mp3,Hudhaify_128kbps,11,6,,,soundfile,20.762698412698413,20.67,44100,2,127.8,-16.73149035979621,-1.0567892640453511,0.885442852973938,2.9371912546594103e-07,0.0,0.0,0,0.0014492753623188406,0.03,0.0,-36.05454431404252,-20.859904217622205,15.194640096420319,0.009776807390153408,2562.451171875,1425.1989061764534,0.032016204919467786
/content/Quran_Audio_Data/Husary_128kbps/011006.mp3,Quran_Audio_Data/Husary_128kbps/011006.mp3,Husary_128kbps,11,6,,,soundfile,24.625827664399093,24.3,44100,2,128.1,-27.72781131082597,-8.952212176805324,0.3567708730697632,0.0005920464172959328,0.0,0.0,0,0.002053388090349076,0.05,0.0,-62.731788828726906,-35.43728378078539,27.294505047941513,0.005367038771510124,2734.716796875,1289.5158276326085,0.021093052455357142
/content/Quran_Audio_Data/Minshawy_Murattal_128kbps/011006.mp3,Quran_Audio_Data/Minshawy_Murattal_128kbps/011006.mp3,Minshawy_Murattal_128kbps,11,6,,,soundfile,23.142222222222223,22.1,44100,2,128.1,-15.881783279505285,-1.0920762196611833,0.8818529844284058,0.0002319232007721439,0.0,0.0,0,0.04411764705882353,0.58,0.21,-37.68755077227371,-20.044805407588697,17.642745364685013,0.015385625883936882,3639.111328125,2074.897562735842,0.060448924899699094
/content/Quran_Audio_Data/Muhammad_Ayyoub_128kbps/011006.mp3,Quran_Audio_Data/Muhammad_Ayyoub_128kbps/011006.mp3,Muhammad_Ayyoub_128kbps,11,6,,,soundfile,24.604965986394557,24.26,44100,2,128.1,-16.76484996572618,-1.9787856337440317,0.7962706685066223,-0.0013563454849645495,0.0,0.0,0,0.013018714401952807,0.06,0.0,-32.37824360646718,-19.827867108046835,12.550376498420345,0.018898703157901764,3875.9765625,2004.2819788684787,0.04452318875294811
/content/Quran_Audio_Data/Yaser_Salamah_128kbps/011006.mp3,Quran_Audio_Data/Yaser_Salamah_128kbps/011006.mp3,Yaser_Salamah_128kbps,11,6,,,soundfile,24.851746031746032,24.27,44100,2,128.1,-17.847831159097765,-2.4371601457558265,0.7553391456604004,-0.0010492106666788459,0.0,0.0,0,0.020185708518368994,0.5,0.0,-34.12136837985501,-20.401571507616957,13.71979687223805,0.00152676017023623,2627.05078125,1351.8633236677535,0.027940385797050563
/content/Quran_Audio_Data/aziz_alili_128kbps/011006.mp3,Quran_Audio_Data/aziz_alili_128kbps/011006.mp3,aziz_alili_128kbps,11,6,,,soundfile,18.934149659863944,18.66,44100,2,128.1,-14.080137869657285,-0.39258746431994773,0.9558079242706299,7.425508374581113e-05,0.0,0.0,0,0.006918573709419904,0.05,0.0,-27.25076741707007,-17.790549071983502,9.460218345086567,0.030929824337363243,3875.9765625,2125.337466514306,0.03898749566239975
/content/Quran_Audio_Data/Abdul_Basit_Murattal_192kbps/016021.mp3,Quran_Audio_Data/Abdul_Basit_Murattal_192kbps/016021.mp3,Abdul_Basit_Murattal_192kbps,16,21,,,soundfile,9.716621315192743,9.33,44100,2,192.1,-20.296596110721392,-3.374364979635959,0.6780812740325928,-2.0814937670365907e-05,0.0,0.0,0,0.03814432989690722,0.02,0.0,-48.946749953161195,-24.80997650111909,24.136773452042107,0.017334362491965294,3402.24609375,1874.5234391481722,0.03511949764784946
/content/Quran_Audio_Data/Abdullah_Basfar_192kbps/016021.mp3,Quran_Audio_Data/Abdullah_Basfar_192kbps/016021.mp3,Abdullah_Basfar_192kbps,16,21,,,soundfile,10.656916099773243,10.0,44100,2,192.1,-21.482379666036984,-2.6631014218224074,0.7359442710876465,-7.313953460652556e-07,0.0,0.0,0,0.06015037593984962,0.55,0.0,-51.72926294583488,-27.412313423172662,24.31694952266222,0.034152377396821976,4134.375,2108.921018890578,0.045386752791394334
/content/Quran_Audio_Data/Abu_Bakr_Ash-Shaatree_128kbps/016021.mp3,Quran_Audio_Data/Abu_Bakr_Ash-Shaatree_128kbps/016021.mp3,Abu_Bakr_Ash-Shaatree_128kbps,16,21,,,soundfile,8.906870748299319,8.85,44100,2,128.1,-20.369432910472014,-7.100462865737342,0.4415469169616699,-5.81287094973959e-05,0.0,0.0,0,0.0044994375703037125,0.04,0.0,-28.47804720910193,-21.98004984801766,6.49799736108427,0.018694313243031502,2906.982421875,1658.007463772083,0.03368186950683594
/content/Quran_Audio_Data/Hudhaify_128kbps/016021.mp3,Quran_Audio_Data/Hudhaify_128kbps/016021.mp3,Hudhaify_128kbps,16,21,,,soundfile,11.780090702947845,11.47,44100,2,128.1,-18.300273509283098,-2.2259983291131147,0.7739271521568298,-1.8753081576505792e-06,0.0,0.0,0,0.02465986394557823,0.07,0.02,-33.60946423585597,-21.563147332358604,12.046316903497363,0.008232349529862404,2347.119140625,1350.509886004489,0.03321178417487685
/content/Quran_Audio_Data/Husary_128kbps/016021.mp3,Quran_Audio_Data/Husary_128kbps/016021.mp3,Husary_128kbps,16,21,,,soundfile,16.424126984126985,15.290000000000001,44100,2,128.1,-19.553231692626042,-2.4930195998619684,0.7504971027374268,0.000503664487041533,0.0,0.0,0,0.05325077399380805,0.41000000000000003,0.41000000000000003,-46.981032764037636,-23.041479747355027,23.93955301668261,0.004683172330260277,2950.048828125,1612.6739036512392,0.03986099582735104
/content/Quran_Audio_Data/Minshawy_Murattal_128kbps/016021.mp3,Quran_Audio_Data/Minshawy_Murattal_128kbps/016021.mp3,Minshawy_Murattal_128kbps,16,21,,,soundfile,10.056190476190476,10.0,44100,2,128.1,-16.009415239354773,-3.94983162642806,0.6346122026443481,0.00033288440317846835,0.0,0.0,0,0.00398406374501992,0.04,0.0,-35.1192835719884,-19.32426996308181,15.795013608906586,0.01962468959391117,3897.509765625,2218.8785679386333,0.04633434256055363
/content/Quran_Audio_Data/Muhammad_Ayyoub_128kbps/016021.mp3,Quran_Audio_Data/Muhammad_Ayyoub_128kbps/016021.mp3,Muhammad_Ayyoub_128kbps,16,21,,,soundfile,13.477868480725624,13.36,44100,2,128.1,-16.315938303397267,-1.7909119765672474,0.813681423664093,-0.0013630808098241687,0.0,0.0,0,0.007429420505200594,0.07,0.0,-25.426242617794337,-18.69607615591501,6.730166461879328,0.0220866110175848,5641.69921875,2463.3438890861694,0.04679551235465116
/content/Quran_Audio_Data/Yaser_Salamah_128kbps/016021.mp3,Quran_Audio_Data/Yaser_Salamah_128kbps/016021.mp3,Yaser_Salamah_128kbps,16,21,,,soundfile,10.747006802721089,10.33,44100,2,128.1,-18.346817327348056,-4.335925200263468,0.6070210337638855,-0.001068259822204709,0.0,0.0,0,0.03095684803001876,0.32,0.01,-34.57911292498598,-20.384661485622782,14.194451439363196,0.0013610160676762462,2519.384765625,1226.864614479096,0.026455724925352878
/content/Quran_Audio_Data/aziz_alili_128kbps/016021.mp3,Quran_Audio_Data/aziz_alili_128kbps/016021.mp3,aziz_alili_128kbps,16,21,,,soundfile,9.463061224489795,9.28,44100,2,128.1,-14.845540859070368,-0.18721681519343225,0.9786764979362488,0.0001242735015694052,0.0,0.0,0,0.0053590568060021436,0.05,0.0,-24.251528377985125,-17.408503206569197,6.843025171415928,0.02636515162885189,3466.845703125,1817.2870292498258,0.031036149775124068
/content/Quran_Audio_Data/Abdul_Basit_Murattal_192kbps/017042.mp3,Quran_Audio_Data/Abdul_Basit_Murattal_192kbps/017042.mp3,Abdul_Basit_Murattal_192kbps,17,42,,,soundfile,14.392086167800453,13.96,44100,2,192.1,-21.024730680467428,-2.514607205342844,0.7486341595649719,-2.3352036805590615e-05,0.0,0.0,0,0.028531663187195546,0.02,0.0,-44.663171377122666,-25.30457861092728,19.358592766195386,0.01998521015048027,3617.578125,2089.9294379584294,0.04804608744959677
/content/Quran_Audio_Data/Abdullah_Basfar_192kbps/017042.mp3,Quran_Audio_Data/Abdullah_Basfar_192kbps/017042.mp3,Abdullah_Basfar_192kbps,17,42,,,soundfile,12.981587301587302,12.64,44100,2,192.1,-19.553552263264606,0.11078752357882724,1.0128365755081177,2.341646677450626e-06,2.969494557091153e-05,2.7948184066740264e-05,2,0.024691358024691357,0.32,0.0,-39.75857932804045,-25.945863304836454,13.812716023203993,0.04666075110435486,4435.83984375,2530.3828132712697,0.05034533135053619
/content/Quran_Audio_Data/Abu_Bakr_Ash-Shaatree_128kbps/017042.mp3,Quran_Audio_Data/Abu_Bakr_Ash-Shaatree_128kbps/017042.mp3,Abu_Bakr_Ash-Shaatree_128kbps,17,42,,,soundfile,10.22267573696145,10.120000000000001,11025,1,24.1,-11.83183096642657,1.019430721395899,1.1245312690734863,-0.0030731651932001114,0.0002395634621356639,0.0002306907413158245,2,0.010752688172043012,0.11,0.0,-21.19561973390263,-13.399454623552424,7.796165110350207,0.3973141014575958,2637.8173828125,1384.657616123738,0.13252905328798187
/content/Quran_Audio_Data/Hudhaify_128kbps/017042.mp3,Quran_Audio_Data/Hudhaify_128kbps/017042.mp3,Hudhaify_128kbps,17,42,,,soundfile,11.780090702947845,11.66,44100,2,128.1,-17.803347894469297,-2.3035518473466374,0.7670477628707886,1.5089731277839746e-06,0.0,0.0,0,0.008503401360544218,0.06,0.0,-32.61712376093419,-21.01556976896505,11.60155399196914,0.0050701601430773735,3552.978515625,1826.2128485866776,0.03865455665024631
/content/Quran_Audio_Data/Husary_128kbps/017042.mp3,Quran_Audio_Data/Husary_128kbps/017042.mp3,Husary_128kbps,17,42,,,soundfile,20.655600907029477,18.68,44100,2,128.1,-18.523902006519673,-0.49204654495909117,0.9449257254600525,0.000439680676208809,0.0,0.0,0,0.08341511285574092,1.22,0.47000000000000003,-52.30963995121385,-22.441105848892096,29.868534102321757,0.005181853659451008,2950.048828125,1695.940318076054,0.043578962688424344
/content/Quran_Audio_Data/Minshawy_Murattal_128kbps/017042.mp3,Quran_Audio_Data/Minshawy_Murattal_128kbps/017042.mp3,Minshawy_Murattal_128kbps,17,42,,,soundfile,12.093492063492063,12.02,44100,2,128.1,-19.04579969081563,-3.512518726907257,0.6673813462257385,0.00023856210464145988,0.0,0.0,0,0.004142502071251036,0.05,0.0,-30.721028089661903,-21.652330814930107,9.068697274731797,0.012018895708024502,3316.11328125,1767.3508103614165,0.044755053382917465
/content/Quran_Audio_Data/Muhammad_Ayyoub_128kbps/017042.mp3,Quran_Audio_Data/Muhammad_Ayyoub_128kbps/017042.mp3,Muhammad_Ayyoub_128kbps,17,42,,,soundfile,12.093492063492063,12.01,44100,2,128.1,-16.716394789286973,-1.0351711406243618,0.8876493573188782,-0.0010337263811379671,0.0,0.0,0,0.004971002485501243,0.05,0.0,-29.243898731163526,-20.208591541402093,9.035307189761433,0.02464361861348152,5103.369140625,2327.7512942143494,0.046871719799664105
/content/Quran_Audio_Data/Yaser_Salamah_128kbps/017042.mp3,Quran_Audio_Data/Yaser_Salamah_128kbps/017042.mp3,Yaser_Salamah_128kbps,17,42,,,soundfile,11.4,10.98,44100,2,128.1,-16.35790436421403,-3.8772388131428044,0.639938235282898,-0.0016474387375637889,0.0,0.0,0,0.030035335689045935,0.34,0.0,-30.418539489231165,-18.09505257002168,12.323486919209486,0.0015672949375584722,2691.650390625,1358.3124211542956,0.03256441114380757
/content/Quran_Audio_Data/aziz_alili_128kbps/017042.mp3,Quran_Audio_Data/aziz_alili_128kbps/017042.mp3,aziz_alili_128kbps,17,42,,,soundfile,12.662743764172335,12.56,44100,2,128.1,-13.080696097821429,-0.09682833521959508,0.9889141321182251,0.00017486668366473168,0.0,0.0,0,0.0031746031746031746,0.04,0.0,-24.78246681062659,-16.11546005309703,8.66700675752956,0.028239430859684944,3660.64453125,1957.2150789216523,0.03188112709866606
/content/Quran_Audio_Data/Abdul_Basit_Murattal_192kbps/007151.mp3,Quran_Audio_Data/Abdul_Basit_Murattal_192kbps/007151.mp3,Abdul_Basit_Murattal_192kbps,7,151,,,soundfile,16.56,15.39,44100,2,192.1,-22.92850228008065,-4.066247753913504,0.6261633038520813,-5.3491244216274936e-06,0.0,0.0,0,0.06952841596130592,0.02,0.0,-54.36456734634624,-27.607270089708198,26.757297256638044,0.016089001670479774,3552.978515625,1990.452794429765,0.05413796973545901
/content/Quran_Audio_Data/Abdullah_Basfar_192kbps/007151.mp3,Quran_Audio_Data/Abdullah_Basfar_192kbps/007151.mp3,Abdullah_Basfar_192kbps,7,151,,,soundfile,12.82485260770975,12.23,44100,2,192.1,-18.912993530574038,0.1324489184453649,1.0153656005859375,4.848549792768608e-07,2.8289743553474688e-05,2.652163458138252e-05,2,0.04453125,0.5700000000000001,0.0,-42.09273393467069,-25.57051033777432,16.52222359689637,0.06458963453769684,4672.705078125,2778.845098257649,0.07124752545248869
/content/Quran_Audio_Data/Abu_Bakr_Ash-Shaatree_128kbps/007151.mp3,Quran_Audio_Data/Abu_Bakr_Ash-Shaatree_128kbps/007151.mp3,Abu_Bakr_Ash-Shaatree_128kbps,7,151,,,soundfile,10.9181179138322,10.86,44100,2,128.1,-22.77665000668465,-6.02390359103468,0.4998098611831665,-7.012840069364756e-05,0.0,0.0,0,0.003669724770642202,0.04,0.0,-33.24052348384747,-25.0135783565503,8.226945127297167,0.024442940950393677,4069.775390625,2136.842562762651,0.0476471174282678
/content/Quran_Audio_Data/Hudhaify_128kbps/007151.mp3,Quran_Audio_Data/Hudhaify_128kbps/007151.mp3,Hudhaify_128kbps,7,151,,,soundfile,11.440498866213153,11.05,44100,2,128.1,-19.152036995521954,-2.209856831450421,0.7753667235374451,2.3443378722731723e-06,0.0,0.0,0,0.03239929947460595,0.37,0.0,-37.554633199195386,-22.888836517077277,14.66579668211811,0.004987341817468405,3660.64453125,1805.0385866761624,0.04219720619929006
/content/Quran_Audio_Data/Husary_128kbps/007151.mp3,Quran_Audio_Data/Husary_128kbps/007151.mp3,Husary_128kbps,7,151,,,soundfile,21.752607709750567,18.37,44100,2,128.1,-20.61132922486336,-2.828355429961284,0.7220748662948608,0.0003032275417353958,0.0,0.0,0,0.14478584729981378,0.81,1.1,-66.29889839771498,-25.42843939419227,40.87045900352271,0.011142642237246037,3251.513671875,1798.4783927628525,0.040162978367980565
/content/Quran_Audio_Data/Minshawy_Murattal_128kbps/007151.mp3,Quran_Audio_Data/Minshawy_Murattal_128kbps/007151.mp3,Minshawy_Murattal_128kbps,7,151,,,soundfile,11.729727891156463,10.41,44100,2,127.8,-18.17035631409214,-2.925915561602803,0.7140098810195923,0.00022662441188003868,0.0,0.0,0,0.10873287671232877,0.96,0.0,-59.36909373771492,-22.87961680564406,36.48947693207086,0.021740354597568512,3789.84375,2242.887012740896,0.06483494254831516
/content/Quran_Audio_Data/Muhammad_Ayyoub_128kbps/007151.mp3,Quran_Audio_Data/Muhammad_Ayyoub_128kbps/007151.mp3,Muhammad_Ayyoub_128kbps,7,151,,,soundfile,13.347301587301587,13.01,44100,2,128.1,-18.269551362425613,-2.463428531116803,0.7530582547187805,-0.0011048237793147564,0.0,0.0,0,0.024006001500375095,0.04,0.0,-31.76189253906026,-21.486846126145004,10.275046412915255,0.023044249042868614,5900.09765625,2733.6147971950395,0.061992612092391305
/content/Quran_Audio_Data/Yaser_Salamah_128kbps/007151.mp3,Quran_Audio_Data/Yaser_Salamah_128kbps/007151.mp3,Yaser_Salamah_128kbps,7,151,,,soundfile,11.19108843537415,10.55,44100,2,128.1,-18.7621633383697,-4.154568025111054,0.6198285818099976,0.00011838453792734072,0.0,0.0,0,0.050405040504050404,0.56,0.0,-35.901620781580064,-21.06596171341263,14.835659068167434,0.009390191175043583,3208.447265625,1801.3178273652493,0.03126018313347237
/content/Quran_Audio_Data/aziz_alili_128kbps/007151.mp3,Quran_Audio_Data/aziz_alili_128kbps/007151.mp3,aziz_alili_128kbps,7,151,,,soundfile,11.254897959183673,11.05,44100,2,128.1,-12.297888623344317,-0.1856992482416422,0.9788475036621094,0.0004482758231461048,0.0,0.0,0,0.0071877807726864335,0.08,0.0,-24.10540421122808,-15.843601285879192,8.261802925348888,0.03264250233769417,3919.04296875,2128.6642085028575,0.038301878739594175
/content/Quran_Audio_Data/Abdul_Basit_Murattal_192kbps/005048.mp3,Quran_Audio_Data/Abdul_Basit_Murattal_192kbps/005048.mp3,Abdul_Basit_Murattal_192kbps,5,48,,,soundfile,80.26643990929705,76.26,44100,2,192.0,-24.223712930976994,-5.210164493657095,0.5488981604576111,-1.623981347620429e-06,0.0,0.0,0,0.0497196261682243,0.12,0.0,-51.74342037021568,-28.69361526334185,23.04980510687383,0.01689220406115055,3466.845703125,1814.7328161882538,0.041808781887293894
/content/Quran_Audio_Data/Abdullah_Basfar_192kbps/005048.mp3,Quran_Audio_Data/Abdullah_Basfar_192kbps/005048.mp3,Abdullah_Basfar_192kbps,5,48,,,soundfile,71.4974149659864,69.5,44100,2,192.0,-18.350313357277418,0.4155484649115718,1.0490046739578247,8.068515739978466e-07,0.00010981616900264067,0.00010442057688401382,7,0.026883225987118453,0.39,0.14,-41.22431583035074,-25.42975122009648,15.794564610254259,0.07199664413928986,5921.630859375,3273.708924244897,0.07813801237000324
/content/Quran_Audio_Data/Abu_Bakr_Ash-Shaatree_128kbps/005048.mp3,Quran_Audio_Data/Abu_Bakr_Ash-Shaatree_128kbps/005048.mp3,Abu_Bakr_Ash-Shaatree_128kbps,5,48,,,soundfile,65.32585034013606,65.27,44100,2,128.0,-18.707110518246246,-0.5550687877139167,0.938094437122345,-6.0995258536422625e-05,0.0,0.0,0,0.0006124636349716736,0.04,0.0,-29.818936666936725,-21.024012596555806,8.794924070380919,0.021676190197467804,3919.04296875,2106.8749612080087,0.048462196080282564
/content/Quran_Audio_Data/Hudhaify_128kbps/005048.mp3,Quran_Audio_Data/Hudhaify_128kbps/005048.mp3,Hudhaify_128kbps,5,48,,,soundfile,87.86734693877551,84.13,44100,2,128.0,-18.289863699776053,-2.5401325107400923,0.7464373707771301,3.889529409661918e-08,0.0,0.0,0,0.04234490608992601,0.4,0.33,-40.845629960636934,-21.98413542569439,18.861494534942544,0.006087306421250105,3208.447265625,1671.222961719133,0.03808380864793896
/content/Quran_Audio_Data/Husary_128kbps/005048.mp3,Quran_Audio_Data/Husary_128kbps/005048.mp3,Husary_128kbps,5,48,,,soundfile,108.57519274376418,101.24000000000001,44100,2,128.0,-23.062599650818704,-2.56950490177611,0.7439174652099609,0.00032653583912178874,0.0,0.0,0,0.06527559782106915,2.06,0.99,-55.07402922684223,-27.468517554525107,27.60551167231712,0.00961934495717287,3402.24609375,1958.4709570529105,0.04258240550651056
/content/Quran_Audio_Data/Minshawy_Murattal_128kbps/005048.mp3,Quran_Audio_Data/Minshawy_Murattal_128kbps/005048.mp3,Minshawy_Murattal_128kbps,5,48,,,soundfile,73.00510204081633,67.16,44100,2,128.0,-20.643170053990126,-2.456132524116736,0.7536910772323608,9.707485878607258e-05,0.0,0.0,0,0.07987395533634745,1.68,0.49,-51.97135662713063,-25.357840936825227,26.613515690305405,0.016198497265577316,3574.51171875,2016.1373589836535,0.059091192831730005
/content/Quran_Audio_Data/Muhammad_Ayyoub_128kbps/005048.mp3,Quran_Audio_Data/Muhammad_Ayyoub_128kbps/005048.mp3,Muhammad_Ayyoub_128kbps,5,48,,,soundfile,78.072358276644,77.3,44100,2,128.0,-16.18083303602829,-1.6149802758945297,0.830330491065979,-0.0011704539647325873,0.0,0.0,0,0.009609224855861628,0.05,0.0,-29.180213425020835,-18.873379537832847,10.306833887187988,0.018925296142697334,4651.171875,2160.3343713696067,0.03985936047862453
/content/Quran_Audio_Data/Yaser_Salamah_128kbps/005048.mp3,Quran_Audio_Data/Yaser_Salamah_128kbps/005048.mp3,Yaser_Salamah_128kbps,5,48,,,soundfile,69.38621315192744,68.96000000000001,44100,2,128.0,-17.20204012547133,-3.434655583890322,0.6733908653259277,-0.00184574443846941,0.0,0.0,0,0.005049776367046602,0.34,0.01,-29.648793479785255,-19.260548935056267,10.388244544728988,0.010602908208966255,3596.044921875,1989.2522647492544,0.03423724778131279
/content/Quran_Audio_Data/aziz_alili_128kbps/005048.mp3,Quran_Audio_Data/aziz_alili_128kbps/005048.mp3,aziz_alili_128kbps,5,48,,,soundfile,67.69736961451247,67.33,44100,2,128.0,-12.102389961858597,-0.09394001517685122,0.9892430305480957,0.0003563865611795336,0.0,0.0,0,0.00487732781554833,0.04,0.0,-23.94057435384517,-15.347612869549481,8.59296148429569,0.029353834688663483,3811.376953125,2015.0846686229852,0.03274097475343053
/content/Quran_Audio_Data/Abdul_Basit_Murattal_192kbps/017064.mp3,Quran_Audio_Data/Abdul_Basit_Murattal_192kbps/017064.mp3,Abdul_Basit_Murattal_192kbps,17,64,,,soundfile,24.81390022675737,24.1,44100,2,192.1,-23.151044138291947,-5.175271286897804,0.55110764503479,-2.6034867914859205e-05,0.0,0.0,0,0.027833803953206938,0.02,0.0,-46.245358155351134,-27.84343818058148,18.401919974769655,0.02293086051940918,3639.111328125,2131.2160627502444,0.05521118049871375
/content/Quran_Audio_Data/Abdullah_Basfar_192kbps/017064.mp3,Quran_Audio_Data/Abdullah_Basfar_192kbps/017064.mp3,Abdullah_Basfar_192kbps,17,64,,,soundfile,29.646099773242632,27.67,44100,2,192.1,-19.344857651022195,0.13964041338316993,1.0162066221237183,-1.3663777735928306e-06,1.682738090229946e-05,1.6062499952194942e-05,4,0.0661491731353358,0.44,0.0,-48.450108941739586,-25.311878581045654,23.13823036069393,0.11535891890525818,7708.88671875,3552.3341578747068,0.07585871733065778
/content/Quran_Audio_Data/Abu_Bakr_Ash-Shaatree_128kbps/017064.mp3,Quran_Audio_Data/Abu_Bakr_Ash-Shaatree_128kbps/017064.mp3,Abu_Bakr_Ash-Shaatree_128kbps,17,64,,,soundfile,22.098503401360546,21.92,11025,1,23.9,-14.21554144976916,0.4676207828823299,1.0553123950958252,-0.0030255585443228483,4.536157297439958e-05,4.1237793613090526e-05,1,0.004993191103041307,0.11,0.0,-23.633811042768727,-15.946709638329295,7.6871014044394315,0.4143505096435547,2659.3505859375,1312.7990404845423,0.10837783491561181
/content/Quran_Audio_Data/Hudhaify_128kbps/017064.mp3,Quran_Audio_Data/Hudhaify_128kbps/017064.mp3,Hudhaify_128kbps,17,64,,,soundfile,19.689229024943312,19.41,44100,2,127.8,-17.314386418813736,-1.4297017526719396,0.8482325077056885,1.26431041280739e-06,0.0,0.0,0,0.010703363914373088,0.06,0.0,-35.44364883782795,-21.34643654506408,14.09721229276387,0.006519573274999857,3832.91015625,1927.2929696260564,0.04336272057737744
/content/Quran_Audio_Data/Husary_128kbps/017064.mp3,Quran_Audio_Data/Husary_128kbps/017064.mp3,Husary_128kbps,17,64,,,soundfile,37.52907029478458,34.71,44100,2,128.0,-20.593808470784275,-2.0441294440630866,0.7903028130531311,0.00043515238212421536,0.0,0.0,0,0.06843800322061191,0.42,0.8300000000000001,-52.05442981558623,-24.939353727790806,27.115076087795426,0.0048448736779391766,2993.115234375,1665.1211909389094,0.04322361121924634
/content/Quran_Audio_Data/Minshawy_Murattal_128kbps/017064.mp3,Quran_Audio_Data/Minshawy_Murattal_128kbps/017064.mp3,Minshawy_Murattal_128kbps,17,64,,,soundfile,22.410861678004537,22.05,44100,2,128.1,-21.421445856332674,-4.883034355363332,0.569965124130249,0.0002661056932993233,0.0,0.0,0,0.015185350602947744,0.05,0.0,-42.47024021959127,-25.61559293216826,16.85464728742301,0.011903602629899979,3294.580078125,1746.0545673883678,0.04119136579168824
/content/Quran_Audio_Data/Muhammad_Ayyoub_128kbps/017064.mp3,Quran_Audio_Data/Muhammad_Ayyoub_128kbps/017064.mp3,Muhammad_Ayyoub_128kbps,17,64,,,soundfile,20.791451247165533,20.66,44100,2,128.1,-16.711732170709478,-0.8443233610442302,0.9073687791824341,-0.0011141442228108644,0.0,0.0,0,0.005296100144439095,0.05,0.02,-33.19704611472883,-21.04248132577122,12.154564788957607,0.020583882927894592,3596.044921875,1883.3776295531284,0.04329127189768286
/content/Quran_Audio_Data/Yaser_Salamah_128kbps/017064.mp3,Quran_Audio_Data/Yaser_Salamah_128kbps/017064.mp3,Yaser_Salamah_128kbps,17,64,,,soundfile,20.15020408163265,19.71,44100,2,128.1,-17.24561379526737,-4.699609937109841,0.5821293592453003,-0.0018324273405596614,0.0,0.0,0,0.017937219730941704,0.35000000000000003,0.01,-31.105540638021566,-19.3238228933704,11.781717744651164,0.0017407009145244956,2713.18359375,1409.4331334579294,0.0310821621353264
/content/Quran_Audio_Data/aziz_alili_128kbps/017064.mp3,Quran_Audio_Data/aziz_alili_128kbps/017064.mp3,aziz_alili_128kbps,17,64,,,soundfile,22.133832199546486,21.98,44100,2,128.1,-13.610312162370866,-0.2401534344438465,0.9727300405502319,0.00016357550339307636,0.0,0.0,0,0.0031746031746031746,0.05,0.0,-26.839007414458624,-17.40859937230462,9.430408042154003,0.036889322102069855,6115.4296875,2451.479113192964,0.04423001486921661
/content/Quran_Audio_Data/Abdul_Basit_Murattal_192kbps/028041.mp3,Quran_Audio_Data/Abdul_Basit_Murattal_192kbps/028041.mp3,Abdul_Basit_Murattal_192kbps,28,41,,,soundfile,15.880907029478458,15.4,44100,2,192.1,-21.62615966751831,-2.5228717231916202,0.7479221820831299,-2.0799945559701882e-05,0.0,0.0,0,0.029003783102143757,0.06,0.0,-46.24418829854348,-26.318188462984892,19.925999835558585,0.01888686791062355,3531.4453125,1965.5115323766038,0.04579100134777047
/content/Quran_Audio_Data/Abdullah_Basfar_192kbps/028041.mp3,Quran_Audio_Data/Abdullah_Basfar_192kbps/028041.mp3,Abdullah_Basfar_192kbps,28,41,,,soundfile,14.261473922902494,13.99,44100,2,192.1,-21.802965023503198,-1.1579025891355308,0.8751950860023499,-4.573771263949311e-07,0.0,0.0,0,0.0175561797752809,0.03,0.11,-35.10075217770674,-27.277029258643708,7.82372291906303,0.0677347183227539,6373.828125,3019.5247791130073,0.05172682312855981
/content/Quran_Audio_Data/Abu_Bakr_Ash-Shaatree_128kbps/028041.mp3,Quran_Audio_Data/Abu_Bakr_Ash-Shaatree_128kbps/028041.mp3,Abu_Bakr_Ash-Shaatree_128kbps,28,41,,,soundfile,11.910634920634921,11.85,44100,2,128.1,-20.331344750652708,-3.4321172964524993,0.6735876798629761,-3.362765710335225e-05,0.0,0.0,0,0.00336417157275021,0.04,0.0,-30.266222967421673,-22.248517448396623,8.01770551902505,0.022348178550601006,3919.04296875,2140.9701294572574,0.04428558647051657
/content/Quran_Audio_Data/Hudhaify_128kbps/028041.mp3,Quran_Audio_Data/Hudhaify_128kbps/028041.mp3,Hudhaify_128kbps,28,41,,,soundfile,13.086031746031747,12.67,44100,2,128.1,-18.79112146773922,-2.314386159522957,0.7660915851593018,-9.01082657378538e-08,0.0,0.0,0,0.030604437643458302,0.4,0.0,-35.01770538941584,-21.78734408193399,13.230361307481846,0.005582103971391916,3832.91015625,1973.289642346645,0.04012736868351064
/content/Quran_Audio_Data/Husary_128kbps/028041.mp3,Quran_Audio_Data/Husary_128kbps/028041.mp3,Husary_128kbps,28,41,,,soundfile,20.159342403628116,17.98,44100,2,128.1,-25.024056240426095,-5.263773992606456,0.5455207824707031,0.0003864165337290615,0.0,0.0,0,0.09602815485168427,1.3900000000000001,0.34,-63.53135268014177,-28.386053794734973,35.1452988854068,0.004174805711954832,3273.046875,1856.0764061402515,0.03940358509475218
/content/Quran_Audio_Data/Minshawy_Murattal_128kbps/028041.mp3,Quran_Audio_Data/Minshawy_Murattal_128kbps/028041.mp3,Minshawy_Murattal_128kbps,28,41,,,soundfile,12.642063492063492,12.58,44100,2,128.1,-17.891846305375626,-1.2958899473391927,0.8614012598991394,0.0004014436563011259,0.0,0.0,0,0.003169572107765452,0.04,0.0,-35.822258945418675,-21.783683875725355,14.03857506969332,0.01783117838203907,3574.51171875,2021.808718088498,0.04959753787878788
/content/Quran_Audio_Data/Muhammad_Ayyoub_128kbps/028041.mp3,Quran_Audio_Data/Muhammad_Ayyoub_128kbps/028041.mp3,Muhammad_Ayyoub_128kbps,28,41,,,soundfile,14.104739229024943,13.950000000000001,44100,2,128.1,-14.943079612838076,-2.4299238274680053,0.7559686899185181,-0.0004146783030591905,0.0,0.0,0,0.009232954545454546,0.06,0.0,-23.24710613363546,-16.705808134403547,6.541297999231912,0.019660772755742073,3832.91015625,1746.8740647090972,0.02724729938271605
/content/Quran_Audio_Data/Yaser_Salamah_128kbps/028041.mp3,Quran_Audio_Data/Yaser_Salamah_128kbps/028041.mp3,Yaser_Salamah_128kbps,28,41,,,soundfile,12.444829931972789,12.01,44100,2,128.1,-16.65319164213303,-5.51197494203099,0.5301530361175537,-0.00156105135101825,0.0,0.0,0,0.02831715210355987,0.34,0.01,-28.7808559089602,-17.950514059075932,10.830341849884267,0.0016973195597529411,2713.18359375,1417.8990462198508,0.0281459590264761
/content/Quran_Audio_Data/aziz_alili_128kbps/028041.mp3,Quran_Audio_Data/aziz_alili_128kbps/028041.mp3,aziz_alili_128kbps,28,41,,,soundfile,11.254897959183673,11.18,44100,2,128.1,-13.932288693103668,-0.21712285541487186,0.9753126502037048,0.0001923309318954125,0.0,0.0,0,0.0008936550491510277,0.01,0.0,-21.993445535083854,-16.76443738633591,5.229008148747944,0.026642633602023125,3402.24609375,1899.695049695546,0.03203397952251553
/content/Quran_Audio_Data/Abdul_Basit_Murattal_192kbps/050026.mp3,Quran_Audio_Data/Abdul_Basit_Murattal_192kbps/050026.mp3,Abdul_Basit_Murattal_192kbps,50,26,,,soundfile,11.170997732426304,11.11,44100,2,191.8,-22.957036557958116,-7.484503391651359,0.42244952917099,-2.7714278985513374e-05,0.0,0.0,0,0.0017969451931716084,0.02,0.0,-35.16405920728955,-26.86143990366241,8.302619303627136,0.01811162382364273,3466.845703125,1982.7012026479224,0.05768476440556712
/content/Quran_Audio_Data/Abdullah_Basfar_192kbps/050026.mp3,Quran_Audio_Data/Abdullah_Basfar_192kbps/050026.mp3,Abdullah_Basfar_192kbps,50,26,,,soundfile,10.238979591836735,9.78,44100,2,192.1,-17.547579574034778,0.09526410863404562,1.0110280513763428,-3.4197742024844047e-06,6.643944376897676e-06,6.643944376897676e-06,1,0.043052837573385516,0.44,0.0,-43.14494422233366,-23.042985337189165,20.101958885144498,0.08341601490974426,6266.162109375,3085.0292322437003,0.08047506111819729
/content/Quran_Audio_Data/Abu_Bakr_Ash-Shaatree_128kbps/050026.mp3,Quran_Audio_Data/Abu_Bakr_Ash-Shaatree_128kbps/050026.mp3,Abu_Bakr_Ash-Shaatree_128kbps,50,26,,,soundfile,17.395850340136054,17.07,44100,2,128.1,-19.818406446322758,-4.877400871259101,0.5703349113464355,-6.086384746595286e-05,0.0,0.0,0,0.017836593785960874,0.05,0.0,-37.41395764443185,-23.422623910726962,13.991333733704884,0.023474939167499542,4220.5078125,2501.4436604588027,0.0672971434081054
/content/Quran_Audio_Data/Hudhaify_128kbps/050026.mp3,Quran_Audio_Data/Hudhaify_128kbps/050026.mp3,Hudhaify_128kbps,50,26,,,soundfile,9.925510204081633,9.39,44100,2,128.1,-17.437710826125432,-1.0135630535370799,0.8898603320121765,-2.2202415550509613e-07,0.0,0.0,0,0.05247225025227043,0.3,0.22,-43.45272971008883,-21.01837610600041,22.43435360408842,0.012677616439759731,3617.578125,1851.8574730923297,0.04302700109649123
/content/Quran_Audio_Data/Husary_128kbps/050026.mp3,Quran_Audio_Data/Husary_128kbps/050026.mp3,Husary_128kbps,50,26,,,soundfile,18.67047619047619,15.94,44100,2,128.1,-22.55231430496402,-4.758175270892958,0.5782175064086914,0.0007120414520613849,0.0,0.0,0,0.13369565217391305,0.07,1.95,-62.30169021392934,-27.504294610738626,34.797395603190715,0.0034279190003871918,3380.712890625,1877.4178451266348,0.04861736718257719
/content/Quran_Audio_Data/Minshawy_Murattal_128kbps/050026.mp3,Quran_Audio_Data/Minshawy_Murattal_128kbps/050026.mp3,Minshawy_Murattal_128kbps,50,26,,,soundfile,9.089727891156462,8.94,44100,2,128.1,-16.639059660649764,-2.879662359846576,0.7178221940994263,0.000671805115416646,0.0,0.0,0,0.014332965821389196,0.05,0.0,-34.852263027763556,-21.02473942649004,13.827523601273516,0.00946584902703762,3057.71484375,1636.332515654468,0.04530850893997446
/content/Quran_Audio_Data/Muhammad_Ayyoub_128kbps/050026.mp3,Quran_Audio_Data/Muhammad_Ayyoub_128kbps/050026.mp3,Muhammad_Ayyoub_128kbps,50,26,,,soundfile,10.289659863945579,10.19,44100,2,127.8,-17.12076368444858,-2.4133165359238506,0.7574154734611511,-0.0008415744523517787,0.0,0.0,0,0.005853658536585366,0.06,0.0,-31.84350050864072,-20.44776913839322,11.3957313702475,0.020517073571681976,4112.841796875,2008.187494758169,0.040423618467514126
/content/Quran_Audio_Data/Yaser_Salamah_128kbps/050026.mp3,Quran_Audio_Data/Yaser_Salamah_128kbps/050026.mp3,Yaser_Salamah_128kbps,50,26,,,soundfile,10.851496598639455,10.41,44100,2,128.1,-18.10740652940497,-4.593846977725405,0.5892609357833862,-0.0006166871753521264,0.0,0.0,0,0.033426183844011144,0.34,0.02,-35.19586803246472,-20.630878873139945,14.564989159324778,0.0016384134069085121,2756.25,1420.1236564581632,0.03220661122311828
/content/Quran_Audio_Data/aziz_alili_128kbps/050026.mp3,Quran_Audio_Data/aziz_alili_128kbps/050026.mp3,aziz_alili_128kbps,50,26,,,soundfile,9.591043083900226,9.42,44100,2,128.1,-13.673696515080705,-0.2757378999175813,0.9687530994415283,0.00018647855904418975,0.0,0.0,0,0.004228329809725159,0.04,0.0,-24.019287662414367,-16.646565029028626,7.372722633385742,0.03174911439418793,4026.708984375,2223.350854317414,0.03896986402233782
/content/Quran_Audio_Data/Abdul_Basit_Murattal_192kbps/051059.mp3,Quran_Audio_Data/Abdul_Basit_Murattal_192kbps/051059.mp3,Abdul_Basit_Murattal_192kbps,51,59,,,soundfile,12.406938775510204,12.34,44100,2,192.1,-23.884570644494914,-7.139221024318164,0.439581036567688,-5.508567028300604e-06,0.0,0.0,0,0.004035512510088781,0.02,0.0,-41.144612133519615,-28.237346049149703,12.907266084369912,0.023824958130717278,3746.77734375,2252.03404047385,0.05516984331150608
/content/Quran_Audio_Data/Abdullah_Basfar_192kbps/051059.mp3,Quran_Audio_Data/Abdullah_Basfar_192kbps/051059.mp3,Abdullah_Basfar_192kbps,51,59,,,soundfile,11.014013605442177,10.92,44100,2,191.8,-22.875139000627755,-3.552244697958637,0.6643359661102295,3.042419848497957e-06,0.0,0.0,0,0.00546448087431694,0.03,0.0,-35.821446941146306,-28.779662659154518,7.041784281991788,0.1168673112988472,7816.552734375,3451.143858565745,0.06650977798655064
/content/Quran_Audio_Data/Abu_Bakr_Ash-Shaatree_128kbps/051059.mp3,Quran_Audio_Data/Abu_Bakr_Ash-Shaatree_128kbps/051059.mp3,Abu_Bakr_Ash-Shaatree_128kbps,51,59,,,soundfile,9.194149659863946,9.13,44100,2,128.1,-21.551254798378604,-7.361146652793593,0.4284919500350952,-5.841518213856034e-05,0.0,0.0,0,0.004362050163576881,0.04,0.0,-30.492524242410582,-23.025098493811626,7.467425748598956,0.025356350466609,4328.173828125,2419.0092733396077,0.06004379734848485
/content/Quran_Audio_Data/Hudhaify_128kbps/051059.mp3,Quran_Audio_Data/Hudhaify_128kbps/051059.mp3,Hudhaify_128kbps,51,59,,,soundfile,12.485260770975056,11.68,44100,2,128.1,-18.554622910355302,-2.3625487295066954,0.76185542345047,-3.4001943731709616e-06,0.0,0.0,0,0.06335204490777867,0.06,0.0,-52.012671447268,-22.10579953584364,29.906871911424357,0.009382986463606358,3251.513671875,1667.0677976583993,0.03486673007667286
/content/Quran_Audio_Data/Husary_128kbps/051059.mp3,Quran_Audio_Data/Husary_128kbps/051059.mp3,Husary_128kbps,51,59,,,soundfile,13.23750566893424,12.73,44100,2,128.1,-21.565313354041603,-3.6638125380379893,0.6558573246002197,0.0006982783670537174,0.0,0.0,0,0.017746913580246913,0.06,0.1,-48.80655576670628,-26.603550744249986,22.203005022456296,0.003652191488072276,3208.447265625,1612.4611469432311,0.03551973371872207
/content/Quran_Audio_Data/Minshawy_Murattal_128kbps/051059.mp3,Quran_Audio_Data/Minshawy_Murattal_128kbps/051059.mp3,Minshawy_Murattal_128kbps,51,59,,,soundfile,10.03,9.71,44100,2,128.1,-20.403863327981423,-3.6873979925823557,0.6540788412094116,-2.011355900322087e-05,0.0,0.0,0,0.029970029970029972,0.3,0.0,-37.07644324363126,-23.507746720001904,13.568696523629356,0.009232512675225735,2863.916015625,1569.860361543942,0.041170473451967594
/content/Quran_Audio_Data/Muhammad_Ayyoub_128kbps/051059.mp3,Quran_Audio_Data/Muhammad_Ayyoub_128kbps/051059.mp3,Muhammad_Ayyoub_128kbps,51,59,,,soundfile,11.858390022675737,11.78,44100,2,128.1,-16.297767207184396,-1.1437164512844027,0.876625657081604,-0.001135297934524715,0.0,0.0,0,0.005067567567567568,0.06,0.0,-31.344122347503415,-19.574257306673324,11.76986504083009,0.017270490527153015,4220.5078125,1957.1343977926138,0.03972038970768102
/content/Quran_Audio_Data/Yaser_Salamah_128kbps/051059.mp3,Quran_Audio_Data/Yaser_Salamah_128kbps/051059.mp3,Yaser_Salamah_128kbps,51,59,,,soundfile,11.896326530612244,11.8,44100,2,128.1,-13.625984347618832,-1.8773944132147335,0.8056200742721558,-0.0011926892912015319,0.0,0.0,0,0.000846740050804403,0.01,0.0,-27.35491783064807,-16.219595886619917,11.135321944028153,0.0014545719604939222,2497.8515625,1247.4861313701388,0.028766467524509804
/content/Quran_Audio_Data/aziz_alili_128kbps/051059.mp3,Quran_Audio_Data/aziz_alili_128kbps/051059.mp3,aziz_alili_128kbps,51,59,,,soundfile,10.358979591836734,10.23,44100,2,128.1,-13.6331747684598,-0.18046728882684848,0.9794372916221619,0.00018986342183779925,0.0,0.0,0,0.0038948393378773127,0.04,0.0,-23.714949733580198,-16.032133201521518,7.6828165320586805,0.03898955509066582,4306.640625,2304.6219460221346,0.0409269967235062
/content/Quran_Audio_Data/Abdul_Basit_Murattal_192kbps/005074.mp3,Quran_Audio_Data/Abdul_Basit_Murattal_192kbps/005074.mp3,Abdul_Basit_Murattal_192kbps,5,74,,,soundfile,12.250249433106577,11.27,44100,2,192.1,-21.556519546117492,-4.254499293573179,0.612738311290741,-7.705972166149877e-06,0.0,0.0,0,0.07849550286181521,0.02,0.03,-58.06579539636575,-28.708739687952882,29.35705570841287,0.018560165539383888,3402.24609375,1729.4819969864955,0.034304994525331436
/content/Quran_Audio_Data/Abdullah_Basfar_192kbps/005074.mp3,Quran_Audio_Data/Abdullah_Basfar_192kbps/005074.mp3,Abdullah_Basfar_192kbps,5,74,,,soundfile,12.537845804988661,11.57,44100,2,192.1,-19.00398773494431,-0.05806118900450724,0.9933377504348755,-1.6105208260341897e-06,0.0,0.0,0,0.07217321571772253,0.32,0.0,-52.008030147027085,-25.39726207585834,26.610768071168746,0.13316424190998077,8225.68359375,3927.617225683637,0.08686233009990706
/content/Quran_Audio_Data/Abu_Bakr_Ash-Shaatree_128kbps/005074.mp3,Quran_Audio_Data/Abu_Bakr_Ash-Shaatree_128kbps/005074.mp3,Abu_Bakr_Ash-Shaatree_128kbps,5,74,,,soundfile,9.216190476190476,9.14,44100,2,127.8,-20.886946379354722,-4.487407722489429,0.5965263247489929,-5.58129686396569e-05,0.0,0.0,0,0.004357298474945534,0.04,0.0,-35.87753538311568,-23.989464952865323,11.888070430250355,0.02830127812922001,4220.5078125,2322.0556074944348,0.050091006265762926
/content/Quran_Audio_Data/Hudhaify_128kbps/005074.mp3,Quran_Audio_Data/Hudhaify_128kbps/005074.mp3,Hudhaify_128kbps,5,74,,,soundfile,11.074784580498866,10.48,44100,2,128.1,-18.908415883347985,-2.3410410983345717,0.7637442350387573,-1.039104063238483e-06,0.0,0.0,0,0.051583710407239816,0.07,0.0,-54.30478076759148,-24.771695487323964,29.533085280267517,0.014882859773933887,2260.986328125,1399.2116683254417,0.02773273715932914
/content/Quran_Audio_Data/Husary_128kbps/005074.mp3,Quran_Audio_Data/Husary_128kbps/005074.mp3,Husary_128kbps,5,74,,,soundfile,18.51374149659864,17.06,44100,2,128.1,-22.390151981077857,-3.9191057397874136,0.6368610858917236,0.0003249077417422086,0.0,0.0,0,0.06469298245614036,0.34,0.33,-57.122136888065484,-27.872335368100806,29.249801519964677,0.011066052131354809,3703.7109375,2261.6351649921344,0.05350668507628735
/content/Quran_Audio_Data/Minshawy_Murattal_128kbps/005074.mp3,Quran_Audio_Data/Minshawy_Murattal_128kbps/005074.mp3,Minshawy_Murattal_128kbps,5,74,,,soundfile,11.388253968253968,9.99,44100,2,128.1,-22.033819723602257,-4.009881233303115,0.6302399635314941,9.587987733539194e-05,0.0,0.0,0,0.12137203166226913,0.8,0.33,-66.59352438990229,-27.85103569563358,38.7424886942687,0.018864203244447708,3402.24609375,1999.715792105356,0.05204251879459735
/content/Quran_Audio_Data/Muhammad_Ayyoub_128kbps/005074.mp3,Quran_Audio_Data/Muhammad_Ayyoub_128kbps/005074.mp3,Muhammad_Ayyoub_128kbps,5,74,,,soundfile,12.197981859410431,11.82,44100,2,128.1,-17.826036015462545,-2.2584206101067714,0.7710436582565308,-0.000805887917522341,0.0,0.0,0,0.029556650246305417,0.05,0.0,-51.383899356586696,-23.18849068865407,28.195408667932625,0.02584175579249859,4844.970703125,2247.5667498907023,0.036124914515937204
/content/Quran_Audio_Data/Yaser_Salamah_128kbps/005074.mp3,Quran_Audio_Data/Yaser_Salamah_128kbps/005074.mp3,Yaser_Salamah_128kbps,5,74,,,soundfile,11.870204081632654,11.48,44100,2,128.1,-15.455579967092547,-2.7717341014803596,0.7267972826957703,-0.0005976756219752133,0.0,0.0,0,0.026293469041560644,0.31,0.0,-29.689595936202494,-17.899218810658198,11.790377125544296,0.009229572489857674,3639.111328125,1973.6941863312672,0.03365159549975442
/content/Quran_Audio_Data/aziz_alili_128kbps/005074.mp3,Quran_Audio_Data/aziz_alili_128kbps/005074.mp3,aziz_alili_128kbps,5,74,,,soundfile,9.335079365079364,9.14,44100,2,128.1,-12.16620450119028,-0.20791793814330137,0.9763467907905579,0.00036226995871402323,0.0,0.0,0,0.004357298474945534,0.04,0.0,-26.70612871603114,-16.03180115032303,10.674327565708111,0.031587738543748856,4069.775390625,2122.69774698517,0.033495601158575035
/content/Quran_Audio_Data/Abdul_Basit_Murattal_192kbps/090014.mp3,Quran_Audio_Data/Abdul_Basit_Murattal_192kbps/090014.mp3,Abdul_Basit_Murattal_192kbps,90,14,,,soundfile,7.2351927437641725,7.17,44100,2,192.2,-25.14129069773145,-7.099982148834377,0.44157135486602783,-3.041983836737927e-05,0.0,0.0,0,0.006925207756232687,0.02,0.0,-52.33319888667705,-30.568245811813433,21.76495307486362,0.03489263728260994,6136.962890625,2859.079383707316,0.06830929487179487
/content/Quran_Audio_Data/Abdullah_Basfar_192kbps/090014.mp3,Quran_Audio_Data/Abdullah_Basfar_192kbps/090014.mp3,Abdullah_Basfar_192kbps,90,14,,,soundfile,7.52249433106576,7.22,44100,2,192.2,-21.286740518694486,-1.2967716884002942,0.8613138198852539,-4.9897794269782025e-06,0.0,0.0,0,0.037333333333333336,0.03,0.0,-42.9432640336567,-26.709361249082143,16.23390278457456,0.10215667635202408,8225.68359375,3756.351260318741,0.07172158323688271
/content/Quran_Audio_Data/Abu_Bakr_Ash-Shaatree_128kbps/090014.mp3,Quran_Audio_Data/Abu_Bakr_Ash-Shaatree_128kbps/090014.mp3,Abu_Bakr_Ash-Shaatree_128kbps,90,14,,,soundfile,5.067233560090703,5.01,44100,2,128.2,-21.040519995277194,-6.507097514485041,0.472764790058136,-5.339398194337264e-05,0.0,0.0,0,0.007920792079207921,0.04,0.0,-28.7121142894244,-22.408177466010326,6.303936823414073,0.03875599056482315,4306.640625,2476.0950076895547,0.05801831557494279
/content/Quran_Audio_Data/Hudhaify_128kbps/090014.mp3,Quran_Audio_Data/Hudhaify_128kbps/090014.mp3,Hudhaify_128kbps,90,14,,,soundfile,6.529977324263038,6.390000000000001,44100,2,128.2,-16.494903578657514,-1.4046646623551333,0.8506810665130615,-2.030021960308659e-06,0.0,0.0,0,0.018433179723502304,0.06,0.0,-46.8265034985489,-22.202866478417786,24.623637020131117,0.007977613247931004,2713.18359375,1557.8352260365114,0.03583880300843695
/content/Quran_Audio_Data/Husary_128kbps/090014.mp3,Quran_Audio_Data/Husary_128kbps/090014.mp3,Husary_128kbps,90,14,,,soundfile,10.39047619047619,9.26,44100,2,128.1,-24.41043424009703,-4.590988512949184,0.5894548892974854,0.0006890883669257164,0.0,0.0,0,0.08498023715415019,0.86,0.0,-55.75500769771361,-29.964009725777103,25.790997971936505,0.004048885777592659,3316.11328125,2011.634601127492,0.05516013837242563
/content/Quran_Audio_Data/Minshawy_Murattal_128kbps/090014.mp3,Quran_Audio_Data/Minshawy_Murattal_128kbps/090014.mp3,Minshawy_Murattal_128kbps,90,14,,,soundfile,8.227755102040817,8.15,44100,2,128.1,-18.523614247946423,-0.6698939009251427,0.9257746934890747,-2.473343010933604e-05,0.0,0.0,0,0.007308160779537149,0.04,0.0,-35.43696412462178,-22.844897819798934,12.592066304822847,0.01746528409421444,3488.37890625,1995.1086790076256,0.053511217383638926
/content/Quran_Audio_Data/Muhammad_Ayyoub_128kbps/090014.mp3,Quran_Audio_Data/Muhammad_Ayyoub_128kbps/090014.mp3,Muhammad_Ayyoub_128kbps,90,14,,,soundfile,6.634399092970521,6.48,44100,2,128.2,-15.107733517642428,-1.3835277632153766,0.8527536988258362,-0.0006462570163421333,0.0,0.0,0,0.019667170953101363,0.13,0.0,-34.5542132895735,-18.52554417085536,16.02866911871814,0.01834130473434925,5620.166015625,2565.699627994675,0.046746954217657344
/content/Quran_Audio_Data/Yaser_Salamah_128kbps/090014.mp3,Quran_Audio_Data/Yaser_Salamah_128kbps/090014.mp3,Yaser_Salamah_128kbps,90,14,,,soundfile,6.384988662131519,6.29,44100,2,128.2,-16.713313686904335,-2.9694470310360277,0.7104403972625732,-0.0012802559649571776,0.0,0.0,0,0.0015873015873015873,0.01,0.0,-28.064450448439512,-18.79877864151288,9.265671806926633,0.002516603097319603,2799.31640625,1444.8447009649021,0.032274942660550456
/content/Quran_Audio_Data/aziz_alili_128kbps/090014.mp3,Quran_Audio_Data/aziz_alili_128kbps/090014.mp3,aziz_alili_128kbps,90,14,,,soundfile,5.879410430839002,5.7700000000000005,44100,2,128.2,-13.683274090377438,-0.3531459905077795,0.9601579904556274,0.0002999398857355118,0.0,0.0,0,0.0068846815834767644,0.04,0.0,-25.87323207451337,-16.75776430297721,9.11546777153616,0.03978632017970085,4198.974609375,2403.3060272648363,0.044867405378486054
/content/Quran_Audio_Data/Abdul_Basit_Murattal_192kbps/042024.mp3,Quran_Audio_Data/Abdul_Basit_Murattal_192kbps/042024.mp3,Abdul_Basit_Murattal_192kbps,42,24,,,soundfile,30.92596371882086,29.900000000000002,44100,2,192.1,-23.37954625575783,-6.30229327405889,0.48404455184936523,-2.0870715161436237e-05,0.0,0.0,0,0.032675509543836946,0.02,0.0,-52.51644129800609,-29.131394221392558,23.385047076613535,0.016850367188453674,3445.3125,1803.537273354203,0.03866787930508633
/content/Quran_Audio_Data/Abdullah_Basfar_192kbps/042024.mp3,Quran_Audio_Data/Abdullah_Basfar_192kbps/042024.mp3,Abdullah_Basfar_192kbps,42,24,,,soundfile,25.2840589569161,24.47,44100,2,192.1,-21.142834596286058,-1.5535453830674788,0.8362241983413696,-4.405496554227284e-07,0.0,0.0,0,0.03127474267616785,0.33,0.0,-46.378723047271606,-27.855158938539844,18.52356410873176,0.07946756482124329,4844.970703125,2784.2222060392555,0.06323914751205234
/content/Quran_Audio_Data/Abu_Bakr_Ash-Shaatree_128kbps/042024.mp3,Quran_Audio_Data/Abu_Bakr_Ash-Shaatree_128kbps/042024.mp3,Abu_Bakr_Ash-Shaatree_128kbps,42,24,,,soundfile,20.634671201814058,20.6,44100,2,128.1,-19.723928989034935,-3.934853328550205,0.6357074975967407,-4.410211477079429e-05,0.0,0.0,0,0.00048520135856380397,0.01,0.0,-33.808246577380956,-22.592000569900776,11.21624600748018,0.025973206385970116,4134.375,2207.9905256310317,0.04303740596878515
/content/Quran_Audio_Data/Hudhaify_128kbps/042024.mp3,Quran_Audio_Data/Hudhaify_128kbps/042024.mp3,Hudhaify_128kbps,42,24,,,soundfile,27.16471655328798,25.13,44100,2,128.1,-17.792175460887613,-1.16193610406217,0.874788761138916,-9.624676522435038e-07,0.0,0.0,0,0.07406042741341194,0.17,0.17,-48.73767858062679,-21.177096695402458,27.560581885224334,0.012101419270038605,3229.98046875,1681.1361924859968,0.031838232839209404
/content/Quran_Audio_Data/Husary_128kbps/042024.mp3,Quran_Audio_Data/Husary_128kbps/042024.mp3,Husary_128kbps,42,24,,,soundfile,34.94312925170068,34.550000000000004,44100,2,128.0,-24.523969185622214,-6.050699402035558,0.49827033281326294,0.0006277877255342901,0.0,0.0,0,0.003461205653302567,0.07,0.0,-60.86153178545761,-33.467211743058186,27.39432004239942,0.0032617412507534027,3186.9140625,1657.8739303376901,0.03858941117430579
/content/Quran_Audio_Data/Minshawy_Murattal_128kbps/042024.mp3,Quran_Audio_Data/Minshawy_Murattal_128kbps/042024.mp3,Minshawy_Murattal_128kbps,42,24,,,soundfile,22.750453514739228,22.3,44100,2,128.1,-19.381812502403747,-2.166601686478388,0.7792376279830933,0.00021888881747145206,0.0,0.0,0,0.01891772987241531,0.43,0.0,-41.79617515422718,-25.12132532166468,16.674849832562497,0.009318066760897636,3165.380859375,1623.1118656019432,0.03982606226084184
/content/Quran_Audio_Data/Muhammad_Ayyoub_128kbps/042024.mp3,Quran_Audio_Data/Muhammad_Ayyoub_128kbps/042024.mp3,Muhammad_Ayyoub_128kbps,42,24,,,soundfile,29.306507936507938,27.71,44100,2,128.0,-16.506067783693133,-1.320747005161354,0.8589396476745605,-0.001059630187228322,0.0,0.0,0,0.053943325367019464,0.07,0.0,-43.12811309932118,-20.046816838175438,23.081296261145745,0.017497528344392776,4371.240234375,2181.2758493517495,0.043095606435643564
/content/Quran_Audio_Data/Yaser_Salamah_128kbps/042024.mp3,Quran_Audio_Data/Yaser_Salamah_128kbps/042024.mp3,Yaser_Salamah_128kbps,42,24,,,soundfile,22.97111111111111,22.5,44100,2,128.1,-18.758149858787313,-4.9156703068089005,0.567827582359314,-0.0009900354780256748,0.0,0.0,0,0.01703800786369594,0.39,0.0,-35.0117765972293,-21.679017292042168,13.332759305187132,0.0017392142908647656,2627.05078125,1320.6889570907636,0.02793097375253293
/content/Quran_Audio_Data/aziz_alili_128kbps/042024.mp3,Quran_Audio_Data/aziz_alili_128kbps/042024.mp3,aziz_alili_128kbps,42,24,,,soundfile,24.181632653061225,24.07,44100,2,128.1,-14.009207399352587,-0.10948167653311477,0.9874745607376099,0.00015940122830215842,0.0,0.0,0,0.0008302200083022001,0.02,0.0,-28.781726449528744,-18.490223646121283,10.291502803407461,0.030019523575901985,3919.04296875,2099.224821850926,0.036522591177178626
/content/Quran_Audio_Data/Abdul_Basit_Murattal_192kbps/012055.mp3,Quran_Audio_Data/Abdul_Basit_Murattal_192kbps/012055.mp3,Abdul_Basit_Murattal_192kbps,12,55,,,soundfile,9.533718820861678,9.02,44100,2,192.1,-19.11485415466756,-1.5902608899261017,0.8326969146728516,-2.2947544493945315e-05,0.0,0.0,0,0.05152471083070452,0.02,0.0,-50.07040722610567,-24.05334004268987,26.0170671834158,0.017718851566314697,3402.24609375,1967.9563422092965,0.04488979812956204
/content/Quran_Audio_Data/Abdullah_Basfar_192kbps/012055.mp3,Quran_Audio_Data/Abdullah_Basfar_192kbps/012055.mp3,Abdullah_Basfar_192kbps,12,55,,,soundfile,10.996507936507937,10.49,44100,2,192.1,-19.953884267958472,-0.6581446361963821,0.9270278215408325,1.546221028547734e-06,0.0,0.0,0,0.044626593806921674,0.39,0.1,-45.220196861751,-24.836951436030315,20.383245425720684,0.08245028555393219,6847.55859375,3286.5936734735287,0.07632999983517932
/content/Quran_Audio_Data/Abu_Bakr_Ash-Shaatree_128kbps/012055.mp3,Quran_Audio_Data/Abu_Bakr_Ash-Shaatree_128kbps/012055.mp3,Abu_Bakr_Ash-Shaatree_128kbps,12,55,,,soundfile,9.272585034013606,9.21,44100,2,128.1,-21.084915843536052,-4.838724528229158,0.5728801488876343,-5.955422602710314e-05,0.0,0.0,0,0.004324324324324324,0.04,0.0,-31.642577344977106,-23.617880557805407,8.024696787171699,0.02569877915084362,4177.44140625,2340.8483302295576,0.05468261107634543
/content/Quran_Audio_Data/Hudhaify_128kbps/012055.mp3,Quran_Audio_Data/Hudhaify_128kbps/012055.mp3,Hudhaify_128kbps,12,55,,,soundfile,9.873333333333333,9.28,44100,2,128.1,-18.624895296406084,-0.4030569458436434,0.9546565413475037,-1.0760941222542897e-06,0.0,0.0,0,0.05786802030456853,0.4,0.17,-52.25547969093304,-22.54019212529193,29.715287565641113,0.011350389569997787,2993.115234375,1657.012730001471,0.0318748393434195
/content/Quran_Audio_Data/Husary_128kbps/012055.mp3,Quran_Audio_Data/Husary_128kbps/012055.mp3,Husary_128kbps,12,55,,,soundfile,16.908662131519275,15.49,44100,2,127.8,-18.55937310717075,-0.8613910975823831,0.9055875539779663,0.00039244734216481447,0.0,0.0,0,0.06630500301386377,0.1,1.0,-46.878986381371504,-22.40610463444629,24.472881746925214,0.008199949748814106,3251.513671875,1849.353246188997,0.04619133805429469
/content/Quran_Audio_Data/Minshawy_Murattal_128kbps/012055.mp3,Quran_Audio_Data/Minshawy_Murattal_128kbps/012055.mp3,Minshawy_Murattal_128kbps,12,55,,,soundfile,11.022607709750567,10.85,44100,2,128.1,-16.137227302190016,-1.5866580434365893,0.8330423831939697,0.00019803395844064653,0.0,0.0,0,0.013636363636363636,0.04,0.1,-30.856058942790046,-20.53198686777164,10.324072075018407,0.006726599298417568,2928.515625,1586.2967422065797,0.04479440789473684
/content/Quran_Audio_Data/Muhammad_Ayyoub_128kbps/012055.mp3,Quran_Audio_Data/Muhammad_Ayyoub_128kbps/012055.mp3,Muhammad_Ayyoub_128kbps,12,55,,,soundfile,12.093560090702947,12.05,44100,2,128.1,-16.21983060210908,-0.9533697903823412,0.8960484862327576,-0.0014804656384512782,0.0,0.0,0,0.0016570008285004142,0.02,0.0,-26.847509241382415,-19.182670933257604,7.664838308124811,0.021992074325680733,4931.103515625,2306.1032904063777,0.047513701865403074
/content/Quran_Audio_Data/Yaser_Salamah_128kbps/012055.mp3,Quran_Audio_Data/Yaser_Salamah_128kbps/012055.mp3,Yaser_Salamah_128kbps,12,55,,,soundfile,11.844081632653062,11.41,44100,2,128.1,-15.798563392982317,-4.979196043653165,0.5636898279190063,-0.0012135703582316637,0.0,0.0,0,0.02976190476190476,0.34,0.01,-36.816023101893556,-18.868807958804638,17.94721514308892,0.0012809410691261292,2605.517578125,1297.9279112732147,0.02730189732142857
/content/Quran_Audio_Data/aziz_alili_128kbps/012055.mp3,Quran_Audio_Data/aziz_alili_128kbps/012055.mp3,aziz_alili_128kbps,12,55,,,soundfile,8.439160997732426,8.25,44100,2,128.1,-13.446901166125604,-0.26269293088980383,0.9702091217041016,0.00017040302918758243,0.0,0.0,0,0.01079136690647482,0.07,0.0,-25.401557072381078,-16.990793776565702,8.410763295815375,0.0270330011844635,3014.6484375,1806.5008554152096,0.029867100814840498
/content/Quran_Audio_Data/Abdul_Basit_Murattal_192kbps/034007.mp3,Quran_Audio_Data/Abdul_Basit_Murattal_192kbps/034007.mp3,Abdul_Basit_Murattal_192kbps,34,7,,,soundfile,16.952698412698414,16.45,44100,2,191.8,-18.37182086435255,-3.6006971866931248,0.6606404185295105,-1.7098995158448815e-05,0.0,0.0,0,0.027202838557066823,0.02,0.0,-37.83821764461117,-22.429182399656458,15.409035244954712,0.026342496275901794,3531.4453125,2190.180415269407,0.05724604020305003
/content/Quran_Audio_Data/Abdullah_Basfar_192kbps/034007.mp3,Quran_Audio_Data/Abdullah_Basfar_192kbps/034007.mp3,Abdullah_Basfar_192kbps,34,7,,,soundfile,16.92655328798186,16.7,44100,2,191.8,-25.848255414499548,-5.686573743372333,0.5196025967597961,4.2850675185945875e-07,0.0,0.0,0,0.01066350710900474,0.04,0.0,-41.81839369933959,-30.26797837125125,11.550415328088338,0.07064801454544067,5232.568359375,2842.9123820492405,0.05269077845982143
/content/Quran_Audio_Data/Abu_Bakr_Ash-Shaatree_128kbps/034007.mp3,Quran_Audio_Data/Abu_Bakr_Ash-Shaatree_128kbps/034007.mp3,Abu_Bakr_Ash-Shaatree_128kbps,34,7,,,soundfile,17.34360544217687,17.28,44100,2,128.1,-22.571441719532817,-6.580380309104515,0.4687928557395935,-4.245288437232375e-05,0.0,0.0,0,0.0023094688221709007,0.04,0.0,-32.47780313838614,-24.662803228679483,7.8149999097066605,0.02414998970925808,4134.375,2107.6295214287297,0.037173760144745646
/content/Quran_Audio_Data/Hudhaify_128kbps/034007.mp3,Quran_Audio_Data/Hudhaify_128kbps/034007.mp3,Hudhaify_128kbps,34,7,,,soundfile,17.63092970521542,17.19,44100,2,192.1,-18.660572708093472,-1.3241543735963404,0.85860276222229,9.978551815947867e-07,0.0,0.0,0,0.02385008517887564,0.04,0.12,-34.790986019005246,-22.039087329915574,12.751898689089671,0.023018764331936836,2260.986328125,1306.000607252617,0.023655442519749836
/content/Quran_Audio_Data/Husary_128kbps/034007.mp3,Quran_Audio_Data/Husary_128kbps/034007.mp3,Husary_128kbps,34,7,,,soundfile,21.56981859410431,19.31,44100,2,128.1,-19.748567650408773,-0.3892791162285156,0.9561720490455627,0.000521720212418586,0.0,0.0,0,0.09342723004694836,0.71,0.67,-57.20879272260397,-23.950642290316928,33.25815043228704,0.006081937812268734,3552.978515625,1979.2198589042591,0.047729027031164946
/content/Quran_Audio_Data/Minshawy_Murattal_128kbps/034007.mp3,Quran_Audio_Data/Minshawy_Murattal_128kbps/034007.mp3,Minshawy_Murattal_128kbps,34,7,,,soundfile,18.07496598639456,17.42,44100,2,128.1,-20.127826483826915,-3.8858088860886846,0.6393071413040161,0.00021131134417373687,0.0,0.0,0,0.034903047091412745,0.05,0.0,-33.210087707098396,-23.031860411301725,10.17822729579667,0.01671026460826397,3359.1796875,1873.7600087772605,0.04573661789499037
/content/Quran_Audio_Data/Muhammad_Ayyoub_128kbps/034007.mp3,Quran_Audio_Data/Muhammad_Ayyoub_128kbps/034007.mp3,Muhammad_Ayyoub_128kbps,34,7,,,soundfile,20.895895691609976,20.78,44100,2,128.1,-16.620917525327783,-1.3795781655068837,0.8531415462493896,-0.0011438938090577722,0.0,0.0,0,0.004789272030651341,0.05,0.0,-29.149747219499602,-18.91307699552463,10.236670223974972,0.017688773572444916,4306.640625,2099.085658124881,0.03876898871527778
/content/Quran_Audio_Data/Yaser_Salamah_128kbps/034007.mp3,Quran_Audio_Data/Yaser_Salamah_128kbps/034007.mp3,Yaser_Salamah_128kbps,34,7,,,soundfile,16.284467120181407,15.860000000000001,44100,2,128.1,-18.006017715837622,-5.070289731317362,0.5578089952468872,-0.0001423778012394905,0.0,0.0,0,0.020987654320987655,0.34,0.0,-31.38670195013503,-20.199174109929213,11.187527840205817,0.0015287274727597833,2648.583984375,1337.2114104334366,0.02448740946888412
/content/Quran_Audio_Data/aziz_alili_128kbps/034007.mp3,Quran_Audio_Data/aziz_alili_128kbps/034007.mp3,aziz_alili_128kbps,34,7,,,soundfile,17.568299319727892,17.34,44100,2,127.8,-14.771007078588898,-0.2404493612265094,0.9726969003677368,0.00013633012713398784,0.0,0.0,0,0.0023014959723820483,0.04,0.0,-25.540044288498315,-18.037901802526918,7.502142485971397,0.03284361958503723,3854.443359375,2071.124107126816,0.031107326759506337
/content/Quran_Audio_Data/Abdul_Basit_Murattal_192kbps/079042.mp3,Quran_Audio_Data/Abdul_Basit_Murattal_192kbps/079042.mp3,Abdul_Basit_Murattal_192kbps,79,42,,,soundfile,6.634421768707483,6.57,44100,2,192.2,-22.23748066625605,-6.364744812977891,0.480576753616333,-2.461334952386096e-05,0.0,0.0,0,0.006051437216338881,0.02,0.0,-47.48603717169914,-27.571569676105952,19.914467495593186,0.03731971234083176,8397.94921875,3805.7346061150934,0.09804977737106643
/content/Quran_Audio_Data/Abdullah_Basfar_192kbps/079042.mp3,Quran_Audio_Data/Abdullah_Basfar_192kbps/079042.mp3,Abdullah_Basfar_192kbps,79,42,,,soundfile,7.052380952380952,6.58,44100,2,192.2,-18.049674542550946,-1.154385960350396,0.8755494952201843,-3.2575753721175715e-06,0.0,0.0,0,0.06401137980085349,0.45,0.0,-38.95194686601696,-22.941078427332837,16.010868438684124,0.10902631282806396,9689.94140625,4494.4925465412325,0.09113432231702302
/content/Quran_Audio_Data/Abu_Bakr_Ash-Shaatree_128kbps/079042.mp3,Quran_Audio_Data/Abu_Bakr_Ash-Shaatree_128kbps/079042.mp3,Abu_Bakr_Ash-Shaatree_128kbps,79,42,,,soundfile,6.373242630385487,6.3100000000000005,44100,2,128.2,-20.219391749618225,-5.356264323356309,0.5397427082061768,-5.2645107643911615e-05,0.0,0.0,0,0.006299212598425197,0.04,0.0,-30.93145377467983,-22.368528881904982,8.562924892774848,0.03195483237504959,6180.029296875,2938.35951908846,0.07733165414389799
/content/Quran_Audio_Data/Hudhaify_128kbps/079042.mp3,Quran_Audio_Data/Hudhaify_128kbps/079042.mp3,Hudhaify_128kbps,79,42,,,soundfile,6.138140589569161,6.07,44100,2,128.2,-15.8222130306674,-1.2409559069062124,0.8668664693832397,-3.836000360024627e-06,0.0,0.0,0,0.008169934640522876,0.05,0.0,-41.10684161756934,-21.123486115295375,19.983355502273962,0.008208884857594967,4694.23828125,2254.637986802491,0.06753234286389415
/content/Quran_Audio_Data/Husary_128kbps/079042.mp3,Quran_Audio_Data/Husary_128kbps/079042.mp3,Husary_128kbps,79,42,,,soundfile,11.800952380952381,9.99,44100,2,128.1,-17.356611141088607,-1.9125688129172258,0.8023642301559448,0.0005974697996862233,0.0,0.0,0,0.13356461405030357,1.3,0.24,-62.733455088099355,-23.586757832706002,39.14669725539335,0.004812536761164665,3316.11328125,1945.5734144891264,0.06563677763819095
/content/Quran_Audio_Data/Minshawy_Murattal_128kbps/079042.mp3,Quran_Audio_Data/Minshawy_Murattal_128kbps/079042.mp3,Minshawy_Murattal_128kbps,79,42,,,soundfile,8.227800453514739,8.08,44100,2,128.1,-15.01148649005595,-0.2523485384574764,0.9713652729988098,-2.182385651394725e-05,0.0,0.0,0,0.015834348355663823,0.05,0.0,-35.72430207904923,-20.271940615108157,15.452361463941074,0.013745995238423347,3273.046875,1854.5809933005366,0.06684907770627645
/content/Quran_Audio_Data/Muhammad_Ayyoub_128kbps/079042.mp3,Quran_Audio_Data/Muhammad_Ayyoub_128kbps/079042.mp3,Muhammad_Ayyoub_128kbps,79,42,,,soundfile,6.947936507936508,6.82,44100,2,128.2,-16.603958174021155,-2.025733706561033,0.7919783592224121,-0.0007432438433170319,0.0,0.0,0,0.015873015873015872,0.06,0.0,-40.698523644427915,-21.678273166450282,19.020250477977633,0.01577010191977024,4328.173828125,2165.881452446419,0.05816986644407346
/content/Quran_Audio_Data/Yaser_Salamah_128kbps/079042.mp3,Quran_Audio_Data/Yaser_Salamah_128kbps/079042.mp3,Yaser_Salamah_128kbps,79,42,,,soundfile,5.3402267573696145,5.25,44100,2,128.2,-16.64547503283452,-3.093313855405839,0.7003809213638306,-0.0016407236689701676,0.0,0.0,0,0.0019011406844106464,0.01,0.0,-29.476857399259927,-19.158694116924448,10.31816328233548,0.002629497554153204,3014.6484375,1616.3530658005166,0.0452137706043956
/content/Quran_Audio_Data/aziz_alili_128kbps/079042.mp3,Quran_Audio_Data/aziz_alili_128kbps/079042.mp3,aziz_alili_128kbps,79,42,,,soundfile,5.239478458049887,5.14,44100,2,128.2,-11.914014458366102,-0.2254862970246602,0.974373996257782,0.00039537152042612433,0.0,0.0,0,0.001941747572815534,0.01,0.0,-20.96036038334602,-14.123606210728088,6.836754172617933,0.04402599856257439,7795.01953125,2993.4685548495618,0.06593220116311659
/content/Quran_Audio_Data/Abdul_Basit_Murattal_192kbps/069016.mp3,Quran_Audio_Data/Abdul_Basit_Murattal_192kbps/069016.mp3,Abdul_Basit_Murattal_192kbps,69,16,,,soundfile,9.716575963718821,9.6,44100,2,192.1,-22.268314379552816,-5.605887535031096,0.5244518518447876,-3.1149626011028886e-05,0.0,0.0,0,0.010309278350515464,0.02,0.0,-45.36609918410431,-26.776088050982366,18.59001113312194,0.03340471163392067,6933.69140625,3332.8836513229403,0.09088331653225806
/content/Quran_Audio_Data/Abdullah_Basfar_192kbps/069016.mp3,Quran_Audio_Data/Abdullah_Basfar_192kbps/069016.mp3,Abdullah_Basfar_192kbps,69,16,,,soundfile,9.06360544217687,8.620000000000001,44100,2,192.1,-17.870007994990036,-1.352433641065949,0.8558118939399719,2.8553438369272044e-06,0.0,0.0,0,0.046460176991150445,0.42,0.0,-40.10837181707544,-23.84190149783099,16.266470319244448,0.11272265017032623,8548.681640625,3853.7347207737557,0.08168864036491677
/content/Quran_Audio_Data/Abu_Bakr_Ash-Shaatree_128kbps/069016.mp3,Quran_Audio_Data/Abu_Bakr_Ash-Shaatree_128kbps/069016.mp3,Abu_Bakr_Ash-Shaatree_128kbps,69,16,,,soundfile,7.496371882086168,7.44,44100,2,128.1,-19.48368280482467,-0.9714969120289352,0.894180417060852,-1.8250007997266948e-05,0.0,0.0,0,0.0053475935828877,0.04,0.0,-35.23747394190042,-22.565862489440406,12.671611452460013,0.02194572053849697,4521.97265625,2772.5798931115464,0.08754822344233747
/content/Quran_Audio_Data/Hudhaify_128kbps/069016.mp3,Quran_Audio_Data/Hudhaify_128kbps/069016.mp3,Hudhaify_128kbps,69,16,,,soundfile,9.821088435374149,9.33,44100,2,128.1,-17.666480438902788,-0.578308229395838,0.9355878829956055,-2.7919761578232283e-06,0.0,0.0,0,0.04795918367346939,0.35000000000000003,0.12,-40.61867754541544,-20.77085605500795,19.847821490407487,0.005210529081523418,3682.177734375,1941.6858296353516,0.05435505319148936
/content/Quran_Audio_Data/Husary_128kbps/069016.mp3,Quran_Audio_Data/Husary_128kbps/069016.mp3,Husary_128kbps,69,16,,,soundfile,10.677823129251701,8.97,44100,2,128.1,-20.445560116429427,-2.888757581432972,0.7170709371566772,0.0005964618758298457,0.0,0.0,0,0.1375,0.11,1.25,-62.14058025127219,-26.015065288988552,36.12551496228364,0.0073457262478768826,2799.31640625,1553.253504717078,0.03694897080317372
/content/Quran_Audio_Data/Minshawy_Murattal_128kbps/069016.mp3,Quran_Audio_Data/Minshawy_Murattal_128kbps/069016.mp3,Minshawy_Murattal_128kbps,69,16,,,soundfile,9.818390022675738,9.74,44100,2,127.8,-17.093553696971206,-2.6326829673774768,0.7385261058807373,-1.9698032701853663e-05,0.0,0.0,0,0.00408997955010225,0.04,0.0,-36.045525308846706,-21.39256840228018,14.652956906566526,0.015372336842119694,3531.4453125,1948.40200230333,0.05941815850859005
/content/Quran_Audio_Data/Muhammad_Ayyoub_128kbps/069016.mp3,Quran_Audio_Data/Muhammad_Ayyoub_128kbps/069016.mp3,Muhammad_Ayyoub_128kbps,69,16,,,soundfile,8.985238095238095,8.89,44100,2,128.1,-15.702081674216457,-1.1675347701249452,0.8742250800132751,-0.00032734256819821894,0.0,0.0,0,0.008918617614269788,0.06,0.0,-32.512588251849095,-19.601051409521357,12.911536842327738,0.022773901000618935,4801.904296875,2282.806726395079,0.04409671753875969
/content/Quran_Audio_Data/Yaser_Salamah_128kbps/069016.mp3,Quran_Audio_Data/Yaser_Salamah_128kbps/069016.mp3,Yaser_Salamah_128kbps,69,16,,,soundfile,10.146258503401361,10.040000000000001,44100,2,128.1,-17.384710064431047,-3.8302716677988036,0.643407940864563,-0.0014849897706881166,0.0,0.0,0,0.0019880715705765406,0.01,0.01,-29.52088541854596,-19.463206254101056,10.057679164444902,0.0020093906205147505,2885.44921875,1491.0003821949274,0.0350051019490794
/content/Quran_Audio_Data/aziz_alili_128kbps/069016.mp3,Quran_Audio_Data/aziz_alili_128kbps/069016.mp3,aziz_alili_128kbps,69,16,,,soundfile,7.287278911564626,7.12,44100,2,128.2,-12.977705777405824,-0.2729492186205754,0.9690641760826111,0.00027968219364993274,0.0,0.0,0,0.00558659217877095,0.04,0.0,-27.964793348166292,-16.190864070731035,11.773929277435258,0.0356244295835495,7105.95703125,2596.981467021777,0.04287803538974152
/content/Quran_Audio_Data/Abdul_Basit_Murattal_192kbps/014042.mp3,Quran_Audio_Data/Abdul_Basit_Murattal_192kbps/014042.mp3,Abdul_Basit_Murattal_192kbps,14,42,,,soundfile,17.108526077097505,16.42,44100,2,192.1,-21.146932709667148,-3.738570098059934,0.6502367258071899,-2.1770825696876273e-05,0.0,0.0,0,0.03920421299005266,0.02,0.0,-45.89032647096576,-26.04023548896851,19.85009098199725,0.021046802401542664,3574.51171875,1981.8819066487385,0.04344775589382632
/content/Quran_Audio_Data/Abdullah_Basfar_192kbps/014042.mp3,Quran_Audio_Data/Abdullah_Basfar_192kbps/014042.mp3,Abdullah_Basfar_192kbps,14,42,,,soundfile,20.216802721088435,19.22,44100,2,192.1,-17.505957194291824,0.07381561977911,1.008534550666809,-4.0493702613275673e-07,1.2337910698202367e-05,8.973025962328994e-06,2,0.048514851485148516,0.22,0.0,-41.05415757611139,-23.032660244876748,18.021497331234645,0.07824314385652542,6330.76171875,2921.770144567827,0.06575287250645809
/content/Quran_Audio_Data/Abu_Bakr_Ash-Shaatree_128kbps/014042.mp3,Quran_Audio_Data/Abu_Bakr_Ash-Shaatree_128kbps/014042.mp3,Abu_Bakr_Ash-Shaatree_128kbps,14,42,,,soundfile,16.377142857142857,16.32,44100,2,128.1,-20.55200389664426,-6.493841183757532,0.47348687052726746,-3.917457797797397e-05,0.0,0.0,0,0.0024449877750611247,0.04,0.0,-29.753141694419988,-22.47627219769899,7.276869496720998,0.02378520742058754,3962.109375,1939.5052422135252,0.033123878787207656
/content/Quran_Audio_Data/Hudhaify_128kbps/014042.mp3,Quran_Audio_Data/Hudhaify_128kbps/014042.mp3,Hudhaify_128kbps,14,42,,,soundfile,19.09362811791383,18.34,44100,2,128.1,-17.940250780339476,-0.5921998802548853,0.9340927600860596,1.237776245943678e-06,0.0,0.0,0,0.03828002097535396,0.06,0.0,-42.03373192828314,-21.979440527185798,20.05429140109734,0.011371425352990627,2971.58203125,1515.2747564612864,0.03394489694148936
/content/Quran_Audio_Data/Husary_128kbps/014042.mp3,Quran_Audio_Data/Husary_128kbps/014042.mp3,Husary_128kbps,14,42,,,soundfile,29.013968253968255,26.78,44100,2,128.0,-17.550362183208026,-1.0949075869501457,0.8815655708312988,0.00038343429332599044,0.0,0.0,0,0.06819763395963814,0.8300000000000001,0.59,-47.131324967504646,-21.619938155641037,25.51138681186361,0.010516989976167679,3380.712890625,1831.0578385244278,0.04513369999747781
/content/Quran_Audio_Data/Minshawy_Murattal_128kbps/014042.mp3,Quran_Audio_Data/Minshawy_Murattal_128kbps/014042.mp3,Minshawy_Murattal_128kbps,14,42,,,soundfile,18.54512471655329,18.150000000000002,44100,2,128.1,-16.611304722833697,-2.4877880853428636,0.7509492635726929,0.00034973412402905524,0.0,0.0,0,0.02050728548300054,0.04,0.0,-39.188941979845886,-20.304496138903282,18.884445840942604,0.017743976786732674,3875.9765625,2038.4589015655974,0.042995944637828534
/content/Quran_Audio_Data/Muhammad_Ayyoub_128kbps/014042.mp3,Quran_Audio_Data/Muhammad_Ayyoub_128kbps/014042.mp3,Muhammad_Ayyoub_128kbps,14,42,,,soundfile,23.481768707482992,23.27,44100,2,128.1,-14.597108487171047,-0.8056971937406577,0.9114128351211548,-0.0007215700461529195,0.0,0.0,0,0.008098891730605285,0.07,0.0,-29.271037232832548,-17.930181052743226,11.340856180089322,0.016516929492354393,4005.17578125,1913.8749891215543,0.03726505537876915
/content/Quran_Audio_Data/Yaser_Salamah_128kbps/014042.mp3,Quran_Audio_Data/Yaser_Salamah_128kbps/014042.mp3,Yaser_Salamah_128kbps,14,42,,,soundfile,21.952471655328797,21.09,44100,2,128.1,-16.929913567751445,-3.559464828019661,0.6637839674949646,-0.001003457116894424,0.0,0.0,0,0.03566529492455418,0.78,0.0,-31.95633679885037,-18.80381060030569,13.152526198544678,0.001305525191128254,2885.44921875,1400.3561495983151,0.035553140326749735
/content/Quran_Audio_Data/aziz_alili_128kbps/014042.mp3,Quran_Audio_Data/aziz_alili_128kbps/014042.mp3,aziz_alili_128kbps,14,42,,,soundfile,17.782244897959185,17.59,44100,2,128.1,-15.368982184881288,-0.24364984670253909,0.9723385572433472,5.1233455451438203e-05,0.0,0.0,0,0.002834467120181406,0.05,0.0,-30.65676507785296,-19.51456763213812,11.142197445714839,0.03035944327712059,3897.509765625,2056.6116684560625,0.03789505225443495
/content/Quran_Audio_Data/Abdul_Basit_Murattal_192kbps/027057.mp3,Quran_Audio_Data/Abdul_Basit_Murattal_192kbps/027057.mp3,Abdul_Basit_Murattal_192kbps,27,57,,,soundfile,13.373356009070294,13.27,44100,2,192.1,-20.260730635252454,-3.830862302310826,0.6433641910552979,-2.4328144718310796e-05,0.0,0.0,0,0.00599250936329588,0.02,0.0,-35.043182105623465,-23.895652536051802,11.147529569571663,0.01708822324872017,3402.24609375,1772.5757192434405,0.038218180338541664
/content/Quran_Audio_Data/Abdullah_Basfar_192kbps/027057.mp3,Quran_Audio_Data/Abdullah_Basfar_192kbps/027057.mp3,Abdullah_Basfar_192kbps,27,57,,,soundfile,11.780045351473923,11.72,44100,2,192.1,-24.309075784000115,-4.0819838308769265,0.6250299215316772,5.352644052436517e-07,0.0,0.0,0,0.003401360544217687,0.02,0.0,-43.21021312156384,-28.862880347447945,14.347332774115895,0.047455742955207825,4543.505859375,2506.78231853415,0.04556072967980296
/content/Quran_Audio_Data/Abu_Bakr_Ash-Shaatree_128kbps/027057.mp3,Quran_Audio_Data/Abu_Bakr_Ash-Shaatree_128kbps/027057.mp3,Abu_Bakr_Ash-Shaatree_128kbps,27,57,,,soundfile,13.503990929705216,13.44,44100,2,128.1,-21.159014379473263,-4.224055056609652,0.6148897409439087,-2.55570666922722e-05,0.0,0.0,0,0.002967359050445104,0.04,0.0,-30.24007991912241,-23.18849364445786,7.051586274664551,0.02207135036587715,4091.30859375,2135.7442061673974,0.043864351777276635
/content/Quran_Audio_Data/Hudhaify_128kbps/027057.mp3,Quran_Audio_Data/Hudhaify_128kbps/027057.mp3,Hudhaify_128kbps,27,57,,,soundfile,13.608480725623583,12.63,44100,2,128.1,-19.826633667143295,-4.620764743342929,0.587437629699707,-1.5658346228519804e-06,0.0,0.0,0,0.0706401766004415,0.4,0.44,-43.77537236324441,-22.86579959275954,20.909572770484868,0.004122740123420954,1959.521484375,1147.3266147708175,0.025094242860187552
/content/Quran_Audio_Data/Husary_128kbps/027057.mp3,Quran_Audio_Data/Husary_128kbps/027057.mp3,Husary_128kbps,27,57,,,soundfile,17.599591836734692,14.57,44100,2,128.1,-26.718599291894773,-8.2109754947563,0.3885538578033447,0.0004134477348998189,0.0,0.0,0,0.15926139642238893,0.11,2.49,-67.23017092775252,-30.366858128275542,36.86331279947699,0.0041754948906600475,3165.380859375,1590.9391806048077,0.02419948003762542
/content/Quran_Audio_Data/Minshawy_Murattal_128kbps/027057.mp3,Quran_Audio_Data/Minshawy_Murattal_128kbps/027057.mp3,Minshawy_Murattal_128kbps,27,57,,,soundfile,10.709138321995464,10.56,44100,2,128.1,-16.959013590357696,-1.681504763558834,0.8239953517913818,0.0002125119644915685,0.0,0.0,0,0.01216089803554724,0.05,0.0,-39.278211003000706,-21.24665068431987,18.031560318680835,0.013764227740466595,3703.7109375,1993.4184252046605,0.04735270094122427
/content/Quran_Audio_Data/Muhammad_Ayyoub_128kbps/027057.mp3,Quran_Audio_Data/Muhammad_Ayyoub_128kbps/027057.mp3,Muhammad_Ayyoub_128kbps,27,57,,,soundfile,14.339773242630386,14.13,44100,2,128.1,-15.652107947328712,-1.6821142395752255,0.8239375352859497,-0.0012171665439382195,0.0,0.0,0,0.013268156424581005,0.05,0.0,-28.196737804147528,-18.083673550373287,10.11306425377424,0.021566106006503105,5383.30078125,2527.272948804345,0.047070944579288024
/content/Quran_Audio_Data/Yaser_Salamah_128kbps/027057.mp3,Quran_Audio_Data/Yaser_Salamah_128kbps/027057.mp3,Yaser_Salamah_128kbps,27,57,,,soundfile,9.911201814058957,9.49,44100,2,128.1,-17.175620257453247,-4.7008391120003274,0.5820469856262207,-0.0011212080717086792,0.0,0.0,0,0.03458799593082401,0.34,0.0,-34.43592432260328,-18.874924274165743,15.561000048437535,0.0016867330996319652,2605.517578125,1304.9270961345428,0.023131533421672557
/content/Quran_Audio_Data/aziz_alili_128kbps/027057.mp3,Quran_Audio_Data/aziz_alili_128kbps/027057.mp3,aziz_alili_128kbps,27,57,,,soundfile,9.84702947845805,9.53,44100,2,128.1,-14.363261991945357,-0.21312083370529072,0.975762128829956,8.237225847551599e-05,0.0,0.0,0,0.01954732510288066,0.11,0.05,-28.051887566432654,-18.689967135666517,9.361920430766137,0.023379940539598465,2670.1171875,1709.2149398131262,0.032023111979166664
/content/Quran_Audio_Data/Abdul_Basit_Murattal_192kbps/028082.mp3,Quran_Audio_Data/Abdul_Basit_Murattal_192kbps/028082.mp3,Abdul_Basit_Murattal_192kbps,28,82,,,soundfile,41.71344671201814,39.1,44100,2,192.0,-22.44453397491053,-4.247613331004571,0.6132242679595947,-2.309363117092289e-05,0.0,0.0,0,0.062125209882465816,0.02,0.0,-50.87605136728288,-26.48342907343197,24.392622293850906,0.020061763003468513,3617.578125,2067.138695324552,0.052120388167965485
/content/Quran_Audio_Data/Abdullah_Basfar_192kbps/028082.mp3,Quran_Audio_Data/Abdullah_Basfar_192kbps/028082.mp3,Abdullah_Basfar_192kbps,28,82,,,soundfile,37.61265306122449,33.87,44100,2,192.0,-20.961513831319767,-1.4295705282470865,0.8482453227043152,-1.4598180086977663e-07,0.0,0.0,0,0.09896249002394254,0.47000000000000003,0.13,-58.18909303539727,-26.516952732637726,31.672140302759544,0.10569630563259125,6567.626953125,3061.7965443348457,0.06655620056905864
/content/Quran_Audio_Data/Abu_Bakr_Ash-Shaatree_128kbps/028082.mp3,Quran_Audio_Data/Abu_Bakr_Ash-Shaatree_128kbps/028082.mp3,Abu_Bakr_Ash-Shaatree_128kbps,28,82,,,soundfile,34.269274376417236,34.15,44100,2,128.0,-21.027132347927356,-4.287229153554629,0.6104337573051453,-2.62211324297823e-05,0.0,0.0,0,0.00291970802919708,0.04,0.0,-32.75094986682384,-23.661240565794763,9.089709301029075,0.022106796503067017,4177.44140625,2253.781890848612,0.04933162368733062
/content/Quran_Audio_Data/Hudhaify_128kbps/028082.mp3,Quran_Audio_Data/Hudhaify_128kbps/028082.mp3,Hudhaify_128kbps,28,82,,,soundfile,33.537891156462585,32.83,44100,2,128.0,-17.879057322578365,-1.5120771149416825,0.8402260541915894,-9.303777233071742e-07,0.0,0.0,0,0.02058472553699284,0.34,0.01,-32.58052223873592,-21.202460756955738,11.378061481780179,0.005620259791612625,3725.244140625,1927.7087466223659,0.045521367417358946
/content/Quran_Audio_Data/Husary_128kbps/028082.mp3,Quran_Audio_Data/Husary_128kbps/028082.mp3,Husary_128kbps,28,82,,,soundfile,53.95845804988662,52.0,44100,2,128.0,-22.123391273266478,-1.8497217097960297,0.8081908226013184,0.000754438922740519,0.0,0.0,0,0.031476997578692496,0.1,0.13,-46.63769689139606,-27.042728502874166,19.594968388521895,0.008736483752727509,3445.3125,2044.8006173154838,0.048991799998649235
/content/Quran_Audio_Data/Minshawy_Murattal_128kbps/028082.mp3,Quran_Audio_Data/Minshawy_Murattal_128kbps/028082.mp3,Minshawy_Murattal_128kbps,28,82,,,soundfile,34.452176870748296,33.42,44100,2,128.0,-17.916832415418117,-2.4829083634161813,0.7513712644577026,0.00041485700057819486,0.0,0.0,0,0.02933488237002614,0.04,0.0,-37.69642667534363,-21.70072688051561,15.99569979482802,0.016706645488739014,3380.712890625,1840.298318929498,0.042590529449545146
/content/Quran_Audio_Data/Muhammad_Ayyoub_128kbps/028082.mp3,Quran_Audio_Data/Muhammad_Ayyoub_128kbps/028082.mp3,Muhammad_Ayyoub_128kbps,28,82,,,soundfile,44.534399092970524,43.87,44100,2,128.0,-15.576747388294665,-1.8571704862433822,0.807498037815094,-0.0006493389373645186,0.0,0.0,0,0.014378791282857784,0.06,0.0,-28.521313997029264,-18.034565774740752,10.486748222288512,0.01909882016479969,3617.578125,1777.5783047082482,0.03265514513001825
/content/Quran_Audio_Data/Yaser_Salamah_128kbps/028082.mp3,Quran_Audio_Data/Yaser_Salamah_128kbps/028082.mp3,Yaser_Salamah_128kbps,28,82,,,soundfile,31.930249433106574,31.52,44100,2,128.0,-15.667382951265616,-2.001854072355645,0.7941586971282959,-0.001432542921975255,0.0,0.0,0,0.010361067503924647,0.33,0.0,-26.044813087409445,-17.57330589542214,8.471507191987303,0.0015098818112164736,2799.31640625,1434.791211628449,0.03224861161689731
/content/Quran_Audio_Data/aziz_alili_128kbps/028082.mp3,Quran_Audio_Data/aziz_alili_128kbps/028082.mp3,aziz_alili_128kbps,28,82,,,soundfile,33.52471655328798,32.9,44100,2,128.0,-13.639292874342638,-0.09249673850774218,0.9894074201583862,0.00015523131878580898,0.0,0.0,0,0.016148325358851676,0.07,0.0,-26.95220909290274,-17.009133002431472,9.94307609047127,0.03334231674671173,4242.041015625,2308.2382961492253,0.03676894998699272
/content/Quran_Audio_Data/Abdul_Basit_Murattal_192kbps/014008.mp3,Quran_Audio_Data/Abdul_Basit_Murattal_192kbps/014008.mp3,Abdul_Basit_Murattal_192kbps,14,8,,,soundfile,15.854784580498865,15.4,44100,2,192.1,-20.33601145339263,-2.9510587843427043,0.7119460105895996,-1.985595554288011e-05,0.0,0.0,0,0.027163613392293114,0.02,0.0,-40.62529836035715,-24.001250888434427,16.624047471922722,0.019021665677428246,3509.912109375,1877.8772233770826,0.03777459564879209
/content/Quran_Audio_Data/Abdullah_Basfar_192kbps/014008.mp3,Quran_Audio_Data/Abdullah_Basfar_192kbps/014008.mp3,Abdullah_Basfar_192kbps,14,8,,,soundfile,16.977913832199548,16.68,44100,2,192.1,-19.998775847952352,0.1818140954311219,1.0211527347564697,-3.7926523077658203e-07,4.1403664357855875e-05,4.1403664357855875e-05,5,0.01650943396226415,0.03,0.0,-38.58041963668441,-25.499461684680572,13.080957952003839,0.05237038806080818,4371.240234375,2488.8854915712113,0.0519313642771702
/content/Quran_Audio_Data/Abu_Bakr_Ash-Shaatree_128kbps/014008.mp3,Quran_Audio_Data/Abu_Bakr_Ash-Shaatree_128kbps/014008.mp3,Abu_Bakr_Ash-Shaatree_128kbps,14,8,,,soundfile,19.041451247165533,18.98,44100,2,128.1,-19.27097046286832,-3.991012181581665,0.6316105723381042,-3.0702965887030587e-05,0.0,0.0,0,0.002103049421661409,0.04,0.0,-29.37877107686728,-21.335183774498454,8.043587302368827,0.022899597883224487,3122.314453125,1780.7599961590174,0.03681866763787325
/content/Quran_Audio_Data/Hudhaify_128kbps/014008.mp3,Quran_Audio_Data/Hudhaify_128kbps/014008.mp3,Hudhaify_128kbps,14,8,,,soundfile,18.701791383219955,17.92,44100,2,128.1,-17.02863752134698,-0.2054032706696217,0.9766294956207275,1.2748421340802452e-06,0.0,0.0,0,0.04068522483940043,0.43,0.31,-33.276004863424085,-19.736611005508838,13.539393857915247,0.011057771742343903,2583.984375,1427.3601222480984,0.027905379519708257
/content/Quran_Audio_Data/Husary_128kbps/014008.mp3,Quran_Audio_Data/Husary_128kbps/014008.mp3,Husary_128kbps,14,8,,,soundfile,24.15562358276644,21.94,44100,2,128.1,-19.388311241228237,-1.5949413514106658,0.832248330116272,0.0003828232584055513,0.0,0.0,0,0.0812395309882747,0.51,1.43,-50.488016487459866,-22.671267854065306,27.81674863339456,0.008444935083389282,3229.98046875,1725.5731366911618,0.03705886314655173
/content/Quran_Audio_Data/Minshawy_Murattal_128kbps/014008.mp3,Quran_Audio_Data/Minshawy_Murattal_128kbps/014008.mp3,Minshawy_Murattal_128kbps,14,8,,,soundfile,18.179455782312925,17.05,44100,2,128.1,-17.781450550121598,-3.6446738551567197,0.657304048538208,0.0002826877753250301,0.0,0.0,0,0.06112334801762115,0.05,0.0,-45.68966549090834,-20.583452557273187,25.106212933635152,0.014141754247248173,3509.912109375,1872.560536213987,0.04439524215756705
/content/Quran_Audio_Data/Muhammad_Ayyoub_128kbps/014008.mp3,Quran_Audio_Data/Muhammad_Ayyoub_128kbps/014008.mp3,Muhammad_Ayyoub_128kbps,14,8,,,soundfile,21.130997732426305,21.0,44100,2,128.1,-14.360283657187669,-0.9174283053459904,0.8997639417648315,-0.0010758611606433988,0.0,0.0,0,0.005210800568450971,0.1,0.0,-24.71647568259602,-16.616495890812896,8.099979791783124,0.014641793444752693,2993.115234375,1611.722747375507,0.0339128891234212
/content/Quran_Audio_Data/Yaser_Salamah_128kbps/014008.mp3,Quran_Audio_Data/Yaser_Salamah_128kbps/014008.mp3,Yaser_Salamah_128kbps,14,8,,,soundfile,14.482131519274377,13.61,44100,2,128.1,-18.413244531006164,-3.474658775955311,0.6702966690063477,-0.001209992915391922,0.0,0.0,0,0.05486111111111111,0.79,0.0,-34.849434579408864,-19.99603392436217,14.853400655046695,0.0013538699131458998,2519.384765625,1283.855326719089,0.022849048421158487
/content/Quran_Audio_Data/aziz_alili_128kbps/014008.mp3,Quran_Audio_Data/aziz_alili_128kbps/014008.mp3,aziz_alili_128kbps,14,8,,,soundfile,14.710544217687074,14.6,44100,2,128.1,-14.751791119659824,-0.2226159663438244,0.9746960401535034,0.00013087154366075993,0.0,0.0,0,0.004092769440654843,0.06,0.0,-26.044411322540903,-18.336417985620056,7.707993336920847,0.02627618797123432,3251.513671875,1767.9251027439989,0.029192656867588932
/content/Quran_Audio_Data/Abdul_Basit_Murattal_192kbps/009026.mp3,Quran_Audio_Data/Abdul_Basit_Murattal_192kbps/009026.mp3,Abdul_Basit_Murattal_192kbps,9,26,,,soundfile,23.534013605442176,22.64,44100,2,192.1,-21.295314475617452,-2.8659667897037604,0.7189549207687378,-2.5907364033628255e-05,0.0,0.0,0,0.03700552956188856,0.03,0.0,-48.188920151192264,-25.771408889513193,22.41751126167907,0.018937107175588608,3402.24609375,1811.9064884513652,0.0366006283129931
/content/Quran_Audio_Data/Abdullah_Basfar_192kbps/009026.mp3,Quran_Audio_Data/Abdullah_Basfar_192kbps/009026.mp3,Abdullah_Basfar_192kbps,9,26,,,soundfile,24.134761904761906,23.07,44100,2,192.1,-20.67502329163032,0.13228779339138985,1.0153467655181885,-4.86409170719071e-08,1.8790934877196544e-06,1.8790934877196544e-06,1,0.043135628369970966,0.04,0.0,-46.62872261792167,-26.345027509085618,20.28369510883605,0.06866926699876785,5555.56640625,2932.4207021979323,0.06577799009439635
/content/Quran_Audio_Data/Abu_Bakr_Ash-Shaatree_128kbps/009026.mp3,Quran_Audio_Data/Abu_Bakr_Ash-Shaatree_128kbps/009026.mp3,Abu_Bakr_Ash-Shaatree_128kbps,9,26,,,soundfile,23.925850340136055,23.89,44100,2,128.1,-16.023993725199954,-1.3436016970996711,0.856682538986206,-6.712550384690985e-05,0.0,0.0,0,0.000836470096194061,0.02,0.0,-24.685772540586875,-18.035003911957702,6.650768628629173,0.02249831147491932,3789.84375,1997.3875054310838,0.0411201043941048
/content/Quran_Audio_Data/Hudhaify_128kbps/009026.mp3,Quran_Audio_Data/Hudhaify_128kbps/009026.mp3,Hudhaify_128kbps,9,26,,,soundfile,24.134761904761906,23.580000000000002,44100,2,128.1,-16.63803321638127,-1.2330742455099573,0.8676534295082092,1.8461503259459278e-06,0.0,0.0,0,0.02198257984238905,0.05,0.0,-37.24346768792261,-20.347450333487345,16.896017354435266,0.012568801641464233,2842.3828125,1576.9708423843072,0.033231778348965846
/content/Quran_Audio_Data/Husary_128kbps/009026.mp3,Quran_Audio_Data/Husary_128kbps/009026.mp3,Husary_128kbps,9,26,,,soundfile,40.4284126984127,35.44,44100,2,128.0,-21.487310199253212,-4.459682136464628,0.5984334945678711,0.0004365742497611791,0.0,0.0,0,0.11752988047808766,1.44,0.0,-64.50593751149452,-25.401845238951612,39.104092272542914,0.00797268282622099,3251.513671875,1821.857108093803,0.04613474813095926
/content/Quran_Audio_Data/Minshawy_Murattal_128kbps/009026.mp3,Quran_Audio_Data/Minshawy_Murattal_128kbps/009026.mp3,Minshawy_Murattal_128kbps,9,26,,,soundfile,21.183242630385486,19.22,44100,2,128.1,-19.0743400035243,-1.0757905981535236,0.8835079669952393,0.00023829589190427214,0.0,0.0,0,0.09168241965973535,0.73,0.37,-54.79014943277453,-23.653328496966193,31.136820935808334,0.01645204797387123,3703.7109375,2043.9445302088309,0.05689907962328767
/content/Quran_Audio_Data/Muhammad_Ayyoub_128kbps/009026.mp3,Quran_Audio_Data/Muhammad_Ayyoub_128kbps/009026.mp3,Muhammad_Ayyoub_128kbps,9,26,,,soundfile,28.209478458049887,28.0,44100,2,128.0,-15.749719512097153,-1.1801987995477565,0.8729513883590698,-0.0014405958354473114,0.0,0.0,0,0.006739978715856687,0.05,0.0,-27.68518290402352,-18.052333242398227,9.632849661625293,0.02137736603617668,4737.3046875,2150.711091012194,0.03796356577932099
/content/Quran_Audio_Data/Yaser_Salamah_128kbps/009026.mp3,Quran_Audio_Data/Yaser_Salamah_128kbps/009026.mp3,Yaser_Salamah_128kbps,9,26,,,soundfile,27.071972789115645,25.88,44100,2,128.1,-17.875403157562488,-4.2526617709356405,0.6128679513931274,-0.0003777214733418077,0.0,0.0,0,0.041126343090033345,1.11,0.0,-34.76675071036589,-19.891169668210352,14.875581042155538,0.0016595023917034268,2627.05078125,1339.6761298619047,0.027108107609045983
/content/Quran_Audio_Data/aziz_alili_128kbps/009026.mp3,Quran_Audio_Data/aziz_alili_128kbps/009026.mp3,aziz_alili_128kbps,9,26,,,soundfile,22.7737641723356,22.55,44100,2,128.1,-14.943597486508388,-0.29055177406602484,0.9671022891998291,0.00010811891115736216,0.0,0.0,0,0.007045354469396741,0.13,0.03,-27.005145412650066,-18.56702920385941,8.438116208790657,0.030155139043927193,3854.443359375,2071.0913132942924,0.03319290052030133
/content/Quran_Audio_Data/Abdul_Basit_Murattal_192kbps/039005.mp3,Quran_Audio_Data/Abdul_Basit_Murattal_192kbps/039005.mp3,Abdul_Basit_Murattal_192kbps,39,5,,,soundfile,35.00065759637188,34.04,44100,2,192.0,-25.020366020163046,-5.648636017436931,0.5218770503997803,-2.381960985076148e-05,0.0,0.0,0,0.026872498570611778,0.02,0.0,-53.20005775601975,-30.916475073465055,22.283582682554698,0.03586728125810623,6546.09375,3166.1719000386743,0.07824889225746269
/content/Quran_Audio_Data/Abdullah_Basfar_192kbps/039005.mp3,Quran_Audio_Data/Abdullah_Basfar_192kbps/039005.mp3,Abdullah_Basfar_192kbps,39,5,,,soundfile,29.149818594104307,27.76,44100,2,192.1,-23.04682518526385,-1.8756042176034065,0.8057861328125,-4.581494579269929e-07,0.0,0.0,0,0.04703055269481634,0.04,0.0,-53.28334222822078,-29.677875585890234,23.605466642330548,0.09196048229932785,7041.357421875,3344.2197042077355,0.0730440359294106
/content/Quran_Audio_Data/Abu_Bakr_Ash-Shaatree_128kbps/039005.mp3,Quran_Audio_Data/Abu_Bakr_Ash-Shaatree_128kbps/039005.mp3,Abu_Bakr_Ash-Shaatree_128kbps,39,5,,,soundfile,26.208707482993198,26.09,44100,2,127.7,-20.102112711416904,-1.703891777747561,0.8218743205070496,-2.299469633726403e-05,0.0,0.0,0,0.0015308075009567547,0.04,0.0,-35.254596683530295,-23.079928215631924,12.174668467898371,0.029225267469882965,4543.505859375,2767.393280369716,0.06727423331391479
/content/Quran_Audio_Data/Hudhaify_128kbps/039005.mp3,Quran_Audio_Data/Hudhaify_128kbps/039005.mp3,Hudhaify_128kbps,39,5,,,soundfile,32.46700680272109,30.36,44100,2,128.0,-16.52852312688127,-0.3214508070714761,0.9636680483818054,1.2751745543937432e-06,0.0,0.0,0,0.06440677966101695,0.1,0.0,-47.194984253156846,-20.303109742737842,26.891874510419004,0.010809829458594322,3057.71484375,1652.309176640942,0.03541706236592778
/content/Quran_Audio_Data/Husary_128kbps/039005.mp3,Quran_Audio_Data/Husary_128kbps/039005.mp3,Husary_128kbps,39,5,,,soundfile,41.62986394557823,37.12,44100,2,128.0,-18.274670537676613,-0.8336471024966196,0.9084847569465637,0.0006711321766488254,0.0,0.0,0,0.10251450676982592,0.23,0.0,-57.59765858610206,-23.158836178088347,34.438822408013706,0.0036375941708683968,3402.24609375,1852.722739548217,0.04538522856767181
/content/Quran_Audio_Data/Minshawy_Murattal_128kbps/039005.mp3,Quran_Audio_Data/Minshawy_Murattal_128kbps/039005.mp3,Minshawy_Murattal_128kbps,39,5,,,soundfile,30.534195011337868,29.39,44100,2,128.0,-18.08285676632554,-2.132591683738706,0.782294750213623,0.0004482426738832146,0.0,0.0,0,0.036709275647328746,0.04,0.0,-47.94675971535461,-23.27159964327979,24.67516007207482,0.015396427363157272,3552.978515625,1842.0201681388476,0.048407237701996196
/content/Quran_Audio_Data/Muhammad_Ayyoub_128kbps/039005.mp3,Quran_Audio_Data/Muhammad_Ayyoub_128kbps/039005.mp3,Muhammad_Ayyoub_128kbps,39,5,,,soundfile,31.213242630385487,30.45,44100,2,128.0,-16.830996389386968,-1.8013778873153798,0.8127015829086304,-0.0009975186549127102,0.0,0.0,0,0.023725553061878808,0.05,0.17,-34.06577474187271,-20.323572489024986,13.742202252847722,0.021428680047392845,4478.90625,2095.372084557019,0.042899021476385274
/content/Quran_Audio_Data/Yaser_Salamah_128kbps/039005.mp3,Quran_Audio_Data/Yaser_Salamah_128kbps/039005.mp3,Yaser_Salamah_128kbps,39,5,,,soundfile,28.769750566893425,28.3,44100,2,128.0,-17.45491090757168,-3.133381153161387,0.6971575617790222,-0.0009173062862828374,0.0,0.0,0,0.013593586615545486,0.38,0.01,-32.00163832779529,-20.163573309366793,11.838065018428498,0.0015998471062630415,2670.1171875,1387.1345352560106,0.03232903640568136
/content/Quran_Audio_Data/aziz_alili_128kbps/039005.mp3,Quran_Audio_Data/aziz_alili_128kbps/039005.mp3,aziz_alili_128kbps,39,5,,,soundfile,26.74138321995465,26.57,44100,2,128.1,-13.152747462231591,-0.13152598034795301,0.9849715828895569,0.0002648951776791364,0.0,0.0,0,0.0018782870022539444,0.05,0.0,-28.0815357078794,-17.19724158484748,10.884294123031921,0.03237323835492134,4026.708984375,2215.5458669772493,0.041264231612042686
/content/Quran_Audio_Data/Abdul_Basit_Murattal_192kbps/011008.mp3,Quran_Audio_Data/Abdul_Basit_Murattal_192kbps/011008.mp3,Abdul_Basit_Murattal_192kbps,11,8,,,soundfile,26.250498866213153,24.78,44100,2,192.1,-19.69756479195319,-2.266151127174318,0.7703577280044556,-4.004137736046687e-06,0.0,0.0,0,0.055280213495996953,0.03,0.0,-48.45595736447332,-24.17271141031707,24.28324595415625,0.021536685526371002,3596.044921875,2051.175647266963,0.046026875759836425
/content/Quran_Audio_Data/Abdullah_Basfar_192kbps/011008.mp3,Quran_Audio_Data/Abdullah_Basfar_192kbps/011008.mp3,Abdullah_Basfar_192kbps,11,8,,,soundfile,29.828956916099774,27.67,44100,2,192.1,-21.45415647447008,-0.5459768429082671,0.9390769004821777,-7.683477747377765e-07,0.0,0.0,0,0.0717879906071788,0.04,0.0,-51.44081630165356,-26.938831929926994,24.501984371726568,0.08435023576021194,6869.091796875,3281.1214351150406,0.0699889424246109
/content/Quran_Audio_Data/Abu_Bakr_Ash-Shaatree_128kbps/011008.mp3,Quran_Audio_Data/Abu_Bakr_Ash-Shaatree_128kbps/011008.mp3,Abu_Bakr_Ash-Shaatree_128kbps,11,8,,,soundfile,27.13859410430839,27.080000000000002,44100,2,128.1,-21.435087168177567,-2.91125145869044,0.715216338634491,-4.087182605871931e-05,0.0,0.0,0,0.0014749262536873156,0.04,0.0,-32.16204814969674,-23.708142062870788,8.453906086825949,0.023144394159317017,4112.841796875,2271.617802803327,0.04804725092226262
/content/Quran_Audio_Data/Hudhaify_128kbps/011008.mp3,Quran_Audio_Data/Hudhaify_128kbps/011008.mp3,Hudhaify_128kbps,11,8,,,soundfile,26.172131519274377,25.740000000000002,44100,2,128.1,-17.229883553487237,-1.2725890324467704,0.8637151718139648,1.8811934978657519e-06,0.0,0.0,0,0.015678776290630976,0.26,0.01,-34.251973326162386,-21.04943738458949,13.202535941572897,0.010227488353848457,2734.716796875,1555.1852668535798,0.032935490576496675
/content/Quran_Audio_Data/Husary_128kbps/011008.mp3,Quran_Audio_Data/Husary_128kbps/011008.mp3,Husary_128kbps,11,8,,,soundfile,27.00278911564626,24.36,44100,2,128.1,-22.877306816112856,-2.9159382946849943,0.7148305177688599,0.0005908935563638806,0.0,0.0,0,0.08866442199775533,0.46,0.06,-61.519727341169656,-27.889522483895565,33.630204857274094,0.005813966505229473,2799.31640625,1425.768214444074,0.024007126152386118
/content/Quran_Audio_Data/Minshawy_Murattal_128kbps/011008.mp3,Quran_Audio_Data/Minshawy_Murattal_128kbps/011008.mp3,Minshawy_Murattal_128kbps,11,8,,,soundfile,30.16848072562358,26.97,44100,2,128.0,-16.49670007433614,-1.1238254086179849,0.8786354660987854,0.0002275388251291588,0.0,0.0,0,0.1054726368159204,1.51,0.22,-58.05482199625395,-19.58746438711827,38.467357609135675,0.015369960106909275,3725.244140625,2099.092544777724,0.052828499242497114
/content/Quran_Audio_Data/Muhammad_Ayyoub_128kbps/011008.mp3,Quran_Audio_Data/Muhammad_Ayyoub_128kbps/011008.mp3,Muhammad_Ayyoub_128kbps,11,8,,,soundfile,27.608730158730157,26.89,44100,2,128.0,-16.98426729540608,-1.7565103794017431,0.8169105052947998,-0.0009058663272298872,0.0,0.0,0,0.025371511417180137,0.15,0.0,-29.845666792146506,-19.410908302551857,10.43475848959465,0.020908260717988014,5103.369140625,2344.813870118024,0.04888620973886087
/content/Quran_Audio_Data/Yaser_Salamah_128kbps/011008.mp3,Quran_Audio_Data/Yaser_Salamah_128kbps/011008.mp3,Yaser_Salamah_128kbps,11,8,,,soundfile,24.903990929705216,24.2,44100,2,128.1,-17.85985748856583,-4.359408706486566,0.6053820848464966,-0.0007999713416211307,0.0,0.0,0,0.0249798549556809,0.62,0.0,-33.568226822438525,-20.305308961593706,13.26291786084482,0.0015652122674509883,2562.451171875,1317.6110900525591,0.02689288843457944
/content/Quran_Audio_Data/aziz_alili_128kbps/011008.mp3,Quran_Audio_Data/aziz_alili_128kbps/011008.mp3,aziz_alili_128kbps,11,8,,,soundfile,22.261814058956915,22.06,44100,2,128.1,-15.264456277015768,-0.2686581405306338,0.9695430397987366,6.337076774798334e-05,0.0,0.0,0,0.00675371454299865,0.05,0.0,-26.804890612512516,-19.065658991335965,7.73923162117655,0.032901082187891006,4005.17578125,2220.171440388521,0.0343793346116188
/content/Quran_Audio_Data/Abdul_Basit_Murattal_192kbps/059014.mp3,Quran_Audio_Data/Abdul_Basit_Murattal_192kbps/059014.mp3,Abdul_Basit_Murattal_192kbps,59,14,,,soundfile,32.963310657596374,32.12,44100,2,192.0,-21.570705380947174,-3.0182616626598207,0.7064589262008667,-1.0246810234093573e-05,0.0,0.0,0,0.024893746205221615,0.03,0.0,-47.23275858973422,-26.903359785002763,20.329398804731454,0.03024105913937092,6503.02734375,2971.435825417785,0.06902130556778169
/content/Quran_Audio_Data/Abdullah_Basfar_192kbps/059014.mp3,Quran_Audio_Data/Abdullah_Basfar_192kbps/059014.mp3,Abdullah_Basfar_192kbps,59,14,,,soundfile,27.66095238095238,26.95,44100,2,192.1,-22.36423188845999,-1.2356374034553488,0.8673974275588989,5.890496481697483e-07,0.0,0.0,0,0.024963820549927643,0.15,0.03,-46.39861011821466,-28.442472415923408,17.956137702291254,0.09564193338155746,6739.892578125,3128.05274982803,0.05666459852339488
/content/Quran_Audio_Data/Abu_Bakr_Ash-Shaatree_128kbps/059014.mp3,Quran_Audio_Data/Abu_Bakr_Ash-Shaatree_128kbps/059014.mp3,Abu_Bakr_Ash-Shaatree_128kbps,59,14,,,soundfile,24.618049886621314,24.42,11025,1,23.9,-12.427696070578671,1.2367989569288846,1.1530282497406006,-0.002866458846256137,0.0005737680644397063,0.0005552594171997158,3,0.004889975550122249,0.12,0.0,-23.487714411836304,-14.324653716356286,9.163060695480018,0.5640044212341309,3337.646484375,1684.1937841893412,0.14381085020123105
/content/Quran_Audio_Data/Hudhaify_128kbps/059014.mp3,Quran_Audio_Data/Hudhaify_128kbps/059014.mp3,Hudhaify_128kbps,59,14,,,soundfile,31.18718820861678,28.91,44100,2,128.0,-18.02709237788093,-1.161740213139092,0.8748084902763367,1.8349375068282825e-06,0.0,0.0,0,0.07250561437279435,0.63,0.0,-50.16381636100782,-21.867363424528335,28.296452936479483,0.007041093893349171,2842.3828125,1528.0074793568012,0.03195707195524749
/content/Quran_Audio_Data/Husary_128kbps/059014.mp3,Quran_Audio_Data/Husary_128kbps/059014.mp3,Husary_128kbps,59,14,,,soundfile,34.05510204081633,29.97,44100,2,128.0,-20.726087820249283,-1.7378303350997344,0.8186692595481873,0.0006806916208006442,0.0,0.0,0,0.1127886323268206,0.16,0.67,-60.95497778424152,-27.180537155284437,33.77444062895708,0.0071966927498579025,2971.58203125,1472.174352208023,0.0285555661379636
/content/Quran_Audio_Data/Minshawy_Murattal_128kbps/059014.mp3,Quran_Audio_Data/Minshawy_Murattal_128kbps/059014.mp3,Minshawy_Murattal_128kbps,59,14,,,soundfile,26.354988662131518,26.29,44100,2,128.1,-23.641329052292654,-4.072168091789944,0.625736653804779,9.73725036601536e-05,0.0,0.0,0,0.0018982536066818527,0.05,0.0,-40.428031341111335,-27.995004079507165,12.43302726160417,0.013641678728163242,3596.044921875,1942.0651213145795,0.04511409139696169
/content/Quran_Audio_Data/Muhammad_Ayyoub_128kbps/059014.mp3,Quran_Audio_Data/Muhammad_Ayyoub_128kbps/059014.mp3,Muhammad_Ayyoub_128kbps,59,14,,,soundfile,33.30285714285714,32.93,44100,2,128.0,-17.09639181903627,-1.663176388815413,0.8257359266281128,-0.0006952008698135614,0.0,0.0,0,0.010516826923076924,0.07,0.0,-35.688948376442866,-21.025073561237665,14.663874815205201,0.021397624164819717,4392.7734375,2098.2168831948934,0.03569746100557686
/content/Quran_Audio_Data/Yaser_Salamah_128kbps/059014.mp3,Quran_Audio_Data/Yaser_Salamah_128kbps/059014.mp3,Yaser_Salamah_128kbps,59,14,,,soundfile,29.78845804988662,29.400000000000002,44100,2,128.0,-17.830626983201007,-4.327696196974404,0.6075963973999023,-0.0008629641961306334,0.0,0.0,0,0.010434197239986537,0.3,0.01,-32.675904167844784,-20.354390707525745,12.32151346031904,0.0016449674731120467,2583.984375,1268.432799383798,0.027797903040804373
/content/Quran_Audio_Data/aziz_alili_128kbps/059014.mp3,Quran_Audio_Data/aziz_alili_128kbps/059014.mp3,aziz_alili_128kbps,59,14,,,soundfile,28.02124716553288,27.900000000000002,44100,2,128.0,-12.44934241496516,-0.17330099901207222,0.9802457094192505,0.00026057238574139774,0.0,0.0,0,0.0028591851322373124,0.05,0.0,-24.838782468458287,-15.488067808813824,9.350714659644463,0.028486862778663635,3725.244140625,1890.1410167914269,0.03140641997772482
/content/Quran_Audio_Data/Abdul_Basit_Murattal_192kbps/024053.mp3,Quran_Audio_Data/Abdul_Basit_Murattal_192kbps/024053.mp3,Abdul_Basit_Murattal_192kbps,24,53,,,soundfile,20.269002267573697,19.84,44100,2,192.1,-21.712018641026344,-4.264998789846899,0.6119980812072754,-2.478635542502161e-05,0.0,0.0,0,0.020246913580246915,0.02,0.0,-50.31366886520852,-28.169509589893543,22.144159275314976,0.017763294279575348,3122.314453125,1708.504255656914,0.034382438878150054
/content/Quran_Audio_Data/Abdullah_Basfar_192kbps/024053.mp3,Quran_Audio_Data/Abdullah_Basfar_192kbps/024053.mp3,Abdullah_Basfar_192kbps,24,53,,,soundfile,23.533990929705215,21.71,44100,2,192.1,-25.366239678797395,-5.03514765835385,0.5600703954696655,-8.144908747453883e-08,0.0,0.0,0,0.07656316461080391,0.42,0.0,-58.87966497418035,-30.333042694608306,28.546622279572045,0.11855423450469971,4974.169921875,2988.2667872057223,0.06516435912845167
/content/Quran_Audio_Data/Abu_Bakr_Ash-Shaatree_128kbps/024053.mp3,Quran_Audio_Data/Abu_Bakr_Ash-Shaatree_128kbps/024053.mp3,Abu_Bakr_Ash-Shaatree_128kbps,24,53,,,soundfile,21.104875283446713,20.72,44100,2,128.1,-19.725730303741994,-2.314536186875008,0.7660783529281616,-4.4678406993625686e-05,0.0,0.0,0,0.017077798861480076,0.36,0.0,-32.16803628835698,-21.89017668554652,10.277859602810459,0.018701232969760895,4328.173828125,2166.694863553094,0.038313963232260724
/content/Quran_Audio_Data/Hudhaify_128kbps/024053.mp3,Quran_Audio_Data/Hudhaify_128kbps/024053.mp3,Hudhaify_128kbps,24,53,,,soundfile,21.888480725623584,18.93,44100,2,128.1,-20.37088523714634,-2.650453688705756,0.7370166778564453,7.512360866712697e-07,0.0,0.0,0,0.13443072702331962,2.0300000000000002,0.28,-72.05953374103514,-23.27785558612353,48.78167815491161,0.007145677227526903,2799.31640625,1562.845029985355,0.033008174956919406
/content/Quran_Audio_Data/Husary_128kbps/024053.mp3,Quran_Audio_Data/Husary_128kbps/024053.mp3,Husary_128kbps,24,53,,,soundfile,34.36857142857143,29.75,44100,2,128.0,-19.591456688687906,-1.2164258768834288,0.8693180680274963,0.0004474505258258432,0.0,0.0,0,0.12756598240469208,1.05,0.61,-60.91913510035095,-25.07617255112408,35.84296254922687,0.004504364915192127,3445.3125,1797.4178553126055,0.03607931588125213
/content/Quran_Audio_Data/Minshawy_Murattal_128kbps/024053.mp3,Quran_Audio_Data/Minshawy_Murattal_128kbps/024053.mp3,Minshawy_Murattal_128kbps,24,53,,,soundfile,22.384739229024945,21.36,44100,2,128.1,-18.38800305781223,-2.13510819581609,0.782068133354187,-2.4002067220862955e-05,0.0,0.0,0,0.044722719141323794,0.05,0.0,-49.87823451976048,-23.83277388263522,26.045460637125263,0.012062041088938713,3703.7109375,1926.8933708501352,0.03935612687921203
/content/Quran_Audio_Data/Muhammad_Ayyoub_128kbps/024053.mp3,Quran_Audio_Data/Muhammad_Ayyoub_128kbps/024053.mp3,Muhammad_Ayyoub_128kbps,24,53,,,soundfile,24.76170068027211,24.2,44100,2,128.1,-15.817167793213835,-1.1455108248459358,0.8764445781707764,-0.0010175855131819844,0.0,0.0,0,0.021827000808407437,0.34,0.0,-28.246396238717022,-18.349074055020047,9.897322183696975,0.02011110447347164,2950.048828125,1705.4122742935008,0.03198528334505391
/content/Quran_Audio_Data/Yaser_Salamah_128kbps/024053.mp3,Quran_Audio_Data/Yaser_Salamah_128kbps/024053.mp3,Yaser_Salamah_128kbps,24,53,,,soundfile,20.176326530612243,19.79,44100,2,128.1,-18.95906961702736,-3.687333879342069,0.6540836691856384,-0.00029159060795791447,0.0,0.0,0,0.014932802389248382,0.3,0.0,-40.620540841354995,-22.789711678262798,17.830829163092197,0.0014778735348954797,2497.8515625,1214.5993329255398,0.023662903923831507
/content/Quran_Audio_Data/aziz_alili_128kbps/024053.mp3,Quran_Audio_Data/aziz_alili_128kbps/024053.mp3,aziz_alili_128kbps,24,53,,,soundfile,18.166213151927437,18.02,44100,2,128.1,-14.266298268761282,-0.2776021509304811,0.9685451984405518,9.902659803628922e-05,0.0,0.0,0,0.0022148394241417496,0.04,0.0,-26.648367142394257,-17.82402653168454,8.824340610709715,0.028958193957805634,3273.046875,1876.4976918204745,0.029194705752567395
/content/Quran_Audio_Data/Abdul_Basit_Murattal_192kbps/005018.mp3,Quran_Audio_Data/Abdul_Basit_Murattal_192kbps/005018.mp3,Abdul_Basit_Murattal_192kbps,5,18,,,soundfile,47.799410430839,46.32,44100,2,192.0,-22.093508828951546,-4.096256587229099,0.6240037083625793,-7.914165394140582e-07,0.0,0.0,0,0.030556718292172456,0.06,0.0,-45.66699520170658,-26.2335799883573,19.433415213349278,0.01720057800412178,3337.646484375,1727.1423816117256,0.03751761986249393
/content/Quran_Audio_Data/Abdullah_Basfar_192kbps/005018.mp3,Quran_Audio_Data/Abdullah_Basfar_192kbps/005018.mp3,Abdullah_Basfar_192kbps,5,18,,,soundfile,42.82823129251701,41.04,44100,2,192.0,-22.10504689425551,0.06770988241791233,1.0078258514404297,1.2742622175210272e-06,4.242177424828616e-06,3.181633068621462e-06,2,0.0397753860552176,0.3,0.02,-47.61432943199936,-28.63679954661578,18.97752988538358,0.08189292252063751,5620.166015625,3182.966568767731,0.06870106584215527
/content/Quran_Audio_Data/Abu_Bakr_Ash-Shaatree_128kbps/005018.mp3,Quran_Audio_Data/Abu_Bakr_Ash-Shaatree_128kbps/005018.mp3,Abu_Bakr_Ash-Shaatree_128kbps,5,18,,,soundfile,36.95968253968254,36.89,44100,2,128.0,-18.30374319135121,-3.030949741356264,0.7054277062416077,-6.005828618071973e-05,0.0,0.0,0,0.0013535462912831618,0.05,0.0,-28.511015239400876,-20.35735912728361,8.153656112117268,0.022911695763468742,3660.64453125,1998.3831445255857,0.04338924848853643
/content/Quran_Audio_Data/Hudhaify_128kbps/005018.mp3,Quran_Audio_Data/Hudhaify_128kbps/005018.mp3,Hudhaify_128kbps,5,18,,,soundfile,42.523219954648525,41.09,44100,2,128.0,-19.484720127672553,-1.7207668485035006,0.8202791213989258,5.976104375804425e-07,0.0,0.0,0,0.03317647058823529,0.4,0.19,-42.27303627038495,-23.583376791303138,18.68965947908181,0.006235264241695404,3897.509765625,2040.8944321753888,0.04537056587837838
/content/Quran_Audio_Data/Husary_128kbps/005018.mp3,Quran_Audio_Data/Husary_128kbps/005018.mp3,Husary_128kbps,5,18,,,soundfile,63.96235827664399,60.34,44100,2,128.0,-23.61844855280502,-4.4687551065242035,0.5978087186813354,0.0003366998862475157,0.0,0.0,0,0.05259852410111478,0.36,0.09,-55.77917750032682,-29.19898701368014,26.58019048664668,0.01131900493055582,3552.978515625,2159.945320609425,0.04811572194446975
/content/Quran_Audio_Data/Minshawy_Murattal_128kbps/005018.mp3,Quran_Audio_Data/Minshawy_Murattal_128kbps/005018.mp3,Minshawy_Murattal_128kbps,5,18,,,soundfile,54.69501133786848,50.27,44100,2,128.0,-18.545000565130568,-1.7616288077668005,0.8164292573928833,9.597123425919563e-05,0.0,0.0,0,0.08065106071689832,0.25,0.61,-48.19539338590192,-22.050335964325694,26.14505742157623,0.01629742793738842,3316.11328125,1798.9985924137634,0.046846088610197366
/content/Quran_Audio_Data/Muhammad_Ayyoub_128kbps/005018.mp3,Quran_Audio_Data/Muhammad_Ayyoub_128kbps/005018.mp3,Muhammad_Ayyoub_128kbps,5,18,,,soundfile,48.03448979591837,47.4,44100,2,128.0,-16.6349312261838,-1.499072796526166,0.8414849638938904,-0.0009250302100554109,0.0,0.0,0,0.012705686315350968,0.07,0.0,-31.23821660757541,-19.610830242772582,11.627386364802828,0.01893230713903904,4263.57421875,2048.5097123324567,0.038855529165659736
/content/Quran_Audio_Data/Yaser_Salamah_128kbps/005018.mp3,Quran_Audio_Data/Yaser_Salamah_128kbps/005018.mp3,Yaser_Salamah_128kbps,5,18,,,soundfile,42.84836734693877,42.43,44100,2,128.0,-16.070774374248536,-3.2515026698027114,0.6877409219741821,-0.0022298297844827175,0.0,0.0,0,0.00794949731119944,0.34,0.0,-25.700150010528624,-17.752070362989382,7.948079647539242,0.010771858505904675,3488.37890625,1903.0078691010212,0.030512411828540423
/content/Quran_Audio_Data/aziz_alili_128kbps/005018.mp3,Quran_Audio_Data/aziz_alili_128kbps/005018.mp3,aziz_alili_128kbps,5,18,,,soundfile,46.45145124716553,44.26,44100,2,128.0,-12.00169524411878,-0.16794507019468805,0.980850338935852,0.0003937426081392914,0.0,0.0,0,0.04447322970639033,0.08,0.0,-31.551852432511687,-15.27898032866505,16.272872103846638,0.03089807741343975,3962.109375,2157.5696625719074,0.033555025089240985
/content/Quran_Audio_Data/Abdul_Basit_Murattal_192kbps/050007.mp3,Quran_Audio_Data/Abdul_Basit_Murattal_192kbps/050007.mp3,Abdul_Basit_Murattal_192kbps,50,7,,,soundfile,15.671950113378685,15.6,44100,2,192.1,-23.359583751737134,-6.621788808964167,0.46656328439712524,-2.352185038034804e-05,0.0,0.0,0,0.003194888178913738,0.02,0.0,-35.18577597128628,-26.284814910419552,8.900961060866731,0.016137905418872833,3466.845703125,1933.2512135784013,0.05275245949074074
/content/Quran_Audio_Data/Abdullah_Basfar_192kbps/050007.mp3,Quran_Audio_Data/Abdullah_Basfar_192kbps/050007.mp3,Abdullah_Basfar_192kbps,50,7,,,soundfile,13.321156462585034,13.06,44100,2,192.1,-22.113549498675834,-3.7767521319886437,0.6473846435546875,9.392934998686542e-07,0.0,0.0,0,0.01804511278195489,0.24,0.0,-40.50491755663497,-27.416699023262492,13.08821853337248,0.07290078699588776,5318.701171875,2902.5923967986614,0.06706338809342334
/content/Quran_Audio_Data/Abu_Bakr_Ash-Shaatree_128kbps/050007.mp3,Quran_Audio_Data/Abu_Bakr_Ash-Shaatree_128kbps/050007.mp3,Abu_Bakr_Ash-Shaatree_128kbps,50,7,,,soundfile,14.783854875283447,14.72,44100,2,128.1,-22.739302264748147,-7.1404141734676285,0.4395206570625305,-6.0593367379624397e-05,0.0,0.0,0,0.0027100271002710027,0.04,0.0,-32.376589016297,-24.522563554354075,7.854025461942921,0.02364034578204155,4220.5078125,2327.6888944970897,0.05933881966248038
/content/Quran_Audio_Data/Hudhaify_128kbps/050007.mp3,Quran_Audio_Data/Hudhaify_128kbps/050007.mp3,Hudhaify_128kbps,50,7,,,soundfile,14.052494331065759,13.48,44100,2,128.1,-17.928082432042302,-0.6109392639860255,0.9320796728134155,-1.0911214758380083e-06,0.0,0.0,0,0.039201710620099785,0.2,0.34,-35.925025293646215,-20.762037784245617,15.162987509400597,0.010746977292001247,2906.982421875,1625.91880627729,0.033035391721717586
/content/Quran_Audio_Data/Husary_128kbps/050007.mp3,Quran_Audio_Data/Husary_128kbps/050007.mp3,Husary_128kbps,50,7,,,soundfile,22.74732426303855,21.75,44100,2,127.8,-22.391597530138316,-4.71491141098951,0.5811047554016113,0.0007080051582306623,0.0,0.0,0,0.029884032114183764,0.67,0.0,-40.80079722865433,-26.388103223260547,14.412694005393785,0.003574878443032503,3273.046875,1831.6525003072077,0.052586349747801346
/content/Quran_Audio_Data/Minshawy_Murattal_128kbps/050007.mp3,Quran_Audio_Data/Minshawy_Murattal_128kbps/050007.mp3,Minshawy_Murattal_128kbps,50,7,,,soundfile,14.033809523809524,13.24,44100,2,127.8,-18.784633336852522,-2.9895562814348,0.7087975144386292,0.0006638250779360533,0.0,0.0,0,0.05293276108726753,0.06,0.0,-45.13686958192238,-22.25964162441728,22.877227957505102,0.008085791952908039,2777.783203125,1477.1998263663475,0.032261353044739025
/content/Quran_Audio_Data/Muhammad_Ayyoub_128kbps/050007.mp3,Quran_Audio_Data/Muhammad_Ayyoub_128kbps/050007.mp3,Muhammad_Ayyoub_128kbps,50,7,,,soundfile,15.306235827664398,15.22,44100,2,128.1,-17.480692502472518,-1.0986927966901037,0.8811814785003662,-0.0009350806940346956,0.0,0.0,0,0.004578155657292348,0.07,0.0,-29.099087362513274,-20.20047732986789,8.898610032645383,0.017821868881583214,3574.51171875,1848.4968564872452,0.036618502416603485
/content/Quran_Audio_Data/Yaser_Salamah_128kbps/050007.mp3,Quran_Audio_Data/Yaser_Salamah_128kbps/050007.mp3,Yaser_Salamah_128kbps,50,7,,,soundfile,14.377709750566893,13.950000000000001,44100,2,128.1,-18.140319299492393,-4.771591125599236,0.5773251056671143,-0.0007906362880021334,0.0,0.0,0,0.024475524475524476,0.34,0.01,-32.972157265725755,-20.31649823292869,12.655659032797065,0.0017323236679658294,2691.650390625,1399.386574956351,0.02917262839343598
/content/Quran_Audio_Data/aziz_alili_128kbps/050007.mp3,Quran_Audio_Data/aziz_alili_128kbps/050007.mp3,aziz_alili_128kbps,50,7,,,soundfile,13.046712018140589,12.94,44100,2,128.1,-13.453860711653483,-0.20505446643560907,0.9766687154769897,0.00019516987958922982,0.0,0.0,0,0.003849114703618168,0.05,0.0,-23.427616493354513,-16.695280820070973,6.73233567328354,0.03127773851156235,3962.109375,2137.820231832875,0.032615967885816236
/content/Quran_Audio_Data/Abdul_Basit_Murattal_192kbps/005058.mp3,Quran_Audio_Data/Abdul_Basit_Murattal_192kbps/005058.mp3,Abdul_Basit_Murattal_192kbps,5,58,,,soundfile,16.769546485260772,16.36,44100,2,191.8,-22.49791871219869,-6.031718319365716,0.4993603825569153,-3.862621269945521e-06,0.0,0.0,0,0.0215311004784689,0.03,0.01,-50.93812549220577,-28.317659346950578,22.620466145255193,0.017673233523964882,3380.712890625,1656.7973103489342,0.03666339115557866
/content/Quran_Audio_Data/Abdullah_Basfar_192kbps/005058.mp3,Quran_Audio_Data/Abdullah_Basfar_192kbps/005058.mp3,Abdullah_Basfar_192kbps,5,58,,,soundfile,17.40138321995465,16.59,44100,2,192.1,-21.180459332360456,-0.07126779724600416,0.9918285608291626,1.2811537999368738e-06,0.0,0.0,0,0.041040462427745665,0.58,0.0,-45.48514865963402,-28.101784192113616,17.383364467520405,0.06523147970438004,5577.099609375,3171.4363910742677,0.06469072029993297
/content/Quran_Audio_Data/Abu_Bakr_Ash-Shaatree_128kbps/005058.mp3,Quran_Audio_Data/Abu_Bakr_Ash-Shaatree_128kbps/005058.mp3,Abu_Bakr_Ash-Shaatree_128kbps,5,58,,,soundfile,13.686780045351474,13.65,44100,2,128.1,-22.21356108871901,-4.807030458968627,0.5749743580818176,-5.430637611425482e-05,0.0,0.0,0,0.001463057790782736,0.02,0.0,-40.01378734328534,-26.191474470449325,13.822312872836012,0.0252531785517931,4242.041015625,2389.9255239167073,0.056448460029686176
/content/Quran_Audio_Data/Hudhaify_128kbps/005058.mp3,Quran_Audio_Data/Hudhaify_128kbps/005058.mp3,Hudhaify_128kbps,5,58,,,soundfile,15.541292517006802,14.86,44100,2,128.1,-18.874678210876358,-2.5801083974682912,0.7430098652839661,-6.693325076412293e-07,0.0,0.0,0,0.04252577319587629,0.06,0.0,-52.377846305239615,-24.696111343704644,27.68173496153497,0.007727375254034996,3273.046875,1693.6453517345983,0.03709770584391337
/content/Quran_Audio_Data/Husary_128kbps/005058.mp3,Quran_Audio_Data/Husary_128kbps/005058.mp3,Husary_128kbps,5,58,,,soundfile,24.233990929705215,22.02,44100,2,128.1,-23.006084671589917,-3.948435081735661,0.6347142457962036,0.00032792348065413535,0.0,0.0,0,0.08096828046744574,0.52,0.92,-58.13927124948653,-28.094805173527114,30.044466075959413,0.008844473399221897,3574.51171875,2038.4840044759037,0.042116503055421105
/content/Quran_Audio_Data/Minshawy_Murattal_128kbps/005058.mp3,Quran_Audio_Data/Minshawy_Murattal_128kbps/005058.mp3,Minshawy_Murattal_128kbps,5,58,,,soundfile,14.83609977324263,14.26,44100,2,128.1,-25.77422703393016,-5.720663792354115,0.5175672769546509,9.497054270468652e-05,0.0,0.0,0,0.037786774628879895,0.39,0.07,-49.58864674920771,-30.470769671644412,19.1178770775633,0.01582982949912548,3509.912109375,1914.3495897072673,0.05143725853384194
/content/Quran_Audio_Data/Muhammad_Ayyoub_128kbps/005058.mp3,Quran_Audio_Data/Muhammad_Ayyoub_128kbps/005058.mp3,Muhammad_Ayyoub_128kbps,5,58,,,soundfile,16.08986394557823,15.91,44100,2,128.1,-16.094496741744344,-1.7024455898312596,0.8220111727714539,-0.0009978479938581586,0.0,0.0,0,0.009956440572495333,0.05,0.0,-35.52495849427128,-20.254072592708543,15.270885901562739,0.019479911774396896,3789.84375,1808.484453882222,0.03131024249188312
/content/Quran_Audio_Data/Yaser_Salamah_128kbps/005058.mp3,Quran_Audio_Data/Yaser_Salamah_128kbps/005058.mp3,Yaser_Salamah_128kbps,5,58,,,soundfile,14.19485260770975,13.77,44100,2,128.1,-17.973303390334657,-4.61181868616145,0.5880429744720459,0.0006379542755894363,0.0,0.0,0,0.024096385542168676,0.34,0.0,-32.827868514757206,-20.405292064166726,12.42257645059048,0.010480416007339954,3509.912109375,1949.5845138594284,0.03191787895114943
/content/Quran_Audio_Data/aziz_alili_128kbps/005058.mp3,Quran_Audio_Data/aziz_alili_128kbps/005058.mp3,aziz_alili_128kbps,5,58,,,soundfile,15.478480725623582,13.75,44100,2,128.1,-12.799355699982813,-0.17054870351996443,0.9805563688278198,0.000343668507412076,0.0,0.0,0,0.10830090791180286,0.02,0.0,-57.05034648259189,-16.157378488911693,40.8929679936802,0.030584748834371567,3919.04296875,2121.919637393962,0.034132327890037596
/content/Quran_Audio_Data/Abdul_Basit_Murattal_192kbps/039068.mp3,Quran_Audio_Data/Abdul_Basit_Murattal_192kbps/039068.mp3,Abdul_Basit_Murattal_192kbps,39,68,,,soundfile,26.302721088435373,26.26,44100,2,192.1,-25.357566234979487,-6.873280469962389,0.4532480835914612,-6.442988706112374e-06,0.0,0.0,0,0.00076103500761035,0.02,0.0,-38.825968841006336,-28.72570859216485,10.100260248841487,0.037091754376888275,7041.357421875,3317.853077479047,0.08284383102107237
/content/Quran_Audio_Data/Abdullah_Basfar_192kbps/039068.mp3,Quran_Audio_Data/Abdullah_Basfar_192kbps/039068.mp3,Abdullah_Basfar_192kbps,39,68,,,soundfile,24.866145124716553,24.61,44100,2,192.1,-19.895503949221098,-0.42583015209410935,0.9521568417549133,-2.136461262125522e-06,0.0,0.0,0,0.0096579476861167,0.24,0.0,-37.75954271993009,-25.578845176290628,12.180697543639461,0.10680731385946274,7644.287109375,3395.0286985711327,0.07159064797794118
/content/Quran_Audio_Data/Abu_Bakr_Ash-Shaatree_128kbps/039068.mp3,Quran_Audio_Data/Abu_Bakr_Ash-Shaatree_128kbps/039068.mp3,Abu_Bakr_Ash-Shaatree_128kbps,39,68,,,soundfile,24.134761904761906,24.05,44100,2,128.1,-21.314802047726793,-4.65629980785644,0.5850392580032349,-2.45477058342658e-05,0.0,0.0,0,0.002488593944421402,0.04,0.02,-36.409510103356396,-24.54209462948393,11.867415473872466,0.029236022382974625,4242.041015625,2247.3261190527446,0.047469204695767195
/content/Quran_Audio_Data/Hudhaify_128kbps/039068.mp3,Quran_Audio_Data/Hudhaify_128kbps/039068.mp3,Hudhaify_128kbps,39,68,,,soundfile,26.825124716553287,25.89,44100,2,128.1,-17.22765897364431,-1.3042782251630023,0.8605697751045227,-2.6553393581707496e-06,0.0,0.0,0,0.03431555389779933,0.47000000000000003,0.0,-38.3100253869486,-20.528415293962002,17.7816100929866,0.015970245003700256,3402.24609375,1709.9215100068054,0.03764878738911726
/content/Quran_Audio_Data/Husary_128kbps/039068.mp3,Quran_Audio_Data/Husary_128kbps/039068.mp3,Husary_128kbps,39,68,,,soundfile,32.409569160997734,27.95,44100,2,128.0,-19.74976204538824,-0.92833542709357,0.8986347913742065,0.0005851421738043427,0.0,0.0,0,0.13036714374611078,0.54,2.25,-62.91955714669412,-23.543746658758277,39.37581048793584,0.0037171277217566967,3423.779296875,1746.798693021423,0.0404328604467509
/content/Quran_Audio_Data/Minshawy_Murattal_128kbps/039068.mp3,Quran_Audio_Data/Minshawy_Murattal_128kbps/039068.mp3,Minshawy_Murattal_128kbps,39,68,,,soundfile,21.313786848072564,21.22,44100,2,128.1,-19.4292537769317,-2.5889139717858587,0.7422569990158081,0.00025561777874827385,0.0,0.0,0,0.0032879286049788633,0.05,0.0,-31.562549544256896,-23.082515620621777,8.48003392363512,0.0185699462890625,3940.576171875,2318.3319233370216,0.059922694121051195
/content/Quran_Audio_Data/Muhammad_Ayyoub_128kbps/039068.mp3,Quran_Audio_Data/Muhammad_Ayyoub_128kbps/039068.mp3,Muhammad_Ayyoub_128kbps,39,68,,,soundfile,27.66097505668934,26.73,44100,2,128.0,-16.063173606899824,-0.9458815168920753,0.8968213200569153,-0.001315417466685176,0.0,0.0,0,0.0329232995658466,0.06,0.0,-31.204356733693448,-18.596929087584726,12.607427646108722,0.016230400651693344,4220.5078125,2058.034995258356,0.04115065535826689
/content/Quran_Audio_Data/Yaser_Salamah_128kbps/039068.mp3,Quran_Audio_Data/Yaser_Salamah_128kbps/039068.mp3,Yaser_Salamah_128kbps,39,68,,,soundfile,24.22487528344671,24.01,44100,2,128.1,-18.44881202554135,-4.7027090009913435,0.5819216966629028,-0.0012538507580757141,0.0,0.0,0,0.005385252692626346,0.13,0.0,-29.50808178381705,-20.538840094702785,8.969241689114266,0.0017058770172297955,2756.25,1398.9858720047855,0.03265973035242555
/content/Quran_Audio_Data/aziz_alili_128kbps/039068.mp3,Quran_Audio_Data/aziz_alili_128kbps/039068.mp3,aziz_alili_128kbps,39,68,,,soundfile,22.133832199546486,21.990000000000002,44100,2,128.1,-14.023100025283462,-0.11125709132236027,0.9872727394104004,0.00011225182242924348,0.0,0.0,0,0.004076086956521739,0.05,0.0,-26.4093441246305,-17.536888193947625,8.872455930682875,0.03631240501999855,6330.76171875,2484.0631094956193,0.04773000508797269
/content/Quran_Audio_Data/Abdul_Basit_Murattal_192kbps/022059.mp3,Quran_Audio_Data/Abdul_Basit_Murattal_192kbps/022059.mp3,Abdul_Basit_Murattal_192kbps,22,59,,,soundfile,14.156984126984128,13.89,44100,2,192.1,-22.867268187571412,-4.453313696237729,0.5988724231719971,-1.3476617368723964e-06,0.0,0.0,0,0.01768033946251768,0.03,0.0,-48.2862769144846,-27.81041349049239,20.475863423992212,0.019466830417513847,3531.4453125,1884.569453438951,0.0383544921875
/content/Quran_Audio_Data/Abdullah_Basfar_192kbps/022059.mp3,Quran_Audio_Data/Abdullah_Basfar_192kbps/022059.mp3,Abdullah_Basfar_192kbps,22,59,,,soundfile,12.615873015873015,12.55,44100,2,192.1,-22.739432691613768,-2.0062242670801465,0.7937592267990112,3.3290510259575967e-07,0.0,0.0,0,0.003968253968253968,0.02,0.0,-49.846753516883915,-28.12275179682675,21.724001720057164,0.043867867439985275,4285.107421875,2221.0434163723244,0.04096711131554738
/content/Quran_Audio_Data/Abu_Bakr_Ash-Shaatree_128kbps/022059.mp3,Quran_Audio_Data/Abu_Bakr_Ash-Shaatree_128kbps/022059.mp3,Abu_Bakr_Ash-Shaatree_128kbps,22,59,,,soundfile,10.839750566893423,10.78,44100,2,128.1,-21.53174567495749,-4.593158189677015,0.5893076658248901,-6.606971146538854e-05,0.0,0.0,0,0.0036968576709796672,0.04,0.0,-33.31496024884084,-23.74382418197434,9.5711360668665,0.020090151578187943,3552.978515625,1839.157343845684,0.029688441013115633
/content/Quran_Audio_Data/Hudhaify_128kbps/022059.mp3,Quran_Audio_Data/Hudhaify_128kbps/022059.mp3,Hudhaify_128kbps,22,59,,,soundfile,15.306235827664398,14.08,44100,2,128.1,-19.139807970615696,-2.0899116173928007,0.786148190498352,-2.0258864878996974e-06,0.0,0.0,0,0.07913669064748201,0.04,0.0,-56.395311628601,-23.209677392220343,33.18563423638066,0.005149681121110916,3660.64453125,1753.491748025999,0.03076468027388173
/content/Quran_Audio_Data/Husary_128kbps/022059.mp3,Quran_Audio_Data/Husary_128kbps/022059.mp3,Husary_128kbps,22,59,,,soundfile,21.77873015873016,18.240000000000002,44100,2,128.1,-21.669756431104336,-2.943439730979329,0.7125707864761353,0.0005856522475369275,0.0,0.0,0,0.1516279069767442,0.23,1.82,-63.77954356974816,-25.938998050263937,37.84054551948422,0.004529968835413456,3273.046875,1818.9963657722726,0.03850841265161725
/content/Quran_Audio_Data/Minshawy_Murattal_128kbps/022059.mp3,Quran_Audio_Data/Minshawy_Murattal_128kbps/022059.mp3,Minshawy_Murattal_128kbps,22,59,,,soundfile,12.537573696145124,12.41,44100,2,128.1,-23.833909295317532,-4.852284479633219,0.5719864964485168,9.676756599219516e-05,0.0,0.0,0,0.00878594249201278,0.05,0.0,-46.39066542037649,-28.989135860997052,17.40152955937944,0.007139426190406084,2045.654296875,1225.076422471691,0.02615062572337963
/content/Quran_Audio_Data/Muhammad_Ayyoub_128kbps/022059.mp3,Quran_Audio_Data/Muhammad_Ayyoub_128kbps/022059.mp3,Muhammad_Ayyoub_128kbps,22,59,,,soundfile,14.444263038548753,13.88,44100,2,128.1,-16.47906892838339,-1.276987416422496,0.8632779121398926,-0.0007023626239970326,0.0,0.0,0,0.03744798890429958,0.05,0.0,-40.912188676801485,-19.89349230987745,21.018696366924036,0.01954217068850994,3832.91015625,1959.118060152454,0.04025437688253012
/content/Quran_Audio_Data/Yaser_Salamah_128kbps/022059.mp3,Quran_Audio_Data/Yaser_Salamah_128kbps/022059.mp3,Yaser_Salamah_128kbps,22,59,,,soundfile,12.78437641723356,12.69,44100,2,128.1,-18.312254061207,-5.401989469910601,0.5369088053703308,-0.0010592073667794466,0.0,0.0,0,0.0007874015748031496,0.01,0.0,-40.03338386607943,-21.93710228669686,18.096281579382573,0.0015393926296383142,2540.91796875,1258.9416742117976,0.023073962135036496
/content/Quran_Audio_Data/aziz_alili_128kbps/022059.mp3,Quran_Audio_Data/aziz_alili_128kbps/022059.mp3,aziz_alili_128kbps,22,59,,,soundfile,11.510861678004535,11.41,44100,2,128.1,-14.020513809850986,-0.1420420873072523,0.983779788017273,0.0002712494460865855,0.0,0.0,0,0.0052310374891020054,0.06,0.0,-25.811021668264118,-17.016966415158468,8.79405525310565,0.02980397827923298,3574.51171875,1885.6738223635837,0.027485159403380425
/content/Quran_Audio_Data/Abdul_Basit_Murattal_192kbps/030045.mp3,Quran_Audio_Data/Abdul_Basit_Murattal_192kbps/030045.mp3,Abdul_Basit_Murattal_192kbps,30,45,,,soundfile,16.063718820861677,15.68,44100,2,192.1,-21.467222929517888,-3.586231068327858,0.6617416143417358,-2.5024875867529772e-05,0.0,0.0,0,0.022443890274314215,0.02,0.0,-50.312760778977996,-27.047864852068905,23.26489592690909,0.02002880908548832,3466.845703125,2034.9537182224235,0.04893714155075867
/content/Quran_Audio_Data/Abdullah_Basfar_192kbps/030045.mp3,Quran_Audio_Data/Abdullah_Basfar_192kbps/030045.mp3,Abdullah_Basfar_192kbps,30,45,,,soundfile,14.940566893424036,13.97,44100,2,192.1,-21.268632424796184,-0.5584773404949063,0.9377263784408569,-6.275483883655397e-07,0.0,0.0,0,0.06367292225201072,0.03,0.04,-52.55060772666316,-27.749260336638205,24.801347390024954,0.10376622527837753,6352.294921875,3254.186393581595,0.06526047736985237
/content/Quran_Audio_Data/Abu_Bakr_Ash-Shaatree_128kbps/030045.mp3,Quran_Audio_Data/Abu_Bakr_Ash-Shaatree_128kbps/030045.mp3,Abu_Bakr_Ash-Shaatree_128kbps,30,45,,,soundfile,10.761383219954649,10.700000000000001,44100,2,128.1,-20.294217529221058,-3.3647028381377435,0.6788359880447388,-3.811835267697461e-05,0.0,0.0,0,0.0037243947858473,0.04,0.0,-31.70108804243634,-22.678529558693253,9.022558483743087,0.030382657423615456,4478.90625,2559.356978363452,0.05786422515507012
/content/Quran_Audio_Data/Hudhaify_128kbps/030045.mp3,Quran_Audio_Data/Hudhaify_128kbps/030045.mp3,Hudhaify_128kbps,30,45,,,soundfile,14.183106575963718,12.8,44100,2,128.1,-18.79964449425294,-0.2237665346999396,0.9745669364929199,-5.06664093791187e-07,0.0,0.0,0,0.096045197740113,0.53,0.23,-57.09781156480669,-22.857183230501782,34.24062833430491,0.006455416791141033,4349.70703125,2258.1126233907594,0.05299369949365794
/content/Quran_Audio_Data/Husary_128kbps/030045.mp3,Quran_Audio_Data/Husary_128kbps/030045.mp3,Husary_128kbps,30,45,,,soundfile,17.730204081632653,17.39,44100,2,128.1,-23.726565669531205,-3.463054667992961,0.6711927652359009,0.0007180133834481239,0.0,0.0,0,0.004009163802978236,0.07,0.0,-60.1165275773779,-32.24177465458648,27.874752922791423,0.0045167747884988785,3466.845703125,1903.5018537942126,0.041695198373173974
/content/Quran_Audio_Data/Minshawy_Murattal_128kbps/030045.mp3,Quran_Audio_Data/Minshawy_Murattal_128kbps/030045.mp3,Minshawy_Murattal_128kbps,30,45,,,soundfile,13.71297052154195,13.35,44100,2,128.1,-18.071599849186576,-2.054214509339642,0.7893857359886169,0.00022428722877521068,0.0,0.0,0,0.02483564645726808,0.04,0.0,-40.198338138100226,-22.843363061872555,17.35497507622767,0.020432747900485992,3596.044921875,2108.8927746709637,0.06427136209813875
/content/Quran_Audio_Data/Muhammad_Ayyoub_128kbps/030045.mp3,Quran_Audio_Data/Muhammad_Ayyoub_128kbps/030045.mp3,Muhammad_Ayyoub_128kbps,30,45,,,soundfile,15.12344671201814,14.55,44100,2,128.1,-13.89197965351043,-0.5081108571587161,0.943179726600647,-0.0002468200691509992,0.0,0.0,0,0.03642384105960265,0.18,0.0,-32.61836339655582,-16.79546912314437,15.822894273411453,0.018887953832745552,3100.78125,1652.5880196156463,0.02858225309382195
/content/Quran_Audio_Data/Yaser_Salamah_128kbps/030045.mp3,Quran_Audio_Data/Yaser_Salamah_128kbps/030045.mp3,Yaser_Salamah_128kbps,30,45,,,soundfile,13.803083900226758,13.42,44100,2,128.1,-17.614358528454083,-3.831536672562199,0.6433142423629761,-0.0007220552070066333,0.0,0.0,0,0.021865889212827987,0.29,0.01,-33.198014095807935,-20.14867137484572,13.049342720962215,0.0016869878163561225,2691.650390625,1434.24054142935,0.028641571869721282
/content/Quran_Audio_Data/aziz_alili_128kbps/030045.mp3,Quran_Audio_Data/aziz_alili_128kbps/030045.mp3,aziz_alili_128kbps,30,45,,,soundfile,13.17469387755102,13.030000000000001,44100,2,128.1,-12.681963418768783,-0.13917762561626443,0.9841042757034302,0.0004329101066105068,0.0,0.0,0,0.0007668711656441718,0.01,0.0,-23.714201559321868,-15.911655128502275,7.802546430819593,0.03402863070368767,4866.50390625,2441.22326713453,0.041740674955595025
/content/Quran_Audio_Data/Abdul_Basit_Murattal_192kbps/003063.mp3,Quran_Audio_Data/Abdul_Basit_Murattal_192kbps/003063.mp3,Abdul_Basit_Murattal_192kbps,3,63,,,soundfile,10.94421768707483,10.43,44100,2,192.1,-21.425748376101854,-3.290793305771248,0.6846369504928589,-8.126094144245144e-06,0.0,0.0,0,0.04487179487179487,0.02,0.02,-52.03778623240736,-26.76794055467113,25.26984567773623,0.01887296512722969,3359.1796875,1794.799611098744,0.03960670317470838
/content/Quran_Audio_Data/Abdullah_Basfar_192kbps/003063.mp3,Quran_Audio_Data/Abdullah_Basfar_192kbps/003063.mp3,Abdullah_Basfar_192kbps,3,63,,,soundfile,9.742743764172335,9.35,44100,2,192.1,-25.14584704800722,-2.0985600734932954,0.7853658199310303,-7.408104352180089e-07,0.0,0.0,0,0.03806584362139918,0.02,0.0,-56.982519342187516,-30.586807505452004,26.39571183673551,0.09017834067344666,4500.439453125,2963.9043218761203,0.07563883463541667
/content/Quran_Audio_Data/Abu_Bakr_Ash-Shaatree_128kbps/003063.mp3,Quran_Audio_Data/Abu_Bakr_Ash-Shaatree_128kbps/003063.mp3,Abu_Bakr_Ash-Shaatree_128kbps,3,63,,,soundfile,7.835963718820862,7.78,44100,2,128.1,-22.00377137835585,-5.147293613300609,0.5528856515884399,-9.017798220156692e-06,0.0,0.0,0,0.005115089514066497,0.04,0.0,-32.54291339975542,-23.98778983031854,8.55512356943688,0.01901777647435665,3854.443359375,2103.382622075679,0.05477141203703704
/content/Quran_Audio_Data/Hudhaify_128kbps/003063.mp3,Quran_Audio_Data/Hudhaify_128kbps/003063.mp3,Hudhaify_128kbps,3,63,,,soundfile,9.55986394557823,8.88,44100,2,128.1,-18.291148832380188,-2.7417931189259215,0.7293069362640381,2.867764578695642e-06,0.0,0.0,0,0.06918238993710692,0.06,0.0,-45.122627519105514,-21.117534759157138,24.005092759948376,0.013654467649757862,2390.185546875,1287.573257465538,0.0246362778746966
/content/Quran_Audio_Data/Husary_128kbps/003063.mp3,Quran_Audio_Data/Husary_128kbps/003063.mp3,Husary_128kbps,3,63,,,soundfile,15.274943310657596,12.67,44100,2,128.1,-20.793132028587145,-1.7453913341837128,0.8179569244384766,0.0004013068974018097,0.0,0.0,0,0.15533333333333332,0.28,1.9100000000000001,-66.24717214715051,-24.303867436105197,41.943304711045315,0.015721166506409645,3337.646484375,1980.6898782658786,0.04208086299748841
/content/Quran_Audio_Data/Minshawy_Murattal_128kbps/003063.mp3,Quran_Audio_Data/Minshawy_Murattal_128kbps/003063.mp3,Minshawy_Murattal_128kbps,3,63,,,soundfile,8.828503401360544,7.98,44100,2,128.1,-18.995047271032334,-2.6627876770508503,0.7359708547592163,0.00020273296104278415,0.0,0.0,0,0.094211123723042,0.8200000000000001,0.0,-53.84890663796152,-23.458135506227745,30.390771131733775,0.016880659386515617,3596.044921875,2008.4825969850335,0.06571393006734559
/content/Quran_Audio_Data/Muhammad_Ayyoub_128kbps/003063.mp3,Quran_Audio_Data/Muhammad_Ayyoub_128kbps/003063.mp3,Muhammad_Ayyoub_128kbps,3,63,,,soundfile,12.354716553287982,12.06,44100,2,128.1,-15.601295999522629,-2.3608133304592496,0.7620076537132263,-0.0007363100303336978,0.0,0.0,0,0.021897810218978103,0.05,0.0,-31.410732572629872,-18.147392224217665,13.263340348412207,0.016993660479784012,3768.310546875,1805.0789547236648,0.029569670627934273
/content/Quran_Audio_Data/Yaser_Salamah_128kbps/003063.mp3,Quran_Audio_Data/Yaser_Salamah_128kbps/003063.mp3,Yaser_Salamah_128kbps,3,63,,,soundfile,8.970861678004535,8.64,44100,2,128.1,-17.76414192362953,-6.474079364766061,0.4745653569698334,-0.0014006299898028374,0.0,0.0,0,0.0281214848143982,0.24,0.01,-30.656266638713603,-19.363258914323865,11.293007724389739,0.010260631330311298,3962.109375,2113.527275593525,0.0324548085530599
/content/Quran_Audio_Data/aziz_alili_128kbps/003063.mp3,Quran_Audio_Data/aziz_alili_128kbps/003063.mp3,aziz_alili_128kbps,3,63,,,soundfile,8.183197278911564,7.97,44100,2,128.1,-14.21624629191915,-0.3096465736576359,0.9649785757064819,0.00017690530512481928,0.0,0.0,0,0.007471980074719801,0.06,0.0,-25.497170223188814,-17.56673884173109,7.930431381457723,0.038930606096982956,4112.841796875,2292.74219477357,0.04323821933537464
/content/Quran_Audio_Data/Abdul_Basit_Murattal_192kbps/018106.mp3,Quran_Audio_Data/Abdul_Basit_Murattal_192kbps/018106.mp3,Abdul_Basit_Murattal_192kbps,18,106,,,soundfile,15.828662131519275,14.700000000000001,44100,2,192.1,-24.564010315359084,-8.157459904791073,0.39095520973205566,-2.4665609089424834e-05,0.0,0.0,0,0.07020872865275142,0.03,0.0,-48.20477666516027,-27.591594400437906,20.61318226472236,0.01880979724228382,3552.978515625,1938.1900445169101,0.045561938691348974
/content/Quran_Audio_Data/Abdullah_Basfar_192kbps/018106.mp3,Quran_Audio_Data/Abdullah_Basfar_192kbps/018106.mp3,Abdullah_Basfar_192kbps,18,106,,,soundfile,13.634580498866214,13.6,44100,2,192.1,-20.639817034429775,-2.3942225049263626,0.7590823173522949,3.6625422126235208e-06,0.0,0.0,0,0.0007347538574577516,0.01,0.0,-36.15618432200198,-25.982130305284976,10.174054016717001,0.07803289592266083,7558.154296875,3579.6476744832735,0.0726529255319149
/content/Quran_Audio_Data/Abu_Bakr_Ash-Shaatree_128kbps/018106.mp3,Quran_Audio_Data/Abu_Bakr_Ash-Shaatree_128kbps/018106.mp3,Abu_Bakr_Ash-Shaatree_128kbps,18,106,,,soundfile,12.119614512471655,12.06,44100,2,128.1,-18.375778860087916,-4.6600084603177745,0.584789514541626,-7.71933191572316e-05,0.0,0.0,0,0.003305785123966942,0.04,0.0,-29.800389013870753,-20.376395105289063,9.42399390858169,0.026270506903529167,4543.505859375,2108.3829296919203,0.03244685030531609
/content/Quran_Audio_Data/Hudhaify_128kbps/018106.mp3,Quran_Audio_Data/Hudhaify_128kbps/018106.mp3,Hudhaify_128kbps,18,106,,,soundfile,12.955419501133786,12.870000000000001,44100,2,128.1,-16.77591348675186,-1.7470611959259674,0.8177996873855591,1.2932828212797176e-06,0.0,0.0,0,0.005409582689335394,0.07,0.0,-32.19663546057742,-20.186407274420898,12.010228186156521,0.009094884619116783,3122.314453125,1613.0393733425974,0.03738764280913978
/content/Quran_Audio_Data/Husary_128kbps/018106.mp3,Quran_Audio_Data/Husary_128kbps/018106.mp3,Husary_128kbps,18,106,,,soundfile,14.412947845804988,13.540000000000001,44100,2,128.1,-19.792772439363787,-1.9069589523414512,0.8028826117515564,0.00036256705061532557,0.0,0.0,0,0.042432814710042434,0.04,0.51,-44.18224772450239,-24.11533167343833,20.06691605106406,0.0044805873185396194,3445.3125,1764.9471108944865,0.039947009477459015
/content/Quran_Audio_Data/Minshawy_Murattal_128kbps/018106.mp3,Quran_Audio_Data/Minshawy_Murattal_128kbps/018106.mp3,Minshawy_Murattal_128kbps,18,106,,,soundfile,14.235351473922902,13.63,44100,2,128.1,-18.326849433192656,-2.259481570208529,0.7709494829177856,0.0002285728114657104,0.0,0.0,0,0.04149085794655415,0.05,0.0,-39.43915964371615,-21.993787925029434,17.44537171868672,0.016930662095546722,3854.443359375,2273.9218275326757,0.054410130781377346
/content/Quran_Audio_Data/Muhammad_Ayyoub_128kbps/018106.mp3,Quran_Audio_Data/Muhammad_Ayyoub_128kbps/018106.mp3,Muhammad_Ayyoub_128kbps,18,106,,,soundfile,13.268888888888888,13.200000000000001,44100,2,128.1,-18.015876694062214,-2.532263168889197,0.7471139430999756,-0.001461047912016511,0.0,0.0,0,0.0037735849056603774,0.05,0.0,-29.26101798705996,-20.693022210136437,8.567995776923524,0.018069226294755936,4005.17578125,2016.9913290383547,0.03900995529855643
/content/Quran_Audio_Data/Yaser_Salamah_128kbps/018106.mp3,Quran_Audio_Data/Yaser_Salamah_128kbps/018106.mp3,Yaser_Salamah_128kbps,18,106,,,soundfile,12.02687074829932,11.61,44100,2,128.1,-17.048817909526612,-3.8322030468643,0.643264889717102,-0.001673066639341414,0.0,0.0,0,0.02763819095477387,0.33,0.0,-30.788140779954276,-18.95398410674049,11.834156673213787,0.0014194988179951906,2670.1171875,1392.4784775239787,0.029231044647187197
/content/Quran_Audio_Data/aziz_alili_128kbps/018106.mp3,Quran_Audio_Data/aziz_alili_128kbps/018106.mp3,aziz_alili_128kbps,18,106,,,soundfile,12.662743764172335,12.46,44100,2,128.1,-14.376464904976377,-0.3047828750704642,0.9655190706253052,7.454625301761553e-05,0.0,0.0,0,0.004792332268370607,0.05,0.0,-27.8196901206513,-18.86379267389026,8.955897446761039,0.030068881809711456,3875.9765625,2028.656169928443,0.0325170017634135
/content/Quran_Audio_Data/Abdul_Basit_Murattal_192kbps/056073.mp3,Quran_Audio_Data/Abdul_Basit_Murattal_192kbps/056073.mp3,Abdul_Basit_Murattal_192kbps,56,73,,,soundfile,8.384467120181405,8.27,44100,2,192.1,-28.23334583273434,-11.477040758280651,0.2667767405509949,-4.001053184765624e-06,0.0,0.0,0,0.01076555023923445,0.02,0.0,-51.51273434083416,-33.37325405706683,18.139480283767327,0.017213178798556328,3423.779296875,1868.8008478007935,0.04598015538554633
/content/Quran_Audio_Data/Abdullah_Basfar_192kbps/056073.mp3,Quran_Audio_Data/Abdullah_Basfar_192kbps/056073.mp3,Abdullah_Basfar_192kbps,56,73,,,soundfile,8.306145124716553,7.86,44100,2,192.1,-20.06952226405375,0.05884918967820187,1.006798267364502,-2.249042410085167e-07,2.7299952771081706e-06,2.7299952771081706e-06,1,0.05186972255729795,0.04,0.0,-44.30074733935225,-25.597939206722554,18.702808132629695,0.0659983679652214,4521.97265625,2681.5595302375327,0.07036023699371509
/content/Quran_Audio_Data/Abu_Bakr_Ash-Shaatree_128kbps/056073.mp3,Quran_Audio_Data/Abu_Bakr_Ash-Shaatree_128kbps/056073.mp3,Abu_Bakr_Ash-Shaatree_128kbps,56,73,,,soundfile,6.477732426303855,6.42,44100,2,128.2,-24.473212619919806,-4.947582827176339,0.5657451748847961,-6.09994021942839e-05,0.0,0.0,0,0.006191950464396285,0.04,0.0,-36.741333833127925,-26.970797603669915,9.77053622945801,0.02426948770880699,4478.90625,2671.2532039733,0.07051813816084229
/content/Quran_Audio_Data/Hudhaify_128kbps/056073.mp3,Quran_Audio_Data/Hudhaify_128kbps/056073.mp3,Hudhaify_128kbps,56,73,,,soundfile,8.880748299319729,8.08,44100,2,128.1,-18.99948541723937,-3.0765340431835226,0.701735258102417,1.2218976053191e-06,0.0,0.0,0,0.08803611738148984,0.06,0.0,-46.67231684966785,-21.587888318087675,25.084428531580176,0.010968745686113834,3531.4453125,1751.304312383305,0.03404054330065359
/content/Quran_Audio_Data/Husary_128kbps/056073.mp3,Quran_Audio_Data/Husary_128kbps/056073.mp3,Husary_128kbps,56,73,,,soundfile,13.916621315192744,12.82,44100,2,128.1,-18.81235305953916,-2.1584746585411585,0.7799670696258545,0.0006398261757567525,0.0,0.0,0,0.060117302052785926,0.07,0.0,-49.08964732264457,-23.148503503957432,25.94114381868714,0.00408671610057354,2950.048828125,1732.2776824442851,0.055284057720900594
/content/Quran_Audio_Data/Minshawy_Murattal_128kbps/056073.mp3,Quran_Audio_Data/Minshawy_Murattal_128kbps/056073.mp3,Minshawy_Murattal_128kbps,56,73,,,soundfile,9.03748299319728,8.43,44100,2,128.1,-18.395173927355522,-1.2681281713447592,0.8641588687896729,-1.555856579216197e-05,0.0,0.0,0,0.06541019955654102,0.56,0.03,-48.51383071295434,-24.946867851383292,23.566962861571046,0.01516361441463232,3617.578125,2002.483177658558,0.05216147504813864
/content/Quran_Audio_Data/Muhammad_Ayyoub_128kbps/056073.mp3,Quran_Audio_Data/Muhammad_Ayyoub_128kbps/056073.mp3,Muhammad_Ayyoub_128kbps,56,73,,,soundfile,10.447913832199546,10.39,44100,2,128.1,-15.326374961601248,-0.924473992806049,0.8990343809127808,-0.0010678163962438703,0.0,0.0,0,0.003835091083413231,0.04,0.0,-27.08430451296471,-17.986939931882624,9.097364581082086,0.01796015165746212,4285.107421875,2138.276692079984,0.042152777777777775
/content/Quran_Audio_Data/Yaser_Salamah_128kbps/056073.mp3,Quran_Audio_Data/Yaser_Salamah_128kbps/056073.mp3,Yaser_Salamah_128kbps,56,73,,,soundfile,7.8999773242630384,7.8100000000000005,44100,2,128.1,-17.509198101874976,-3.599357226547604,0.6607423424720764,-0.0006298323278315365,0.0,0.0,0,0.0012787723785166241,0.01,0.0,-31.593931062945813,-20.134032833872222,11.459898229073591,0.0016261253040283918,2670.1171875,1380.8833796646127,0.030252490523298817
/content/Quran_Audio_Data/aziz_alili_128kbps/056073.mp3,Quran_Audio_Data/aziz_alili_128kbps/056073.mp3,aziz_alili_128kbps,56,73,,,soundfile,7.287278911564626,7.18,44100,2,128.2,-13.298253464290909,-0.28425749769130754,0.9678033590316772,0.00022191797324921936,0.0,0.0,0,0.00554016620498615,0.04,0.0,-24.90630972992863,-15.662879960229715,9.243429769698915,0.02993995137512684,3014.6484375,1872.3255095241702,0.029184977213541668
