path,rel_path,reciter,surah,ayah,error,spectral_error,decode_backend,duration_s,active_duration_s,sample_rate,channels,avg_bitrate_kbps,rms_dbfs,peak_dbfs,peak_linear,dc_offset,clipping_fraction,over_range_fraction,max_clip_run,silence_ratio,leading_silence_s,trailing_silence_s,noise_floor_dbfs,active_rms_dbfs,snr_db,spectral_flatness,spectral_rolloff,spectral_centroid,zcr
/content/Quran_Audio_Data/Abdul_Basit_Murattal_192kbps/017083.mp3,Quran_Audio_Data/Abdul_Basit_Murattal_192kbps/017083.mp3,Abdul_Basit_Murattal_192kbps,17,83,,,soundfile,15.985396825396826,15.19,44100,2,192.1,-23.47675016542584,-4.630844054141149,0.5867563486099243,-2.5379442377015948e-05,0.0,0.0,0,0.048841577958672514,0.02,0.0,-47.39744179206416,-27.36126404579213,20.036177746272028,0.02180629037320614,3703.7109375,2261.4176342540804,0.06158336453794481
/content/Quran_Audio_Data/Abdullah_Basfar_192kbps/017083.mp3,Quran_Audio_Data/Abdullah_Basfar_192kbps/017083.mp3,Abdullah_Basfar_192kbps,17,83,,,soundfile,16.377142857142857,16.09,44100,2,191.8,-20.406696311116992,-4.128500226776262,0.6216915845870972,4.194850134808803e-06,0.0,0.0,0,0.014696876913655848,0.03,0.0,-35.574389368623166,-25.360512603948635,10.21387676467453,0.05679662153124809,6696.826171875,3095.357568882986,0.07141000654276082
/content/Quran_Audio_Data/Abu_Bakr_Ash-Shaatree_128kbps/017083.mp3,Quran_Audio_Data/Abu_Bakr_Ash-Shaatree_128kbps/017083.mp3,Abu_Bakr_Ash-Shaatree_128kbps,17,83,,,soundfile,10.692154195011337,10.58,11025,1,24.1,-11.38722170194189,0.5452832509821985,1.0647904872894287,-0.002769047161564231,0.00092466131098311,0.000907695048396264,3,0.011214953271028037,0.12,0.0,-19.797022339563934,-12.991379655755482,6.805642683808452,0.4736577272415161,2745.4833984375,1388.3837845852318,0.12499788164316702
/content/Quran_Audio_Data/Hudhaify_128kbps/017083.mp3,Quran_Audio_Data/Hudhaify_128kbps/017083.mp3,Hudhaify_128kbps,17,83,,,soundfile,12.720362811791384,12.59,44100,2,128.1,-17.065112656630163,-1.8064195712953288,0.8122299909591675,4.192388132651104e-06,0.0,0.0,0,0.008661417322834646,0.06,0.0,-30.529935966788237,-20.649712690592324,9.880223276195913,0.008126416243612766,4155.908203125,2060.8917258633255,0.050014523694114965
/content/Quran_Audio_Data/Husary_128kbps/017083.mp3,Quran_Audio_Data/Husary_128kbps/017083.mp3,Husary_128kbps,17,83,,,soundfile,25.017619047619046,21.900000000000002,44100,2,128.1,-21.58172112175255,-4.4520602758278525,0.5989588499069214,0.0004359766317065805,0.0,0.0,0,0.11479385610347616,0.91,1.93,-64.83635658141745,-24.912949672098147,39.9234069093193,0.0046955281868577,2863.916015625,1633.348487137511,0.04527012432638238
/content/Quran_Audio_Data/Minshawy_Murattal_128kbps/017083.mp3,Quran_Audio_Data/Minshawy_Murattal_128kbps/017083.mp3,Minshawy_Murattal_128kbps,17,83,,,soundfile,14.992766439909298,14.5,44100,2,128.1,-20.08456255185586,-2.4906537871315177,0.7507015466690063,0.00020527420565485954,0.0,0.0,0,0.03139612558450234,0.04,0.0,-39.682162249943524,-24.260121428073703,15.422040821869821,0.015615933574736118,3789.84375,2166.5231412233557,0.06097922310371517
/content/Quran_Audio_Data/Muhammad_Ayyoub_128kbps/017083.mp3,Quran_Audio_Data/Muhammad_Ayyoub_128kbps/017083.mp3,Muhammad_Ayyoub_128kbps,17,83,,,soundfile,13.530113378684808,13.49,44100,2,128.1,-16.06075700238354,-1.1678492360060155,0.8741934299468994,-0.0011793633457273245,0.0,0.0,0,0.0014803849000740192,0.01,0.0,-30.354251741480198,-19.175608328707693,11.178643412772505,0.023243125528097153,5404.833984375,2401.9476589961237,0.05786719085012865
/content/Quran_Audio_Data/Yaser_Salamah_128kbps/017083.mp3,Quran_Audio_Data/Yaser_Salamah_128kbps/017083.mp3,Yaser_Salamah_128kbps,17,83,,,soundfile,12.079115646258503,11.66,44100,2,128.1,-16.60490320033309,-3.513342609754182,0.6673180460929871,-0.0018788563320413232,0.0,0.0,0,0.028333333333333332,0.34,0.0,-29.12490981484144,-18.413218138717863,10.711691676123579,0.0016952932346612215,3057.71484375,1534.3800415583642,0.038611923865830115
/content/Quran_Audio_Data/aziz_alili_128kbps/017083.mp3,Quran_Audio_Data/aziz_alili_128kbps/017083.mp3,aziz_alili_128kbps,17,83,,,soundfile,14.19859410430839,14.120000000000001,44100,2,128.1,-12.934455063232747,-0.12349981469247173,0.9858821630477905,0.0002142989105777815,0.0,0.0,0,0.002824858757062147,0.04,0.0,-26.85125309902492,-16.592105378129144,10.259147720895776,0.03607070818543434,6330.76171875,2621.2169814254567,0.04893161505216857
/content/Quran_Audio_Data/Abdul_Basit_Murattal_192kbps/010029.mp3,Quran_Audio_Data/Abdul_Basit_Murattal_192kbps/010029.mp3,Abdul_Basit_Murattal_192kbps,10,29,,,soundfile,13.295034013605441,12.61,44100,2,192.1,-19.123594504517246,-1.1390403005059333,0.8770977258682251,-7.470631771866465e-06,0.0,0.0,0,0.050451807228915665,0.03,0.0,-42.94439958222884,-22.599929886152204,20.344469696076636,0.020024070516228676,3509.912109375,1947.5709093970233,0.03897259830388307
/content/Quran_Audio_Data/Abdullah_Basfar_192kbps/010029.mp3,Quran_Audio_Data/Abdullah_Basfar_192kbps/010029.mp3,Abdullah_Basfar_192kbps,10,29,,,soundfile,14.078616780045351,13.540000000000001,44100,2,192.1,-21.38946314355969,-0.11282726725181226,0.9870942831039429,9.545460670778994e-07,0.0,0.0,0,0.03698435277382646,0.46,0.0,-43.68687515970233,-27.33592875618511,16.350946403517224,0.06796599924564362,4715.771484375,2713.4152680118086,0.0511121380358615
/content/Quran_Audio_Data/Abu_Bakr_Ash-Shaatree_128kbps/010029.mp3,Quran_Audio_Data/Abu_Bakr_Ash-Shaatree_128kbps/010029.mp3,Abu_Bakr_Ash-Shaatree_128kbps,10,29,,,soundfile,15.125351473922903,15.030000000000001,11025,1,24.1,-14.209157343930492,0.657925792196461,1.0786890983581543,-0.002996353665366769,5.397074785466277e-05,5.397074785466277e-05,1,0.00726552179656539,0.11,0.0,-31.21685189188933,-17.28899862101049,13.927853270878842,0.35582152009010315,2820.849609375,1429.3617700144011,0.11434468462423313
/content/Quran_Audio_Data/Hudhaify_128kbps/010029.mp3,Quran_Audio_Data/Hudhaify_128kbps/010029.mp3,Hudhaify_128kbps,10,29,,,soundfile,12.82485260770975,12.18,44100,2,128.1,-17.468465475599036,-1.3792262061513068,0.8531761169433594,-1.5803908581801807e-06,0.0,0.0,0,0.0484375,0.39,0.0,-35.53084875142918,-20.65779035029567,14.873058401133513,0.0068884058855473995,3660.64453125,1849.5326071755944,0.03664539734162896
/content/Quran_Audio_Data/Husary_128kbps/010029.mp3,Quran_Audio_Data/Husary_128kbps/010029.mp3,Husary_128kbps,10,29,,,soundfile,21.413083900226756,19.61,44100,2,128.1,-18.23734067339425,-1.8214466347599534,0.8108260035514832,0.0004103087994735688,0.0,0.0,0,0.07237464522232734,0.77,0.6900000000000001,-48.213821099465996,-22.132454095752713,26.081367003713282,0.011777807027101517,3316.11328125,1989.0593203716135,0.05470223146941854
/content/Quran_Audio_Data/Minshawy_Murattal_128kbps/010029.mp3,Quran_Audio_Data/Minshawy_Murattal_128kbps/010029.mp3,Minshawy_Murattal_128kbps,10,29,,,soundfile,15.410725623582767,13.870000000000001,44100,2,128.1,-18.684531390187296,-1.108853582661144,0.8801512718200684,0.0004185597936157137,0.0,0.0,0,0.09876543209876543,1.11,0.35000000000000003,-58.31524474341973,-21.547386030076417,36.767858713343315,0.014616298489272594,3574.51171875,2095.0970195072246,0.06172529473362199
/content/Quran_Audio_Data/Muhammad_Ayyoub_128kbps/010029.mp3,Quran_Audio_Data/Muhammad_Ayyoub_128kbps/010029.mp3,Muhammad_Ayyoub_128kbps,10,29,,,soundfile,14.418208616780046,14.200000000000001,44100,2,128.1,-16.71242064673018,-1.4064577652572507,0.8505054712295532,-0.0011451247846707702,0.0,0.0,0,0.013888888888888888,0.06,0.0,-27.438479228321352,-18.825358250094627,8.613120978226725,0.017801133915781975,3832.91015625,1975.3128435644792,0.04104039288949275
/content/Quran_Audio_Data/Yaser_Salamah_128kbps/010029.mp3,Quran_Audio_Data/Yaser_Salamah_128kbps/010029.mp3,Yaser_Salamah_128kbps,10,29,,,soundfile,14.116485260770975,13.02,44100,2,128.1,-18.245539807648953,-4.689521624365606,0.582805871963501,-0.0009497840073890984,0.0,0.0,0,0.07198859586600143,1.01,0.0,-40.4731363166468,-19.841203043988852,20.63193327265795,0.0016855959547683597,2734.716796875,1410.1107845316076,0.02948517173307184
/content/Quran_Audio_Data/aziz_alili_128kbps/010029.mp3,Quran_Audio_Data/aziz_alili_128kbps/010029.mp3,aziz_alili_128kbps,10,29,,,soundfile,11.254897959183673,11.13,44100,2,128.1,-15.403377561687677,-0.30678959842491205,0.9652960300445557,3.938096051570028e-05,0.0,0.0,0,0.005361930294906166,0.06,0.0,-25.783699884213423,-18.693579317690627,7.0901205665227955,0.02845066972076893,3725.244140625,1966.514130789377,0.029749773550724636
/content/Quran_Audio_Data/Abdul_Basit_Murattal_192kbps/059009.mp3,Quran_Audio_Data/Abdul_Basit_Murattal_192kbps/059009.mp3,Abdul_Basit_Murattal_192kbps,59,9,,,soundfile,51.90024943310657,50.53,44100,2,192.0,-22.48422116058224,-4.544145223461364,0.5926424264907837,-2.3343571228906512e-05,0.0,0.0,0,0.02602158828064765,0.03,0.0,-39.58222572424069,-26.08781337736527,13.494412346875425,0.01980743743479252,3423.779296875,1896.1296313550822,0.04562257115298591
/content/Quran_Audio_Data/Abdullah_Basfar_192kbps/059009.mp3,Quran_Audio_Data/Abdullah_Basfar_192kbps/059009.mp3,Abdullah_Basfar_192kbps,59,9,,,soundfile,40.720884353741496,38.94,44100,2,192.0,-21.95649851004746,-2.613517292048636,0.7401574850082397,-2.0913055323035223e-06,0.0,0.0,0,0.043243243243243246,0.28,0.0,-49.063278082112646,-27.231626536058016,21.83165154605463,0.11723796278238297,6761.42578125,3196.4571784948716,0.06438241608466362
/content/Quran_Audio_Data/Abu_Bakr_Ash-Shaatree_128kbps/059009.mp3,Quran_Audio_Data/Abu_Bakr_Ash-Shaatree_128kbps/059009.mp3,Abu_Bakr_Ash-Shaatree_128kbps,59,9,,,soundfile,37.187664399092974,37.13,11025,1,24.1,-12.739655500639566,1.3684122910626242,1.1706326007843018,-0.002733303466811776,0.0009731849734386357,0.0009585506129357991,3,0.003221476510067114,0.12,0.0,-23.38840545809502,-14.947246599528205,8.441158858566814,0.5202375650405884,3369.9462890625,1708.955709200972,0.16780172245630462
/content/Quran_Audio_Data/Hudhaify_128kbps/059009.mp3,Quran_Audio_Data/Hudhaify_128kbps/059009.mp3,Hudhaify_128kbps,59,9,,,soundfile,43.6724716553288,41.85,44100,2,128.0,-16.600999924097614,-1.7749455196713124,0.8151785135269165,4.7834455472184345e-06,0.0,0.0,0,0.041237113402061855,0.5700000000000001,0.0,-33.897943611034684,-19.459498149577257,14.438445461457427,0.013223985210061073,3552.978515625,1679.2243797261438,0.03311551472787081
/content/Quran_Audio_Data/Husary_128kbps/059009.mp3,Quran_Audio_Data/Husary_128kbps/059009.mp3,Husary_128kbps,59,9,,,soundfile,70.100589569161,63.39,44100,2,128.0,-20.00445796350644,-1.8579931079348297,0.8074215650558472,0.0006967477966099977,0.0,0.0,0,0.09222397250465417,0.15,1.32,-57.63340127346806,-23.903895361027086,33.72950591244097,0.004556169733405113,3229.98046875,1852.0214709633817,0.04966559591573874
/content/Quran_Audio_Data/Minshawy_Murattal_128kbps/059009.mp3,Quran_Audio_Data/Minshawy_Murattal_128kbps/059009.mp3,Minshawy_Murattal_128kbps,59,9,,,soundfile,45.70977324263038,44.03,44100,2,128.0,-20.67811971204241,-2.101437992773819,0.7851056456565857,9.332082117907703e-05,0.0,0.0,0,0.03633180126942438,0.06,0.0,-38.11864026256848,-24.687619985447153,13.43102027712133,0.013663986697793007,3488.37890625,1870.5265224504597,0.04903754781138903
/content/Quran_Audio_Data/Muhammad_Ayyoub_128kbps/059009.mp3,Quran_Audio_Data/Muhammad_Ayyoub_128kbps/059009.mp3,Muhammad_Ayyoub_128kbps,59,9,,,soundfile,50.019614512471655,49.370000000000005,44100,2,128.0,-17.426777573265607,-2.9878377748961276,0.7089377641677856,-0.000613219162914902,0.0,0.0,0,0.0126,0.05,0.0,-30.857431761577374,-20.11598200056986,10.741449761007512,0.021771565079689026,4629.638671875,2166.751698266229,0.03599921222296357
/content/Quran_Audio_Data/Yaser_Salamah_128kbps/059009.mp3,Quran_Audio_Data/Yaser_Salamah_128kbps/059009.mp3,Yaser_Salamah_128kbps,59,9,,,soundfile,40.68045351473923,40.26,44100,2,128.0,-17.442495615359775,-4.214258356401263,0.6155836582183838,-0.0008625947521068156,0.0,0.0,0,0.008374384236453201,0.33,0.01,-27.598038467558627,-19.30980952276441,8.288228944794216,0.0014825332909822464,2627.05078125,1311.357247677091,0.028643088873606743
/content/Quran_Audio_Data/aziz_alili_128kbps/059009.mp3,Quran_Audio_Data/aziz_alili_128kbps/059009.mp3,aziz_alili_128kbps,59,9,,,soundfile,40.82,40.67,44100,2,128.0,-12.646176675917737,-0.14600780020995735,0.9833307266235352,0.0002966951869893819,0.0,0.0,0,0.002697400686611084,0.04,0.0,-25.61890989087922,-16.04921546500864,9.56969442587058,0.02722439356148243,3488.37890625,1826.2954599623104,0.03213849128733997
/content/Quran_Audio_Data/Abdul_Basit_Murattal_192kbps/002167.mp3,Quran_Audio_Data/Abdul_Basit_Murattal_192kbps/002167.mp3,Abdul_Basit_Murattal_192kbps,2,167,,,soundfile,38.44848072562358,35.72,44100,2,192.0,-22.658577911833774,-4.383960942619715,0.6036732792854309,-2.8000851671095006e-05,0.0,0.0,0,0.07051782461618528,0.02,0.0,-49.60409016297908,-26.028546263010085,23.57554389996899,0.017232708632946014,3423.779296875,1783.8960807556207,0.0410324317821558
/content/Quran_Audio_Data/Abdullah_Basfar_192kbps/002167.mp3,Quran_Audio_Data/Abdullah_Basfar_192kbps/002167.mp3,Abdullah_Basfar_192kbps,2,167,,,soundfile,30.09013605442177,28.98,44100,2,192.1,-19.335955664892897,0.058940720985571946,1.006808876991272,8.302505989377096e-07,8.289530699523352e-06,6.782343299610015e-06,3,0.036248752909876954,0.71,0.0,-45.71910878602609,-26.07756210928453,19.641546676741562,0.0616641566157341,4974.169921875,2756.5647825601977,0.060154102466724535
/content/Quran_Audio_Data/Abu_Bakr_Ash-Shaatree_128kbps/002167.mp3,Quran_Audio_Data/Abu_Bakr_Ash-Shaatree_128kbps/002167.mp3,Abu_Bakr_Ash-Shaatree_128kbps,2,167,,,soundfile,26.746757369614514,26.69,44100,2,128.1,-21.433950885339552,-3.3823931404729253,0.6774548292160034,-5.075489389128052e-05,0.0,0.0,0,0.0014964459408903852,0.04,0.0,-35.79087011202497,-24.568305261439537,11.222564850585432,0.027262860909104347,4328.173828125,2191.1250938201565,0.039909574720594615
/content/Quran_Audio_Data/Hudhaify_128kbps/002167.mp3,Quran_Audio_Data/Hudhaify_128kbps/002167.mp3,Hudhaify_128kbps,2,167,,,soundfile,25.939909297052154,24.95,22050,1,24.2,-15.670893796846897,-1.333138580459106,0.8577151298522949,0.0029800364281982183,0.0,0.0,0,0.03964588144726713,0.04,0.51,-41.038998998701935,-18.83638476597779,22.202614232724144,0.0046213967725634575,2713.18359375,1326.4124738565147,0.04802407689512522
/content/Quran_Audio_Data/Husary_128kbps/002167.mp3,Quran_Audio_Data/Husary_128kbps/002167.mp3,Husary_128kbps,2,167,,,soundfile,42.392607709750564,38.65,44100,2,128.0,-21.541251205725366,-2.073856481920343,0.7876026630401611,0.0004916341276839375,0.0,0.0,0,0.08779797026197782,0.52,1.67,-57.58755182102402,-25.588827222684255,31.998724598339766,0.009284145198762417,3294.580078125,1999.1927754388485,0.0555018814605011
/content/Quran_Audio_Data/Minshawy_Murattal_128kbps/002167.mp3,Quran_Audio_Data/Minshawy_Murattal_128kbps/002167.mp3,Minshawy_Murattal_128kbps,2,167,,,soundfile,28.705736961451247,28.490000000000002,44100,2,128.0,-20.390880865844807,-3.0224896963811254,0.7061151266098022,0.000177964277099818,0.0,0.0,0,0.006971070059254096,0.06,0.0,-38.09900827956102,-26.376413500022466,11.722594779538554,0.010130873881280422,2325.5859375,1473.1178497110675,0.04683926247219976
/content/Quran_Audio_Data/Muhammad_Ayyoub_128kbps/002167.mp3,Quran_Audio_Data/Muhammad_Ayyoub_128kbps/002167.mp3,Muhammad_Ayyoub_128kbps,2,167,,,soundfile,26.146009070294784,25.78,44100,2,128.1,-14.508016537140445,-0.6502302226485446,0.927872896194458,-0.0004926637629978359,0.0,0.0,0,0.013394565633371604,0.05,0.0,-25.841651002682895,-16.752096592445145,9.08955441023775,0.019703419879078865,3789.84375,1789.4200618441635,0.03145762247558811
/content/Quran_Audio_Data/Yaser_Salamah_128kbps/002167.mp3,Quran_Audio_Data/Yaser_Salamah_128kbps/002167.mp3,Yaser_Salamah_128kbps,2,167,,,soundfile,27.15034013605442,26.830000000000002,44100,2,128.1,-14.581932077232507,0.12992156230097726,1.0150701999664307,8.772222827246878e-06,3.3483338690667523e-06,3.3483338690667523e-06,2,0.008865903213889916,0.23,0.01,-28.486926771151335,-17.688478960454905,10.79844781069643,0.010983338579535484,4500.439453125,2336.3276140072985,0.039972117341473865
/content/Quran_Audio_Data/aziz_alili_128kbps/002167.mp3,Quran_Audio_Data/aziz_alili_128kbps/002167.mp3,aziz_alili_128kbps,2,167,,,soundfile,25.077551020408162,24.91,44100,2,128.1,-12.872196421321348,0.02807915173204738,1.0032379627227783,0.0002377728815190494,9.080079033007903e-07,9.080079033007903e-07,1,0.0016032064128256513,0.04,0.0,-23.45998092408645,-15.968074553396066,7.491906370690385,0.030138064175844193,3746.77734375,1977.482701908764,0.032837594751974904
/content/Quran_Audio_Data/Abdul_Basit_Murattal_192kbps/002122.mp3,Quran_Audio_Data/Abdul_Basit_Murattal_192kbps/002122.mp3,Abdul_Basit_Murattal_192kbps,2,122,,,soundfile,23.62390022675737,21.53,44100,2,191.8,-22.019905009276364,-3.6388425466211,0.6577454805374146,-2.8185841074446216e-05,0.0,0.0,0,0.08655070004242682,0.02,0.02,-58.31687946347073,-26.75450746174594,31.562372001724786,0.016657881438732147,3057.71484375,1659.5459892269214,0.04221758504552165
/content/Quran_Audio_Data/Abdullah_Basfar_192kbps/002122.mp3,Quran_Audio_Data/Abdullah_Basfar_192kbps/002122.mp3,Abdullah_Basfar_192kbps,2,122,,,soundfile,17.00403628117914,16.62,44100,2,192.1,-20.46497070955853,-0.9387290444381695,0.8975601196289062,9.931093245540978e-07,0.0,0.0,0,0.02120141342756184,0.03,0.0,-36.23145625358418,-25.86434781411522,10.367108439468957,0.043029479682445526,5232.568359375,2827.3928172541637,0.06827805034129693
/content/Quran_Audio_Data/Abu_Bakr_Ash-Shaatree_128kbps/002122.mp3,Quran_Audio_Data/Abu_Bakr_Ash-Shaatree_128kbps/002122.mp3,Abu_Bakr_Ash-Shaatree_128kbps,2,122,,,soundfile,16.507755102040818,16.45,44100,2,128.1,-25.15696308780537,-8.692433049729537,0.3676024079322815,-3.275224662502296e-05,0.0,0.0,0,0.002425712553062462,0.04,0.0,-35.8122463314464,-27.189291449642347,8.622954881804056,0.029948076233267784,4371.240234375,2274.6861093322545,0.04447823268284107
/content/Quran_Audio_Data/Hudhaify_128kbps/002122.mp3,Quran_Audio_Data/Hudhaify_128kbps/002122.mp3,Hudhaify_128kbps,2,122,,,soundfile,16.84734693877551,16.72,44100,2,128.1,-19.032277357726347,-0.858211915014484,0.905919075012207,2.1058340280433185e-06,0.0,0.0,0,0.006535947712418301,0.04,0.06,-29.498360291543474,-21.33178372554212,8.166576566001353,0.008818318136036396,5340.234375,2370.851125878011,0.04785055365444215
/content/Quran_Audio_Data/Husary_128kbps/002122.mp3,Quran_Audio_Data/Husary_128kbps/002122.mp3,Husary_128kbps,2,122,,,soundfile,26.067641723356008,24.48,44100,2,128.1,-20.03678822322492,-2.429669069853656,0.7559908628463745,0.0004918127087876201,0.0,0.0,0,0.06026871401151632,1.35,0.22,-39.81882531146238,-23.929479744774444,15.88934556668794,0.00648184958845377,3380.712890625,2047.956556129319,0.06470487463824577
/content/Quran_Audio_Data/Minshawy_Murattal_128kbps/002122.mp3,Quran_Audio_Data/Minshawy_Murattal_128kbps/002122.mp3,Minshawy_Murattal_128kbps,2,122,,,soundfile,16.455510204081634,15.11,44100,2,128.1,-17.94508246696903,-2.7058455300851363,0.7323315143585205,-1.9354802134330384e-05,0.0,0.0,0,0.08090024330900243,1.33,0.0,-50.834245742480256,-21.862543500446574,28.971702242033682,0.01596430130302906,2304.052734375,1463.4000029074205,0.052671704204866006
/content/Quran_Audio_Data/Muhammad_Ayyoub_128kbps/002122.mp3,Quran_Audio_Data/Muhammad_Ayyoub_128kbps/002122.mp3,Muhammad_Ayyoub_128kbps,2,122,,,soundfile,18.25777777777778,18.05,44100,2,128.1,-14.420490314035302,-1.4747689709508225,0.8438428044319153,2.3038719518808648e-05,0.0,0.0,0,0.010416666666666666,0.19,0.0,-24.659454490441455,-16.31170412645391,8.347750363987544,0.023562198504805565,4198.974609375,1997.8562063123027,0.031489018793706296
/content/Quran_Audio_Data/Yaser_Salamah_128kbps/002122.mp3,Quran_Audio_Data/Yaser_Salamah_128kbps/002122.mp3,Yaser_Salamah_128kbps,2,122,,,soundfile,12.52,12.16,48000,2,128.1,-19.071982845486104,-3.9531264690504346,0.6343715190887451,-4.593018275045324e-06,0.0,0.0,0,0.022508038585209004,0.27,0.01,-32.357320708167336,-21.510733835363485,10.84658687280385,0.006515015847980976,3398.4375,1815.8785090359443,0.028871719151327056
/content/Quran_Audio_Data/aziz_alili_128kbps/002122.mp3,Quran_Audio_Data/aziz_alili_128kbps/002122.mp3,aziz_alili_128kbps,2,122,,,soundfile,16.118412698412698,15.92,44100,2,128.1,-14.442258402771134,-0.25515407121816375,0.9710515737533569,0.00013117739581502974,0.0,0.0,0,0.0031308703819661866,0.05,0.0,-25.428015776135283,-17.2900562592243,8.137959516910982,0.03189702704548836,3983.642578125,2223.0127408441404,0.037650452988933235
/content/Quran_Audio_Data/Abdul_Basit_Murattal_192kbps/002066.mp3,Quran_Audio_Data/Abdul_Basit_Murattal_192kbps/002066.mp3,Abdul_Basit_Murattal_192kbps,2,66,,,soundfile,16.11596371882086,13.97,44100,2,192.1,-23.005872168015138,-5.934877876850254,0.504958987236023,-2.318209590157494e-05,0.0,0.0,0,0.13229813664596274,0.04,0.0,-72.79108315837642,-27.17454606586616,45.616537092510264,0.014525902457535267,3251.513671875,1757.4284450536018,0.039722330026097916
/content/Quran_Audio_Data/Abdullah_Basfar_192kbps/002066.mp3,Quran_Audio_Data/Abdullah_Basfar_192kbps/002066.mp3,Abdullah_Basfar_192kbps,2,66,,,soundfile,12.093514739229025,11.68,44100,2,192.1,-20.063955528734066,-0.10577943164879494,0.9878955483436584,3.288392008471419e-06,0.0,0.0,0,0.03231151615575808,0.22,0.17,-45.82297294922407,-25.41791508062927,20.405057868594795,0.04128048196434975,4629.638671875,2849.272390691805,0.07093808106405951
/content/Quran_Audio_Data/Abu_Bakr_Ash-Shaatree_128kbps/002066.mp3,Quran_Audio_Data/Abu_Bakr_Ash-Shaatree_128kbps/002066.mp3,Abu_Bakr_Ash-Shaatree_128kbps,2,66,,,soundfile,11.179274376417233,11.120000000000001,44100,2,128.1,-23.026562312111732,-4.386783812827733,0.6034771203994751,-3.276993811596185e-05,0.0,0.0,0,0.0035842293906810036,0.04,0.0,-33.65322013866856,-25.460077365966463,8.193142772702096,0.02601924166083336,4306.640625,2206.13152356178,0.04261584890965732
/content/Quran_Audio_Data/Hudhaify_128kbps/002066.mp3,Quran_Audio_Data/Hudhaify_128kbps/002066.mp3,Hudhaify_128kbps,2,66,,,soundfile,11.048730158730159,10.1,44100,2,128.1,-20.4306256224119,-3.343619611822875,0.680485725402832,-3.656131411844399e-06,0.0,0.0,0,0.0843155031731641,0.67,0.13,-51.123224384842764,-23.515280960618266,27.607943424224498,0.0160035640001297,3660.64453125,1816.2426389704299,0.03706526555934874
/content/Quran_Audio_Data/Husary_128kbps/002066.mp3,Quran_Audio_Data/Husary_128kbps/002066.mp3,Husary_128kbps,2,66,,,soundfile,18.827210884353743,18.45,44100,2,128.1,-19.825818755965233,-2.9251571535891285,0.7140722274780273,0.0010179310338571668,0.0,0.0,0,0.005390835579514825,0.06,0.0,-49.60952376428778,-25.858078970594466,23.751444793693313,0.006478796247392893,3359.1796875,2069.9859325065972,0.065941162109375
/content/Quran_Audio_Data/Minshawy_Murattal_128kbps/002066.mp3,Quran_Audio_Data/Minshawy_Murattal_128kbps/002066.mp3,Minshawy_Murattal_128kbps,2,66,,,soundfile,11.910702947845804,10.61,44100,2,128.1,-16.40656873505529,-1.0051804750375914,0.8907195329666138,-2.6828849513549358e-05,0.0,0.0,0,0.10765349032800672,1.08,0.06,-56.69970635280024,-20.718735845963394,35.98097050683685,0.014312880113720894,2497.8515625,1496.7489183218372,0.04171187789351852
/content/Quran_Audio_Data/Muhammad_Ayyoub_128kbps/002066.mp3,Quran_Audio_Data/Muhammad_Ayyoub_128kbps/002066.mp3,Muhammad_Ayyoub_128kbps,2,66,,,soundfile,12.6681179138322,12.18,44100,2,128.1,-16.34594695380151,-2.5769643683374217,0.7432788610458374,0.0005130106001161039,0.0,0.0,0,0.03715415019762846,0.1,0.0,-32.74018423618675,-18.617135809855395,14.123048426331355,0.01969209872186184,3789.84375,1806.32279322899,0.02771935096153846
/content/Quran_Audio_Data/Yaser_Salamah_128kbps/002066.mp3,Quran_Audio_Data/Yaser_Salamah_128kbps/002066.mp3,Yaser_Salamah_128kbps,2,66,,,soundfile,9.904,9.81,48000,2,128.1,-17.48049755420849,-2.3451852287165202,0.7633799314498901,-2.642778963490855e-05,0.0,0.0,0,0.0010183299389002036,0.01,0.0,-33.70641019875831,-20.474326206276547,13.232083992481765,0.006980783771723509,4031.25,2187.969503386526,0.03583444779252438
/content/Quran_Audio_Data/aziz_alili_128kbps/002066.mp3,Quran_Audio_Data/aziz_alili_128kbps/002066.mp3,aziz_alili_128kbps,2,66,,,soundfile,12.790748299319727,12.68,44100,2,128.1,-13.25471933078715,-0.19118521775657726,0.9782294631004333,0.0001881174393929541,0.0,0.0,0,0.003927729772191673,0.05,0.0,-24.16254698587833,-16.114384186985248,8.048162798893081,0.02806537225842476,3832.91015625,2032.9096590375543,0.0333279721621929
/content/Quran_Audio_Data/Abdul_Basit_Murattal_192kbps/002012.mp3,Quran_Audio_Data/Abdul_Basit_Murattal_192kbps/002012.mp3,Abdul_Basit_Murattal_192kbps,2,12,,,soundfile,9.768820861678005,8.99,44100,2,192.1,-20.168639515276716,-4.132136814474384,0.6214313507080078,-2.4080554794636555e-05,0.0,0.0,0,0.07794871794871795,0.76,0.0,-51.60317399470081,-24.751966272066195,26.851207722634616,0.014621896669268608,3014.6484375,1580.5598789921073,0.03434554075118765
/content/Quran_Audio_Data/Abdullah_Basfar_192kbps/002012.mp3,Quran_Audio_Data/Abdullah_Basfar_192kbps/002012.mp3,Abdullah_Basfar_192kbps,2,12,,,soundfile,9.716575963718821,9.18,44100,2,192.1,-18.325108192023627,-0.5235609948420856,0.9415035247802734,4.050333245686488e-06,0.0,0.0,0,0.05360824742268041,0.08,0.42,-36.01377066705056,-23.869596928516668,12.14417373853389,0.0555456206202507,4931.103515625,2856.1512310097833,0.05832189926821983
/content/Quran_Audio_Data/Abu_Bakr_Ash-Shaatree_128kbps/002012.mp3,Quran_Audio_Data/Abu_Bakr_Ash-Shaatree_128kbps/002012.mp3,Abu_Bakr_Ash-Shaatree_128kbps,2,12,,,soundfile,10.18673469387755,10.120000000000001,44100,2,128.1,-20.480198857326638,-6.277520501056182,0.48542705178260803,-6.056810889276676e-05,0.0,0.0,0,0.004916420845624385,0.05,0.0,-37.14912741276283,-23.699819143386108,13.449308269376722,0.026625998318195343,4198.974609375,1931.3169311515248,0.031985202519931664
/content/Quran_Audio_Data/Hudhaify_128kbps/002012.mp3,Quran_Audio_Data/Hudhaify_128kbps/002012.mp3,Hudhaify_128kbps,2,12,,,soundfile,10.761383219954649,10.15,44100,2,128.1,-19.35628105045343,-2.881985051004752,0.7176302671432495,2.0037116428284207e-06,0.0,0.0,0,0.05493482309124767,0.05,0.0,-40.99670635521242,-22.001417939326604,18.995288415885813,0.011439681984484196,2950.048828125,1629.4234780576448,0.03484495095064725
/content/Quran_Audio_Data/Husary_128kbps/002012.mp3,Quran_Audio_Data/Husary_128kbps/002012.mp3,Husary_128kbps,2,12,,,soundfile,13.65546485260771,13.17,44100,2,128.1,-21.08988080176089,-2.4860233496832502,0.7511018514633179,0.0009203478693962097,0.0,0.0,0,0.01569506726457399,0.06,0.0,-54.16848623273469,-27.08214534600222,27.086340886732472,0.00627425592392683,3423.779296875,1851.231247324163,0.04295310808982684
/content/Quran_Audio_Data/Minshawy_Murattal_128kbps/002012.mp3,Quran_Audio_Data/Minshawy_Murattal_128kbps/002012.mp3,Minshawy_Murattal_128kbps,2,12,,,soundfile,9.951632653061225,9.05,44100,2,128.1,-16.760434103453335,-2.287028583412541,0.7685083150863647,-1.8704004105529748e-05,0.0,0.0,0,0.08862034239677745,0.84,0.01,-55.01795183764589,-20.882880933420108,34.135070904225785,0.015370448119938374,2648.583984375,1588.841233495607,0.04643622978583916
/content/Quran_Audio_Data/Muhammad_Ayyoub_128kbps/002012.mp3,Quran_Audio_Data/Muhammad_Ayyoub_128kbps/002012.mp3,Muhammad_Ayyoub_128kbps,2,12,,,soundfile,11.884580498866214,11.82,44100,2,128.1,-14.715707021142778,-2.1946037327410144,0.7767295241355896,0.0020244731567800045,0.0,0.0,0,0.003372681281618887,0.04,0.0,-29.065996588147197,-17.58177118294378,11.484225405203418,0.022363806143403053,4069.775390625,1904.4514454806126,0.031208515167236328
/content/Quran_Audio_Data/Yaser_Salamah_128kbps/002012.mp3,Quran_Audio_Data/Yaser_Salamah_128kbps/002012.mp3,Yaser_Salamah_128kbps,2,12,,,soundfile,7.648,7.3500000000000005,48000,2,128.1,-18.271166698713,-3.7887072092608456,0.6464942097663879,3.6692505091195926e-05,0.0,0.0,0,0.027777777777777776,0.21,0.0,-30.87771402932205,-20.478652103725004,10.399061925597046,0.0069936541840434074,4218.75,2141.178552270944,0.02845678436622191
/content/Quran_Audio_Data/aziz_alili_128kbps/002012.mp3,Quran_Audio_Data/aziz_alili_128kbps/002012.mp3,aziz_alili_128kbps,2,12,,,soundfile,11.638843537414965,11.51,44100,2,128.1,-11.823997751582835,-0.21464797570131128,0.9755905866622925,0.0005539255798794329,0.0,0.0,0,0.007758620689655172,0.05,0.0,-24.33464085596502,-15.652231397913342,8.682409458051678,0.029992809519171715,3897.509765625,2050.429406105331,0.03711765921282435
/content/Quran_Audio_Data/Abdul_Basit_Murattal_192kbps/023046.mp3,Quran_Audio_Data/Abdul_Basit_Murattal_192kbps/023046.mp3,Abdul_Basit_Murattal_192kbps,23,46,,,soundfile,10.291224489795919,10.18,44100,2,192.1,-21.807958481706574,-3.8128105837206263,0.644702672958374,-2.269875767524354e-05,0.0,0.0,0,0.008763388510223954,0.02,0.0,-43.50532253540177,-27.215574702576713,16.289747832825054,0.020920593291521072,3509.912109375,2040.4899493565863,0.05511908117249154
/content/Quran_Audio_Data/Abdullah_Basfar_192kbps/023046.mp3,Quran_Audio_Data/Abdullah_Basfar_192kbps/023046.mp3,Abdullah_Basfar_192kbps,23,46,,,soundfile,8.697891156462585,8.620000000000001,44100,2,192.1,-21.207195090773382,-0.1455234377019721,0.9833855628967285,5.148711352376267e-06,0.0,0.0,0,0.0069124423963133645,0.04,0.0,-43.334167858976244,-26.800663740239155,16.53350411873709,0.08323738723993301,5189.501953125,3026.228143109714,0.063828125
/content/Quran_Audio_Data/Abu_Bakr_Ash-Shaatree_128kbps/023046.mp3,Quran_Audio_Data/Abu_Bakr_Ash-Shaatree_128kbps/023046.mp3,Abu_Bakr_Ash-Shaatree_128kbps,23,46,,,soundfile,7.47031746031746,7.4,44100,2,128.1,-22.755973063854967,-3.839866805944973,0.6426975727081299,-5.870005043107085e-05,0.0,0.0,0,0.006711409395973154,0.05,0.0,-35.573174942394935,-25.47813563192217,10.095039310472764,0.020474525168538094,4112.841796875,2275.577417762613,0.055673160908385096
/content/Quran_Audio_Data/Hudhaify_128kbps/023046.mp3,Quran_Audio_Data/Hudhaify_128kbps/023046.mp3,Hudhaify_128kbps,23,46,,,soundfile,8.802448979591837,7.99,44100,2,128.1,-19.409282271198666,-2.7586534710798616,0.7278926372528076,3.2733512398408493e-06,0.0,0.0,0,0.08997722095671981,0.54,0.22,-56.80313488895625,-23.38099810174833,33.42213678720792,0.005061877891421318,3725.244140625,1895.3991585399363,0.043181689517457184
/content/Quran_Audio_Data/Husary_128kbps/023046.mp3,Quran_Audio_Data/Husary_128kbps/023046.mp3,Husary_128kbps,23,46,,,soundfile,10.442721088435373,8.540000000000001,44100,2,128.1,-21.123129040741997,-1.5873497784690587,0.8329760432243347,0.000553007994312793,0.0,0.0,0,0.16027531956735497,0.25,1.33,-63.39844365703338,-26.157532436262265,37.24091122077112,0.0046556792221963406,3445.3125,1739.1606919203064,0.0327865843892369
/content/Quran_Audio_Data/Minshawy_Murattal_128kbps/023046.mp3,Quran_Audio_Data/Minshawy_Murattal_128kbps/023046.mp3,Minshawy_Murattal_128kbps,23,46,,,soundfile,9.429319727891157,9.14,44100,2,128.1,-24.978086609541993,-7.398832821414834,0.42663684487342834,9.25283384276554e-05,0.0,0.0,0,0.028692879914984058,0.27,0.0,-46.415099458404214,-29.69875993492986,16.716339523474353,0.007050131913274527,1701.123046875,1169.2405620883862,0.02966984259686347
/content/Quran_Audio_Data/Muhammad_Ayyoub_128kbps/023046.mp3,Quran_Audio_Data/Muhammad_Ayyoub_128kbps/023046.mp3,Muhammad_Ayyoub_128kbps,23,46,,,soundfile,9.35095238095238,9.23,44100,2,128.1,-16.197154864168116,-1.0625750534072447,0.8848532438278198,-0.0010495124151930213,0.0,0.0,0,0.010718113612004287,0.1,0.0,-29.87000098911415,-19.682350416858974,10.187650572255176,0.026368679478764534,5900.09765625,2607.4413923330007,0.05350980924317618
/content/Quran_Audio_Data/Yaser_Salamah_128kbps/023046.mp3,Quran_Audio_Data/Yaser_Salamah_128kbps/023046.mp3,Yaser_Salamah_128kbps,23,46,,,soundfile,8.343990929705216,7.91,44100,2,128.1,-18.528486962130046,-4.068891474338426,0.6259727478027344,-0.0004588942101690918,0.0,0.0,0,0.0423728813559322,0.34,0.01,-34.61333557316847,-21.20661723554709,13.406718337621381,0.0019627874717116356,2540.91796875,1312.750957380737,0.02666125043767507
/content/Quran_Audio_Data/aziz_alili_128kbps/023046.mp3,Quran_Audio_Data/aziz_alili_128kbps/023046.mp3,aziz_alili_128kbps,23,46,,,soundfile,7.799229024943311,7.69,44100,2,128.1,-13.652839481589034,-0.28236133271543656,0.968014657497406,0.00029554468346759677,0.0,0.0,0,0.006459948320413436,0.05,0.0,-27.614191082233464,-17.18534624217897,10.428844840054495,0.033026937395334244,3940.576171875,2271.944205356422,0.04106963518310912
/content/Quran_Audio_Data/Abdul_Basit_Murattal_192kbps/009014.mp3,Quran_Audio_Data/Abdul_Basit_Murattal_192kbps/009014.mp3,Abdul_Basit_Murattal_192kbps,9,14,,,soundfile,15.018888888888888,14.5,44100,2,192.1,-21.338787356774894,-2.0725885738543504,0.7877176403999329,-2.875794962164946e-05,0.0,0.0,0,0.03333333333333333,0.02,0.0,-42.802426761602696,-26.096574454773172,16.705852306829524,0.020925235003232956,3552.978515625,1936.5589894829545,0.04330005675231839
/content/Quran_Audio_Data/Abdullah_Basfar_192kbps/009014.mp3,Quran_Audio_Data/Abdullah_Basfar_192kbps/009014.mp3,Abdullah_Basfar_192kbps,9,14,,,soundfile,15.984716553287981,15.51,44100,2,191.8,-23.97835644971522,-4.919345454935423,0.5675873756408691,-2.1247849417704856e-06,0.0,0.0,0,0.026976160602258468,0.04,0.12,-40.90483516166147,-29.23557242186085,11.669262739800615,0.07696709036827087,6373.828125,3062.1987409944563,0.06722265625
/content/Quran_Audio_Data/Abu_Bakr_Ash-Shaatree_128kbps/009014.mp3,Quran_Audio_Data/Abu_Bakr_Ash-Shaatree_128kbps/009014.mp3,Abu_Bakr_Ash-Shaatree_128kbps,9,14,,,soundfile,12.015124716553288,11.98,44100,2,128.1,-19.49221283764487,-1.8996696776253499,0.8035566806793213,-7.83754003350623e-05,0.0,0.0,0,0.0016666666666666668,0.02,0.0,-27.034569254610354,-21.27417948927414,5.760389765336214,0.023935191333293915,3875.9765625,1897.4980685926146,0.035167572463768115
/content/Quran_Audio_Data/Hudhaify_128kbps/009014.mp3,Quran_Audio_Data/Hudhaify_128kbps/009014.mp3,Hudhaify_128kbps,9,14,,,soundfile,16.32496598639456,16.0,44100,2,128.1,-18.659958773345284,-2.4538728779312784,0.7538871765136719,-7.561029065072944e-07,0.0,0.0,0,0.018404907975460124,0.05,0.0,-35.565946427253415,-22.47127634075024,13.094670086503175,0.017490411177277565,4306.640625,1726.978015526975,0.02800693796641791
/content/Quran_Audio_Data/Husary_128kbps/009014.mp3,Quran_Audio_Data/Husary_128kbps/009014.mp3,Husary_128kbps,9,14,,,soundfile,25.722857142857144,24.29,44100,2,128.1,-21.96232597948513,-4.593374308617907,0.5892930030822754,0.00043800906860269606,0.0,0.0,0,0.04557956777996071,0.6900000000000001,0.4,-42.4923596316814,-26.16514525621206,16.327214375469342,0.008129047229886055,3036.181640625,1590.1686957993695,0.0332302764642206
/content/Quran_Audio_Data/Minshawy_Murattal_128kbps/009014.mp3,Quran_Audio_Data/Minshawy_Murattal_128kbps/009014.mp3,Minshawy_Murattal_128kbps,9,14,,,soundfile,13.739092970521542,13.11,44100,2,128.1,-19.679804188388562,-2.2757492784713125,0.7695069313049316,0.0002266985975438729,0.0,0.0,0,0.04446064139941691,0.26,0.33,-34.833540823621654,-24.318700104121383,10.51484071950027,0.01720309816300869,3596.044921875,2016.7446201486644,0.053967037716427364
/content/Quran_Audio_Data/Muhammad_Ayyoub_128kbps/009014.mp3,Quran_Audio_Data/Muhammad_Ayyoub_128kbps/009014.mp3,Muhammad_Ayyoub_128kbps,9,14,,,soundfile,19.69437641723356,19.55,44100,2,128.1,-16.411245111944677,-1.3497728943506022,0.8560740947723389,-0.001580363023094833,0.0,0.0,0,0.006100660904931368,0.04,0.05,-28.310669320451442,-18.832962649964045,9.477706670487397,0.021111784502863884,4263.57421875,2020.2664342433552,0.03682020431275781
/content/Quran_Audio_Data/Yaser_Salamah_128kbps/009014.mp3,Quran_Audio_Data/Yaser_Salamah_128kbps/009014.mp3,Yaser_Salamah_128kbps,9,14,,,soundfile,14.011995464852607,13.38,44100,2,128.1,-16.987779252781042,-3.727845519720999,0.6510400772094727,-0.0008230008534155786,0.0,0.0,0,0.03948312993539124,0.55,0.0,-30.33642317526434,-18.628132933401172,11.708290241863168,0.0016378817381337285,2691.650390625,1317.8420631328495,0.026367593724001662
/content/Quran_Audio_Data/aziz_alili_128kbps/009014.mp3,Quran_Audio_Data/aziz_alili_128kbps/009014.mp3,aziz_alili_128kbps,9,14,,,soundfile,15.606462585034013,15.3,44100,2,128.1,-17.457407889870787,-0.2701042864991476,0.9693816304206848,4.589880700223148e-05,0.0,0.0,0,0.012903225806451613,0.2,0.0,-27.547151495048404,-20.1693158530642,7.377835641984202,0.03595076501369476,6804.4921875,2540.459793920292,0.04050725738593867
/content/Quran_Audio_Data/Abdul_Basit_Murattal_192kbps/029049.mp3,Quran_Audio_Data/Abdul_Basit_Murattal_192kbps/029049.mp3,Abdul_Basit_Murattal_192kbps,29,49,,,soundfile,19.6943537414966,19.43,44100,2,192.1,-21.088776586840385,-5.939109171867752,0.5047130584716797,-2.1518128050956875e-05,0.0,0.0,0,0.012201321809862735,0.02,0.0,-43.996736798232014,-25.499908799244498,18.496827998987516,0.014898071065545082,3316.11328125,1671.0098053809045,0.034560069239835005
/content/Quran_Audio_Data/Abdullah_Basfar_192kbps/029049.mp3,Quran_Audio_Data/Abdullah_Basfar_192kbps/029049.mp3,Abdullah_Basfar_192kbps,29,49,,,soundfile,19.01530612244898,17.13,44100,2,192.1,-21.732338659898474,-0.011290510780951257,0.9987009763717651,1.0564409649305162e-06,0.0,0.0,0,0.09842105263157895,0.03,0.0,-60.81047233115603,-27.425451423817343,33.385020907338685,0.073462575674057,4457.373046875,2678.446906224486,0.05962128691620879
/content/Quran_Audio_Data/Abu_Bakr_Ash-Shaatree_128kbps/029049.mp3,Quran_Audio_Data/Abu_Bakr_Ash-Shaatree_128kbps/029049.mp3,Abu_Bakr_Ash-Shaatree_128kbps,29,49,,,soundfile,14.70548752834467,14.65,44100,2,128.1,-21.89976100056296,-5.709649540997632,0.5182240009307861,-3.4916152799269184e-05,0.0,0.0,0,0.002722940776038121,0.04,0.0,-30.318791438416167,-23.72004115065306,6.598750287763107,0.020245665684342384,4177.44140625,2180.5893909304914,0.045097995387726915
/content/Quran_Audio_Data/Hudhaify_128kbps/029049.mp3,Quran_Audio_Data/Hudhaify_128kbps/029049.mp3,Hudhaify_128kbps,29,49,,,soundfile,17.9443537414966,16.93,44100,2,128.1,-18.423119983102513,-2.5758722709074755,0.7433723211288452,-1.4176505374052795e-06,0.0,0.0,0,0.05524553571428571,0.22,0.11,-48.42966091866585,-22.004728361746395,26.424932556919458,0.005228770896792412,3660.64453125,1777.0603499661313,0.04056619148205045
/content/Quran_Audio_Data/Husary_128kbps/029049.mp3,Quran_Audio_Data/Husary_128kbps/029049.mp3,Husary_128kbps,29,49,,,soundfile,29.275192743764173,26.8,44100,2,128.0,-21.201785363479807,-3.8858688124727356,0.6393027305603027,0.0007403912604786456,0.0,0.0,0,0.07586206896551724,0.16,0.38,-59.20894813774374,-25.834180979663994,33.37476715807975,0.0036546720657497644,3294.580078125,1759.8793469771451,0.03678515625
/content/Quran_Audio_Data/Minshawy_Murattal_128kbps/029049.mp3,Quran_Audio_Data/Minshawy_Murattal_128kbps/029049.mp3,Minshawy_Murattal_128kbps,29,49,,,soundfile,16.351020408163265,16.25,44100,2,128.1,-18.028707048029425,-2.889775649590811,0.716986894607544,0.0003034252440556884,0.0,0.0,0,0.004898958971218616,0.05,0.0,-33.36905765929562,-22.257967700348942,11.111089958946678,0.019012153148651123,3359.1796875,1941.433779696438,0.054864237712916965
/content/Quran_Audio_Data/Muhammad_Ayyoub_128kbps/029049.mp3,Quran_Audio_Data/Muhammad_Ayyoub_128kbps/029049.mp3,Muhammad_Ayyoub_128kbps,29,49,,,soundfile,19.955532879818595,19.31,44100,2,128.1,-14.401703129485348,-0.6255319570636566,0.9305150508880615,0.0004918698687106371,0.0,0.0,0,0.03159478435305918,0.1,0.21,-34.063520099382295,-17.300238165579984,16.76328193380231,0.019143974408507347,4306.640625,2012.632433858026,0.03234103448589296
/content/Quran_Audio_Data/Yaser_Salamah_128kbps/029049.mp3,Quran_Audio_Data/Yaser_Salamah_128kbps/029049.mp3,Yaser_Salamah_128kbps,29,49,,,soundfile,16.597868480725623,16.11,44100,2,128.1,-16.130271302732137,-2.90976983543679,0.7153383493423462,-0.0016966144321486354,0.0,0.0,0,0.024818401937046004,0.41000000000000003,0.0,-32.29487408571867,-18.445587683211862,13.849286402506806,0.0016866633668541908,2605.517578125,1285.6317371761595,0.029162554824561402
/content/Quran_Audio_Data/aziz_alili_128kbps/029049.mp3,Quran_Audio_Data/aziz_alili_128kbps/029049.mp3,aziz_alili_128kbps,29,49,,,soundfile,16.630362811791382,16.52,44100,2,128.1,-13.687068105356735,-0.15924661433934184,0.9818331003189087,0.00017972906061913818,0.0,0.0,0,0.0030175015087507543,0.05,0.0,-24.827419107243497,-16.763168260785942,8.064250846457554,0.030061310157179832,3919.04296875,2032.8763151613518,0.03028505510846746
/content/Quran_Audio_Data/Abdul_Basit_Murattal_192kbps/003109.mp3,Quran_Audio_Data/Abdul_Basit_Murattal_192kbps/003109.mp3,Abdul_Basit_Murattal_192kbps,3,109,,,soundfile,10.683038548752835,10.51,44100,2,192.1,-24.004914550077014,-7.1320161443502,0.4399458169937134,-1.213043196912622e-05,0.0,0.0,0,0.014071294559099437,0.02,0.02,-55.09482136423857,-31.50489773110122,23.58992363313735,0.019475048407912254,3531.4453125,1908.6750317124797,0.04174937228555917
/content/Quran_Audio_Data/Abdullah_Basfar_192kbps/003109.mp3,Quran_Audio_Data/Abdullah_Basfar_192kbps/003109.mp3,Abdullah_Basfar_192kbps,3,109,,,soundfile,11.362131519274376,10.77,44100,2,192.1,-21.03684482595382,-0.015461982154512334,0.9982214570045471,-3.25244542409564e-07,0.0,0.0,0,0.05026455026455026,0.03,0.0,-54.76341760820919,-30.7120567399943,24.05136086821489,0.08257205784320831,4694.23828125,2765.975582541029,0.05745559084525025
/content/Quran_Audio_Data/Abu_Bakr_Ash-Shaatree_128kbps/003109.mp3,Quran_Audio_Data/Abu_Bakr_Ash-Shaatree_128kbps/003109.mp3,Abu_Bakr_Ash-Shaatree_128kbps,3,109,,,soundfile,7.80984126984127,7.75,44100,2,128.1,-22.19870985582962,-7.964725421263932,0.3997272253036499,-9.821733328863047e-06,0.0,0.0,0,0.005134788189987163,0.04,0.0,-30.57119345808958,-24.040535790902553,6.530657667187029,0.02066686376929283,3746.77734375,1976.0359750913465,0.04383503203937593
/content/Quran_Audio_Data/Hudhaify_128kbps/003109.mp3,Quran_Audio_Data/Hudhaify_128kbps/003109.mp3,Hudhaify_128kbps,3,109,,,soundfile,10.44795918367347,9.72,44100,2,128.1,-18.639279500618418,-2.0821968165494575,0.7868467569351196,-1.266608023797744e-06,0.0,0.0,0,0.06807286673058485,0.07,0.0,-54.12496779299019,-24.163429315802087,29.961538477188103,0.014626126736402512,2476.318359375,1484.074504014484,0.03220377604166667
/content/Quran_Audio_Data/Husary_128kbps/003109.mp3,Quran_Audio_Data/Husary_128kbps/003109.mp3,Husary_128kbps,3,109,,,soundfile,17.573469387755104,16.15,44100,2,128.1,-14.400786172155456,-2.949925897635235,0.7120388746261597,0.0005389689467847347,0.0,0.0,0,0.06647398843930635,0.07,0.02,-52.1769909249846,-19.906292563422756,32.27069836156184,0.01019227597862482,2777.783203125,1480.9163423222176,0.03317825276474531
/content/Quran_Audio_Data/Minshawy_Murattal_128kbps/003109.mp3,Quran_Audio_Data/Minshawy_Murattal_128kbps/003109.mp3,Minshawy_Murattal_128kbps,3,109,,,soundfile,13.216689342403628,12.15,44100,2,128.1,-18.48301197953741,-2.437901794422294,0.7552746534347534,0.0002460826653987169,0.0,0.0,0,0.07954545454545454,0.55,0.0,-55.00261767669539,-23.54197240781971,31.460645268875677,0.010137106291949749,1937.98828125,1271.7720315746892,0.034446334503950835
/content/Quran_Audio_Data/Muhammad_Ayyoub_128kbps/003109.mp3,Quran_Audio_Data/Muhammad_Ayyoub_128kbps/003109.mp3,Muhammad_Ayyoub_128kbps,3,109,,,soundfile,12.955419501133786,12.31,44100,2,128.1,-16.60411833157185,-2.733219179371284,0.7300271987915039,-0.00033320809598080814,0.0,0.0,0,0.04868624420401855,0.04,0.0,-47.598447240304615,-21.270033733521466,26.32841350678315,0.019631383940577507,3660.64453125,1762.5822799870855,0.03192510570676523
/content/Quran_Audio_Data/Yaser_Salamah_128kbps/003109.mp3,Quran_Audio_Data/Yaser_Salamah_128kbps/003109.mp3,Yaser_Salamah_128kbps,3,109,,,soundfile,8.657460317460318,8.33,44100,2,128.1,-17.53117928288929,-4.101764046535971,0.6236081719398499,-0.0012683873064815998,0.0,0.0,0,0.028004667444574097,0.24,0.0,-27.665712741620748,-19.200703154764852,8.465009586855896,0.010426145046949387,3811.376953125,1999.6521657641272,0.031399581435560056
/content/Quran_Audio_Data/aziz_alili_128kbps/003109.mp3,Quran_Audio_Data/aziz_alili_128kbps/003109.mp3,aziz_alili_128kbps,3,109,,,soundfile,10.99891156462585,10.6,44100,2,128.1,-12.956973759962233,-0.24925566666585486,0.9717112183570862,0.00026957527734339237,0.0,0.0,0,0.02304147465437788,0.04,0.0,-35.64409428569044,-17.759873457877333,17.88422082781311,0.039718903601169586,4198.974609375,2416.6322955960854,0.04462067269210245
/content/Quran_Audio_Data/Abdul_Basit_Murattal_192kbps/004108.mp3,Quran_Audio_Data/Abdul_Basit_Murattal_192kbps/004108.mp3,Abdul_Basit_Murattal_192kbps,4,108,,,ffmpeg,21.384603174603175,21.14,44100,2,192.1,-17.464298960763447,0.6318694919235373,1.07545804977417,-3.947568984585814e-05,4.239587572920906e-06,4.239587572920906e-06,4,0.010762751520823585,0.02,0.0,-40.740360668234,-22.149412656056683,18.590948012177314,0.018327176570892334,3294.580078125,1737.7466206276715,0.04088077141549105
/content/Quran_Audio_Data/Abdullah_Basfar_192kbps/004108.mp3,Quran_Audio_Data/Abdullah_Basfar_192kbps/004108.mp3,Abdullah_Basfar_192kbps,4,108,,,soundfile,23.194467120181407,21.53,44100,2,192.1,-18.55476741881297,0.10684151108785736,1.0123765468597412,1.8429890360494028e-06,1.955271215670326e-06,1.955271215670326e-06,1,0.07078118256365991,0.07,0.0,-42.80247963912121,-24.11715318779808,18.685326451323128,0.04427129030227661,4629.638671875,2653.3999832451955,0.0656960671609109
/content/Quran_Audio_Data/Abu_Bakr_Ash-Shaatree_128kbps/004108.mp3,Quran_Audio_Data/Abu_Bakr_Ash-Shaatree_128kbps/004108.mp3,Abu_Bakr_Ash-Shaatree_128kbps,4,108,,,soundfile,19.563764172335603,19.5,44100,2,128.1,-20.531099729409966,-2.5779883344002035,0.7431912422180176,-6.005845352774486e-05,0.0,0.0,0,0.0020470829068577278,0.04,0.0,-32.56209914480622,-22.96805248841397,9.594046656392248,0.02438279427587986,4091.30859375,2222.8375137412595,0.05263388057903322
/content/Quran_Audio_Data/Hudhaify_128kbps/004108.mp3,Quran_Audio_Data/Hudhaify_128kbps/004108.mp3,Hudhaify_128kbps,4,108,,,soundfile,18.80628117913832,17.86,44100,2,128.1,-18.87785155958905,-2.8741668362354367,0.7182765007019043,6.257563711642433e-08,0.0,0.0,0,0.0494944119212347,0.34,0.0,-42.83052856804608,-23.03340934311989,19.79711922492619,0.017827708274126053,3186.9140625,1795.1828735435968,0.038641734182098764
/content/Quran_Audio_Data/Husary_128kbps/004108.mp3,Quran_Audio_Data/Husary_128kbps/004108.mp3,Husary_128kbps,4,108,,,soundfile,31.390861678004534,29.73,44100,2,128.0,-21.15685479174999,-2.3200065208996556,0.7655960321426392,0.0003708483127411455,0.0,0.0,0,0.04466580976863753,0.33,0.27,-47.40232817562677,-25.488307465367217,21.914020710259553,0.007965330965816975,2993.115234375,1539.1222534376898,0.03330758770499441
/content/Quran_Audio_Data/Minshawy_Murattal_128kbps/004108.mp3,Quran_Audio_Data/Minshawy_Murattal_128kbps/004108.mp3,Minshawy_Murattal_128kbps,4,108,,,soundfile,21.888480725623584,21.22,44100,2,128.1,-18.54440270333043,-2.781965619554571,0.7259416580200195,0.00022186020214576274,0.0,0.0,0,0.029721079103795154,0.06,0.0,-35.9063199789809,-23.0403245305036,12.865995448477303,0.01052137091755867,2670.1171875,1520.167413125665,0.044170035790031814
/content/Quran_Audio_Data/Muhammad_Ayyoub_128kbps/004108.mp3,Quran_Audio_Data/Muhammad_Ayyoub_128kbps/004108.mp3,Muhammad_Ayyoub_128kbps,4,108,,,soundfile,20.974308390022674,20.62,44100,2,128.1,-15.900265189089568,-1.2377219069510885,0.8671892881393433,-0.0009877003030851483,0.0,0.0,0,0.015751789976133652,0.02,0.0,-31.96107655233843,-19.276229364332135,12.684847188006295,0.018166113644838333,4285.107421875,2066.060373831381,0.04323194088959602
/content/Quran_Audio_Data/Yaser_Salamah_128kbps/004108.mp3,Quran_Audio_Data/Yaser_Salamah_128kbps/004108.mp3,Yaser_Salamah_128kbps,4,108,,,soundfile,17.66875283446712,17.34,44100,2,128.1,-18.40762937635479,-5.243240245103325,0.5468119382858276,-0.001090864185243845,0.0,0.0,0,0.014212620807276862,0.24,0.01,-33.835091235791275,-21.176222849445647,12.658868386345627,0.010172348469495773,3445.3125,1889.5640015809292,0.03311589743325643
/content/Quran_Audio_Data/aziz_alili_128kbps/004108.mp3,Quran_Audio_Data/aziz_alili_128kbps/004108.mp3,aziz_alili_128kbps,4,108,,,soundfile,19.062131519274377,19.0,44100,2,128.1,-13.794172035776949,-0.23434019863716823,0.9733812808990479,0.00013158262299839407,0.0,0.0,0,0.0010515247108307045,0.02,0.0,-27.664701434502412,-17.3301799816345,10.33452145286791,0.03261348605155945,3983.642578125,2240.8726388182426,0.043347830019804995
/content/Quran_Audio_Data/Abdul_Basit_Murattal_192kbps/051035.mp3,Quran_Audio_Data/Abdul_Basit_Murattal_192kbps/051035.mp3,Abdul_Basit_Murattal_192kbps,51,35,,,soundfile,7.731473922902494,7.46,44100,2,192.2,-22.85211407108889,-6.97206265951028,0.44812262058258057,-8.52812263474334e-06,0.0,0.0,0,0.0324254215304799,0.02,0.0,-51.87744416583877,-28.0420037312651,23.835440434573666,0.02048206329345703,3509.912109375,2059.5164183168326,0.046968843843843845
/content/Quran_Audio_Data/Abdullah_Basfar_192kbps/051035.mp3,Quran_Audio_Data/Abdullah_Basfar_192kbps/051035.mp3,Abdullah_Basfar_192kbps,51,35,,,soundfile,7.287437641723356,6.73,44100,2,192.2,-23.386556891860888,-5.726381352842297,0.5172266960144043,1.4606354170609848e-06,0.0,0.0,0,0.07427785419532325,0.03,0.0,-54.32527465829859,-28.699588862606415,25.625685795692174,0.09088017791509628,4801.904296875,2939.7810040563627,0.07548999178941083
/content/Quran_Audio_Data/Abu_Bakr_Ash-Shaatree_128kbps/051035.mp3,Quran_Audio_Data/Abu_Bakr_Ash-Shaatree_128kbps/051035.mp3,Abu_Bakr_Ash-Shaatree_128kbps,51,35,,,soundfile,5.746371882086168,5.69,44100,2,128.2,-20.63678224603292,-5.766145991018547,0.5148642063140869,-4.8098481784109026e-05,0.0,0.0,0,0.006980802792321117,0.04,0.0,-31.77429748215257,-22.499033746194428,9.275263735958141,0.026849688962101936,4285.107421875,2522.68982276471,0.06878649779040404
/content/Quran_Audio_Data/Hudhaify_128kbps/051035.mp3,Quran_Audio_Data/Hudhaify_128kbps/051035.mp3,Hudhaify_128kbps,51,35,,,soundfile,7.783718820861678,7.08,44100,2,128.1,-18.61736609475343,-2.936015369032796,0.7131801247596741,-2.788709707601811e-06,0.0,0.0,0,0.08762886597938144,0.06,0.01,-56.79887327766336,-22.33301044566965,34.46586283199371,0.010645116679370403,3165.380859375,1697.2694824989405,0.032113042567064085
/content/Quran_Audio_Data/Husary_128kbps/051035.mp3,Quran_Audio_Data/Husary_128kbps/051035.mp3,Husary_128kbps,51,35,,,soundfile,7.9018820861678005,7.26,44100,2,127.8,-23.427172438688295,-6.121014598322386,0.4942529499530792,0.0006939995801076293,0.0,0.0,0,0.045992115637319315,0.07,0.0,-57.16822637549783,-29.63334769339791,27.534878682099922,0.004034422803670168,3251.513671875,1579.6121923792953,0.02954398390007599
/content/Quran_Audio_Data/Minshawy_Murattal_128kbps/051035.mp3,Quran_Audio_Data/Minshawy_Murattal_128kbps/051035.mp3,Minshawy_Murattal_128kbps,51,35,,,soundfile,5.876916099773243,5.63,44100,2,128.2,-18.448347312525936,-1.6111533911505957,0.8306964039802551,-1.7873308024718426e-05,0.0,0.0,0,0.03924914675767918,0.06,0.0,-44.563459248125454,-23.219426423212195,21.34403282491326,0.009435498155653477,2820.849609375,1611.6152441912259,0.042389939287475344
/content/Quran_Audio_Data/Muhammad_Ayyoub_128kbps/051035.mp3,Quran_Audio_Data/Muhammad_Ayyoub_128kbps/051035.mp3,Muhammad_Ayyoub_128kbps,51,35,,,soundfile,7.723786848072562,7.49,44100,2,127.8,-15.344961100789181,-1.1740941260940092,0.873565137386322,-0.0008430539164692163,0.0,0.0,0,0.02600780234070221,0.05,0.0,-35.8462287725161,-19.01780793973536,16.82842083278074,0.016107356175780296,4026.708984375,1862.965687084379,0.029907961925828314
/content/Quran_Audio_Data/Yaser_Salamah_128kbps/051035.mp3,Quran_Audio_Data/Yaser_Salamah_128kbps/051035.mp3,Yaser_Salamah_128kbps,51,35,,,soundfile,6.672335600907029,6.28,44100,2,128.2,-12.783250689558532,-0.1800745563913026,0.97948157787323,-0.0003986679657828063,0.0,0.0,0,0.04704097116843703,0.31,0.0,-29.657164410355406,-14.615132868963345,15.042031541392062,0.0011541107669472694,2562.451171875,1429.3325403874671,0.03623046875
/content/Quran_Audio_Data/aziz_alili_128kbps/051035.mp3,Quran_Audio_Data/aziz_alili_128kbps/051035.mp3,aziz_alili_128kbps,51,35,,,soundfile,6.519342403628118,6.44,44100,2,128.2,-13.813940321312455,-0.2447041570068427,0.9722205400466919,9.405153105035424e-05,0.0,0.0,0,0.0030959752321981426,0.02,0.0,-24.361974077897205,-16.021035495650562,8.340938582246643,0.03225196525454521,4112.841796875,2274.461249000146,0.0325008385509839
/content/Quran_Audio_Data/Abdul_Basit_Murattal_192kbps/005110.mp3,Quran_Audio_Data/Abdul_Basit_Murattal_192kbps/005110.mp3,Abdul_Basit_Murattal_192kbps,5,110,,,soundfile,105.69292517006802,102.55,44100,2,191.7,-21.961261658949862,-3.419592005910425,0.6745597124099731,-6.349547675199574e-06,0.0,0.0,0,0.028054212870817934,0.08,0.0,-42.77400754892176,-26.61103493518707,16.162972613734688,0.020295336842536926,3552.978515625,2019.6021784289471,0.04870109990306347
/content/Quran_Audio_Data/Abdullah_Basfar_192kbps/005110.mp3,Quran_Audio_Data/Abdullah_Basfar_192kbps/005110.mp3,Abdullah_Basfar_192kbps,5,110,,,soundfile,86.51462585034014,82.98,44100,2,192.0,-21.96496556069853,-1.2183002640695197,0.8691304922103882,6.201407813932747e-07,0.0,0.0,0,0.04013880855986119,0.03,0.0,-45.72899621464339,-28.04029604885338,17.688700165790006,0.07616575807332993,4974.169921875,3210.0969698995555,0.08295182536419173
/content/Quran_Audio_Data/Abu_Bakr_Ash-Shaatree_128kbps/005110.mp3,Quran_Audio_Data/Abu_Bakr_Ash-Shaatree_128kbps/005110.mp3,Abu_Bakr_Ash-Shaatree_128kbps,5,110,,,soundfile,64.49,64.43,44100,2,128.0,-22.03455800057728,-5.116418489552416,0.5548544526100159,-5.8162269851891324e-05,0.0,0.0,0,0.0006204436171862882,0.04,0.0,-33.808187275194406,-24.593270376812242,9.214916898382164,0.02608511969447136,4242.041015625,2394.936911284114,0.05293267608010801
/content/Quran_Audio_Data/Hudhaify_128kbps/005110.mp3,Quran_Audio_Data/Hudhaify_128kbps/005110.mp3,Hudhaify_128kbps,5,110,,,soundfile,78.51639455782313,76.98,44100,2,128.0,-19.303538407059378,-3.885094660205597,0.639359712600708,-1.0841274615813745e-06,0.0,0.0,0,0.019363057324840765,0.05,0.0,-40.59097932048276,-23.977179771314123,16.613799549168636,0.012995442375540733,2368.65234375,1450.5078040500316,0.02877061712165459
/content/Quran_Audio_Data/Husary_128kbps/005110.mp3,Quran_Audio_Data/Husary_128kbps/005110.mp3,Husary_128kbps,5,110,,,soundfile,104.4743537414966,94.18,44100,2,128.0,-23.473227529910634,-2.739939113978913,0.7294626235961914,0.00031091520213522017,0.0,0.0,0,0.09624796084828711,0.66,3.86,-61.708911190805125,-28.201335341530516,33.50757584927461,0.009067097678780556,3617.578125,2108.9189383663315,0.04361301149337269
/content/Quran_Audio_Data/Minshawy_Murattal_128kbps/005110.mp3,Quran_Audio_Data/Minshawy_Murattal_128kbps/005110.mp3,Minshawy_Murattal_128kbps,5,110,,,soundfile,74.59845804988662,71.53,44100,2,128.0,-18.627797561695925,-0.38915783227282863,0.9561854004859924,9.789471369003877e-05,0.0,0.0,0,0.04089568248860284,0.06,0.0,-39.029381725864084,-23.488553473713285,15.5408282521508,0.015430371277034283,3574.51171875,1913.1137381213875,0.0486248644423047
/content/Quran_Audio_Data/Muhammad_Ayyoub_128kbps/005110.mp3,Quran_Audio_Data/Muhammad_Ayyoub_128kbps/005110.mp3,Muhammad_Ayyoub_128kbps,5,110,,,soundfile,70.01204081632653,69.42,44100,2,127.7,-16.29491128297227,-1.171873153630363,0.8737885355949402,-0.0010938453488051891,0.0,0.0,0,0.005871401976227982,0.05,0.0,-31.098440927862814,-19.786678532520295,11.31176239534252,0.02226959355175495,4457.373046875,2072.3381675537626,0.03390913245803557
/content/Quran_Audio_Data/Yaser_Salamah_128kbps/005110.mp3,Quran_Audio_Data/Yaser_Salamah_128kbps/005110.mp3,Yaser_Salamah_128kbps,5,110,,,soundfile,68.23689342403628,67.83,44100,2,128.0,-18.269819120892773,-4.607532143616291,0.588333249092102,-0.0011670662788674235,0.0,0.0,0,0.0048415492957746475,0.33,0.0,-30.74875294902452,-20.771249096961153,9.977503852063368,0.010397223755717278,3660.64453125,2006.456295129137,0.03230887110505704
/content/Quran_Audio_Data/aziz_alili_128kbps/005110.mp3,Quran_Audio_Data/aziz_alili_128kbps/005110.mp3,aziz_alili_128kbps,5,110,,,ffmpeg,62.19392290249433,17.43,44100,2,128.0,-11.254454012013877,2.8011997277304945,1.3805749416351318,0.00019068107940256596,0.0073261335784313725,0.00729421977124183,22,0.017474633596392335,0.04,0.0,-27.776894210309102,-15.51151622633058,12.265377983978523,0.03486589342355728,5620.166015625,2467.451360997224,0.040382868631613326
/content/Quran_Audio_Data/Abdul_Basit_Murattal_192kbps/026202.mp3,Quran_Audio_Data/Abdul_Basit_Murattal_192kbps/026202.mp3,Abdul_Basit_Murattal_192kbps,26,202,,,soundfile,8.488956916099774,8.38,44100,2,192.1,-21.287749422951062,-3.6835069387526573,0.6543719172477722,-1.698278538242448e-05,0.0,0.0,0,0.010625737898465172,0.02,0.0,-46.36978181513075,-26.880941095667406,19.488840719463344,0.0197488721460104,3402.24609375,1772.8758878652868,0.04120640155396175
/content/Quran_Audio_Data/Abdullah_Basfar_192kbps/026202.mp3,Quran_Audio_Data/Abdullah_Basfar_192kbps/026202.mp3,Abdullah_Basfar_192kbps,26,202,,,soundfile,7.705351473922902,7.44,44100,2,192.2,-26.651923040742744,-6.711493594162673,0.46176958084106445,3.423986925099598e-07,0.0,0.0,0,0.032509752925877766,0.03,0.0,-53.67554010164264,-31.428871118338428,22.24666898330421,0.06375756859779358,4651.171875,2511.080610362448,0.044782891330948794
/content/Quran_Audio_Data/Abu_Bakr_Ash-Shaatree_128kbps/026202.mp3,Quran_Audio_Data/Abu_Bakr_Ash-Shaatree_128kbps/026202.mp3,Abu_Bakr_Ash-Shaatree_128kbps,26,202,,,soundfile,6.268820861678004,6.21,44100,2,128.2,-22.246911384506845,-5.629312879447156,0.5230393409729004,-5.141262590768747e-05,0.0,0.0,0,0.0064,0.04,0.0,-33.550475931122065,-24.35692838388576,9.193547547236307,0.021286770701408386,3789.84375,1959.4081918561196,0.036469184027777775
/content/Quran_Audio_Data/Hudhaify_128kbps/026202.mp3,Quran_Audio_Data/Hudhaify_128kbps/026202.mp3,Hudhaify_128kbps,26,202,,,soundfile,7.600861678004535,7.26,44100,2,128.1,-20.650649451042653,-2.5818700527942595,0.7428591847419739,1.271834435101482e-06,0.0,0.0,0,0.04221635883905013,0.31,0.01,-51.06937207649408,-24.991149873782163,26.07822220271192,0.00701252231374383,2217.919921875,1259.0429767401613,0.02637986044847328
/content/Quran_Audio_Data/Husary_128kbps/026202.mp3,Quran_Audio_Data/Husary_128kbps/026202.mp3,Husary_128kbps,26,202,,,soundfile,12.89798185941043,10.63,44100,2,128.1,-19.39330780015386,-1.9895391149812118,0.7952854633331299,0.0004004220827482641,0.0,0.0,0,0.1576862123613312,1.22,0.7000000000000001,-66.09730140884615,-23.76891004496443,42.32839136388172,0.004135551862418652,3402.24609375,1753.2193030882815,0.03359464592889908
/content/Quran_Audio_Data/Minshawy_Murattal_128kbps/026202.mp3,Quran_Audio_Data/Minshawy_Murattal_128kbps/026202.mp3,Minshawy_Murattal_128kbps,26,202,,,soundfile,6.843446712018141,6.78,44100,2,128.2,-18.208015723620456,-2.934098397535727,0.7133375406265259,-1.3614459930977318e-05,0.0,0.0,0,0.005865102639296188,0.04,0.0,-42.34539411947388,-22.99223356246617,19.353160557007712,0.019338589161634445,3768.310546875,2105.275723251939,0.04421510858050848
/content/Quran_Audio_Data/Muhammad_Ayyoub_128kbps/026202.mp3,Quran_Audio_Data/Muhammad_Ayyoub_128kbps/026202.mp3,Muhammad_Ayyoub_128kbps,26,202,,,soundfile,9.742721088435374,9.4,44100,2,128.1,-16.562800771477765,-0.9690597162283209,0.8944313526153564,-0.0009424933232367039,0.0,0.0,0,0.03292181069958848,0.26,0.06,-34.486905609859924,-19.588918467064904,14.89798714279502,0.018011631444096565,4285.107421875,2108.153082571642,0.04114408947172619
/content/Quran_Audio_Data/Yaser_Salamah_128kbps/026202.mp3,Quran_Audio_Data/Yaser_Salamah_128kbps/026202.mp3,Yaser_Salamah_128kbps,26,202,,,soundfile,7.821609977324263,7.7,44100,2,128.1,-17.932193212159802,-6.101205815399181,0.4953814148902893,-0.001375509425997734,0.0,0.0,0,0.00516795865633075,0.02,0.02,-38.99211341229813,-21.51390010083931,17.47821331145882,0.001547000021673739,2368.65234375,1157.2558499363815,0.02616428437967115
/content/Quran_Audio_Data/aziz_alili_128kbps/026202.mp3,Quran_Audio_Data/aziz_alili_128kbps/026202.mp3,aziz_alili_128kbps,26,202,,,soundfile,7.415260770975057,7.3100000000000005,44100,2,128.2,-14.775538811715126,-0.30895879678131477,0.965054988861084,9.452526865061373e-05,0.0,0.0,0,0.005442176870748299,0.04,0.0,-28.22786624904351,-18.43662366313923,9.791242585904282,0.027039209380745888,3337.646484375,1801.6195188768854,0.030191160187007873
/content/Quran_Audio_Data/Abdul_Basit_Murattal_192kbps/067029.mp3,Quran_Audio_Data/Abdul_Basit_Murattal_192kbps/067029.mp3,Abdul_Basit_Murattal_192kbps,67,29,,,soundfile,18.336145124716552,17.5,44100,2,192.1,-22.81480448006782,-6.07045100288775,0.4971385598182678,-1.35875188789214e-06,0.0,0.0,0,0.04475982532751092,0.02,0.0,-50.98170971852186,-27.48711715492188,23.494592563599983,0.030949117615818977,4931.103515625,2927.648871138478,0.07544130735759494
/content/Quran_Audio_Data/Abdullah_Basfar_192kbps/067029.mp3,Quran_Audio_Data/Abdullah_Basfar_192kbps/067029.mp3,Abdullah_Basfar_192kbps,67,29,,,soundfile,16.821224489795917,15.83,44100,2,192.1,-21.56132777899743,-0.3558052039149351,0.95986407995224,-1.2800591093764524e-06,0.0,0.0,0,0.05773809523809524,0.53,0.05,-51.59198147126493,-28.561554767198047,23.030426704066883,0.09405001252889633,6309.228515625,3007.4064278098977,0.06579362383540373
/content/Quran_Audio_Data/Abu_Bakr_Ash-Shaatree_128kbps/067029.mp3,Quran_Audio_Data/Abu_Bakr_Ash-Shaatree_128kbps/067029.mp3,Abu_Bakr_Ash-Shaatree_128kbps,67,29,,,soundfile,13.739024943310657,13.71,44100,2,128.1,-19.16447595982824,-1.7925237926855018,0.813530445098877,-1.8869359337259084e-05,0.0,0.0,0,0.0007288629737609329,0.01,0.0,-34.676064966237824,-23.214787550088115,11.46127741614971,0.018759187310934067,3617.578125,2005.7092878242697,0.04850810282939189
/content/Quran_Audio_Data/Hudhaify_128kbps/067029.mp3,Quran_Audio_Data/Hudhaify_128kbps/067029.mp3,Hudhaify_128kbps,67,29,,,soundfile,14.574943310657597,13.74,44100,2,128.1,-18.967949113528146,-2.153971477420778,0.7803715467453003,1.2919508662889712e-06,0.0,0.0,0,0.05567010309278351,0.61,0.11,-34.4559617005448,-21.655406942047126,12.800554758497672,0.005953816697001457,3919.04296875,1962.9652641954751,0.0413573441232086
/content/Quran_Audio_Data/Husary_128kbps/067029.mp3,Quran_Audio_Data/Husary_128kbps/067029.mp3,Husary_128kbps,67,29,,,soundfile,24.78251700680272,23.2,44100,2,128.1,-20.89705183102798,-2.7724984649920352,0.7267333269119263,0.0006154745351523161,0.0,0.0,0,0.05344757241942064,0.58,0.08,-52.96827963674669,-25.429996089290785,27.538283547455908,0.00515042245388031,2993.115234375,1681.1432145207798,0.0467137031176053
/content/Quran_Audio_Data/Minshawy_Murattal_128kbps/067029.mp3,Quran_Audio_Data/Minshawy_Murattal_128kbps/067029.mp3,Minshawy_Murattal_128kbps,67,29,,,soundfile,15.071201814058957,13.780000000000001,44100,2,128.1,-18.957144087209173,-2.172818635058523,0.7786800861358643,-2.1200181436142884e-05,0.0,0.0,0,0.08438538205980066,0.91,0.04,-53.99093636145736,-24.987942665476968,29.00299369598039,0.018142804503440857,3639.111328125,2006.2339783288446,0.05424545323325635
/content/Quran_Audio_Data/Muhammad_Ayyoub_128kbps/067029.mp3,Quran_Audio_Data/Muhammad_Ayyoub_128kbps/067029.mp3,Muhammad_Ayyoub_128kbps,67,29,,,soundfile,14.54875283446712,14.370000000000001,44100,2,128.1,-14.4241227992888,-0.8145318741839591,0.9104862809181213,-0.0005306647508405149,0.0,0.0,0,0.011011699931176875,0.06,0.0,-26.508884022782023,-16.76630227926939,9.742581743512634,0.018132146447896957,2863.916015625,1528.1440607056602,0.02702406985147528
/content/Quran_Audio_Data/Yaser_Salamah_128kbps/067029.mp3,Quran_Audio_Data/Yaser_Salamah_128kbps/067029.mp3,Yaser_Salamah_128kbps,67,29,,,soundfile,14.82172335600907,14.39,44100,2,128.1,-17.228822916311127,-2.0744743994794725,0.7875466346740723,-0.0004880610795225948,0.0,0.0,0,0.023744911804613297,0.34,0.01,-34.01888592390102,-19.959374622427273,14.059511301473744,0.0016158460639417171,2648.583984375,1382.978346407309,0.028630478577044025
/content/Quran_Audio_Data/aziz_alili_128kbps/067029.mp3,Quran_Audio_Data/aziz_alili_128kbps/067029.mp3,aziz_alili_128kbps,67,29,,,soundfile,12.534761904761904,12.39,44100,2,128.1,-13.441720255905024,-0.1878934318917137,0.978600263595581,0.0002386837441008538,0.0,0.0,0,0.0040192926045016075,0.05,0.0,-23.4443363273711,-16.46264305439991,6.981693272971192,0.030566999688744545,3768.310546875,2027.4739279815228,0.031770105912476726
/content/Quran_Audio_Data/Abdul_Basit_Murattal_192kbps/003189.mp3,Quran_Audio_Data/Abdul_Basit_Murattal_192kbps/003189.mp3,Abdul_Basit_Murattal_192kbps,3,189,,,soundfile,11.88453514739229,11.57,44100,2,192.1,-21.756888603814282,-4.531857435757166,0.5934814214706421,-2.569230127846822e-05,0.0,0.0,0,0.024451939291736932,0.04,0.0,-47.74994587566988,-27.353256213135335,20.396689662534545,0.021919287741184235,3531.4453125,1925.5591792556434,0.0456085205078125
/content/Quran_Audio_Data/Abdullah_Basfar_192kbps/003189.mp3,Quran_Audio_Data/Abdullah_Basfar_192kbps/003189.mp3,Abdullah_Basfar_192kbps,3,189,,,soundfile,12.694285714285714,11.540000000000001,44100,2,192.1,-22.17671342227305,-0.02783884694916121,0.9968000650405884,-1.7113593457906973e-06,0.0,0.0,0,0.08918705603788477,0.13,0.0,-58.871909176985355,-28.584303600551724,30.28760557643363,0.061811018735170364,4629.638671875,2799.545718466958,0.06236565570726691
/content/Quran_Audio_Data/Abu_Bakr_Ash-Shaatree_128kbps/003189.mp3,Quran_Audio_Data/Abu_Bakr_Ash-Shaatree_128kbps/003189.mp3,Abu_Bakr_Ash-Shaatree_128kbps,3,189,,,soundfile,10.238979591836735,10.18,44100,2,128.1,-23.30932348098798,-6.282048540173843,0.4851740598678589,-1.3350953850022051e-05,0.0,0.0,0,0.003913894324853229,0.04,0.0,-37.059726730666775,-26.29784501191656,10.761881718750214,0.018955474719405174,4198.974609375,2259.456122100469,0.04928706508645125
/content/Quran_Audio_Data/Hudhaify_128kbps/003189.mp3,Quran_Audio_Data/Hudhaify_128kbps/003189.mp3,Hudhaify_128kbps,3,189,,,soundfile,11.336009070294784,10.290000000000001,44100,2,128.1,-18.366583785494555,-3.265168890753582,0.6866596937179565,2.545195059155958e-07,0.0,0.0,0,0.09098939929328621,0.5700000000000001,0.16,-57.35158710877954,-24.103100641670004,33.24848646710954,0.010275219567120075,2906.982421875,1437.8910587666053,0.029883612141760493
/content/Quran_Audio_Data/Husary_128kbps/003189.mp3,Quran_Audio_Data/Husary_128kbps/003189.mp3,Husary_128kbps,3,189,,,soundfile,18.618231292517006,17.25,44100,2,128.1,-14.1856224342317,-1.7837480101688077,0.814352810382843,0.0004900944768451154,0.0,0.0,0,0.059432933478735,0.5,0.0,-49.56583934284238,-19.411650666009848,30.154188676832533,0.01458041276782751,3488.37890625,1975.447055835992,0.04624566658106827
/content/Quran_Audio_Data/Minshawy_Murattal_128kbps/003189.mp3,Quran_Audio_Data/Minshawy_Murattal_128kbps/003189.mp3,Minshawy_Murattal_128kbps,3,189,,,soundfile,12.641995464852608,10.88,44100,2,128.1,-21.903813686912077,-4.073795692478538,0.6256194114685059,0.00030387271544896066,0.0,0.0,0,0.13787638668779714,0.06,0.11,-64.78898085012634,-27.670014400529023,37.11896644959731,0.012422865256667137,2906.982421875,1520.0625940247846,0.03671749454775023
/content/Quran_Audio_Data/Muhammad_Ayyoub_128kbps/003189.mp3,Quran_Audio_Data/Muhammad_Ayyoub_128kbps/003189.mp3,Muhammad_Ayyoub_128kbps,3,189,,,soundfile,14.600997732426304,13.57,44100,2,128.1,-15.884305496481055,-1.8172826415054564,0.811214804649353,-0.0004323424363974482,0.0,0.0,0,0.06927297668038408,0.05,0.0,-44.73187143805252,-19.20793054069945,25.52394089735307,0.021558230742812157,3983.642578125,1848.5945841968467,0.03117159553855326
/content/Quran_Audio_Data/Yaser_Salamah_128kbps/003189.mp3,Quran_Audio_Data/Yaser_Salamah_128kbps/003189.mp3,Yaser_Salamah_128kbps,3,189,,,soundfile,8.866371882086169,8.53,44100,2,128.1,-17.137135591251628,-4.3466022088750735,0.6062753200531006,-0.0012672989396378398,0.0,0.0,0,0.02847380410022779,0.25,0.0,-33.69716068631139,-19.21864841389589,14.4785122724155,0.010212669149041176,3919.04296875,2096.577687603885,0.04037616312582345
/content/Quran_Audio_Data/aziz_alili_128kbps/003189.mp3,Quran_Audio_Data/aziz_alili_128kbps/003189.mp3,aziz_alili_128kbps,3,189,,,soundfile,10.870929705215419,10.77,44100,2,128.1,-12.555749011897452,-0.11978371758451833,0.9863040447235107,0.0006395323434844613,0.0,0.0,0,0.0046210720887245845,0.05,0.0,-30.35013510092122,-16.78809492215133,13.562040178769891,0.03655586391687393,4478.90625,2417.493521364414,0.04093459331504282
/content/Quran_Audio_Data/Abdul_Basit_Murattal_192kbps/044037.mp3,Quran_Audio_Data/Abdul_Basit_Murattal_192kbps/044037.mp3,Abdul_Basit_Murattal_192kbps,44,37,,,soundfile,18.12721088435374,18.03,44100,2,192.1,-23.393054417753962,-6.53703840969874,0.4711379408836365,-8.696733857505023e-06,0.0,0.0,0,0.004417448923246825,0.02,0.0,-48.62788746374133,-28.835474032217874,19.792413431523457,0.016966357827186584,3359.1796875,1709.169203861934,0.02920559579065301
/content/Quran_Audio_Data/Abdullah_Basfar_192kbps/044037.mp3,Quran_Audio_Data/Abdullah_Basfar_192kbps/044037.mp3,Abdullah_Basfar_192kbps,44,37,,,soundfile,14.627142857142857,13.84,44100,2,192.1,-23.75122892087051,-2.5944301058875063,0.7417857646942139,8.633136303615174e-07,0.0,0.0,0,0.05270362765229295,0.05,0.0,-54.19702193458371,-30.750408541577215,23.446613393006494,0.057005874812603,4220.5078125,2163.5587013342356,0.04324893043154762
/content/Quran_Audio_Data/Abu_Bakr_Ash-Shaatree_128kbps/044037.mp3,Quran_Audio_Data/Abu_Bakr_Ash-Shaatree_128kbps/044037.mp3,Abu_Bakr_Ash-Shaatree_128kbps,44,37,,,soundfile,14.496507936507937,14.44,44100,2,128.1,-22.2655034181102,-5.070485568994306,0.5577964186668396,-5.642590258503333e-05,0.0,0.0,0,0.0027624309392265192,0.04,0.0,-36.65155478677009,-24.749990929187668,11.901563857582424,0.022384468466043472,4048.2421875,2232.0607929056064,0.04514236389111289
/content/Quran_Audio_Data/Hudhaify_128kbps/044037.mp3,Quran_Audio_Data/Hudhaify_128kbps/044037.mp3,Hudhaify_128kbps,44,37,,,soundfile,15.489092970521542,14.14,44100,2,128.1,-19.697631003494557,-2.935686528638361,0.7132071256637573,-2.0558984488161514e-06,0.0,0.0,0,0.08597285067873303,0.71,0.05,-55.67882278338494,-23.012307272213416,32.666515511171525,0.014252101071178913,2777.783203125,1595.8941475731815,0.02828702890917603
/content/Quran_Audio_Data/Husary_128kbps/044037.mp3,Quran_Audio_Data/Husary_128kbps/044037.mp3,Husary_128kbps,44,37,,,soundfile,26.663197278911564,26.330000000000002,44100,2,128.1,-29.170696399364875,-7.944028488232852,0.4006808400154114,0.0006097604054957628,0.0,0.0,0,0.0022735884804850324,0.06,0.0,-63.741047565916496,-37.42716209666719,26.313885469249307,0.0032277449499815702,3057.71484375,1720.3758121633139,0.03440504807692308
/content/Quran_Audio_Data/Minshawy_Murattal_128kbps/044037.mp3,Quran_Audio_Data/Minshawy_Murattal_128kbps/044037.mp3,Minshawy_Murattal_128kbps,44,37,,,soundfile,14.235351473922902,13.84,44100,2,128.1,-20.83112299340211,-4.252803689866012,0.6128579378128052,0.0002762992517091334,0.0,0.0,0,0.026722925457102673,0.05,0.0,-49.940972603494124,-27.29141554397097,22.649557059523154,0.006858157925307751,2347.119140625,1279.2313203050855,0.03479292417991035
/content/Quran_Audio_Data/Muhammad_Ayyoub_128kbps/044037.mp3,Quran_Audio_Data/Muhammad_Ayyoub_128kbps/044037.mp3,Muhammad_Ayyoub_128kbps,44,37,,,soundfile,16.168231292517007,15.76,44100,2,128.1,-17.276664208266137,-1.515700931333348,0.8398755788803101,-0.0007874483708292246,0.0,0.0,0,0.02414860681114551,0.01,0.2,-36.53929880859071,-20.707449555644057,15.83184925294665,0.01783468946814537,3811.376953125,1862.1252099104584,0.03224864557160804
/content/Quran_Audio_Data/Yaser_Salamah_128kbps/044037.mp3,Quran_Audio_Data/Yaser_Salamah_128kbps/044037.mp3,Yaser_Salamah_128kbps,44,37,,,soundfile,13.855260770975057,13.43,44100,2,128.1,-17.291788711701884,-5.01440895277695,0.5614092350006104,-0.0015069851651787758,0.0,0.0,0,0.024691358024691357,0.34,0.0,-36.28598612473388,-19.78612157688237,16.499864547851512,0.0015088120708242059,2605.517578125,1336.378492947833,0.022898706896551723
/content/Quran_Audio_Data/aziz_alili_128kbps/044037.mp3,Quran_Audio_Data/aziz_alili_128kbps/044037.mp3,aziz_alili_128kbps,44,37,,,soundfile,15.094512471655328,14.99,44100,2,128.1,-13.0329940119558,-0.20281831735045075,0.9769201874732971,0.00028326979372650385,0.0,0.0,0,0.0026613439787092482,0.04,0.0,-24.262864060841213,-16.153704425203692,8.109159635637521,0.027938086539506912,3036.181640625,1799.698319511153,0.02500399057922128
/content/Quran_Audio_Data/Abdul_Basit_Murattal_192kbps/014025.mp3,Quran_Audio_Data/Abdul_Basit_Murattal_192kbps/014025.mp3,Abdul_Basit_Murattal_192kbps,14,25,,,soundfile,17.030158730158732,16.02,44100,2,192.1,-22.35382967797197,-4.145186417191976,0.6204984188079834,-2.1643103536916897e-05,0.0,0.0,0,0.0582010582010582,0.02,0.0,-52.16661460049565,-26.953457875516953,25.213156724978695,0.017978526651859283,3552.978515625,1910.5659297946816,0.04076665814587594
/content/Quran_Audio_Data/Abdullah_Basfar_192kbps/014025.mp3,Quran_Audio_Data/Abdullah_Basfar_192kbps/014025.mp3,Abdullah_Basfar_192kbps,14,25,,,soundfile,17.761496598639457,17.47,44100,2,192.1,-23.772876990346013,-3.6876370362423665,0.6540608406066895,-6.55270412153186e-07,0.0,0.0,0,0.015219842164599774,0.02,0.0,-52.13561458633287,-30.498970429761474,21.636644156571396,0.05474800989031792,4435.83984375,2698.8200541705924,0.05677051419526144
/content/Quran_Audio_Data/Abu_Bakr_Ash-Shaatree_128kbps/014025.mp3,Quran_Audio_Data/Abu_Bakr_Ash-Shaatree_128kbps/014025.mp3,Abu_Bakr_Ash-Shaatree_128kbps,14,25,,,soundfile,14.287528344671202,14.23,44100,2,128.1,-20.426210294386863,-5.016063498069676,0.5613023042678833,-4.094966789125465e-05,0.0,0.0,0,0.002803083391730904,0.04,0.0,-30.89840684150795,-22.52753767086192,8.370869170646028,0.020797213539481163,2993.115234375,1635.8601068991252,0.0247321791226645
/content/Quran_Audio_Data/Hudhaify_128kbps/014025.mp3,Quran_Audio_Data/Hudhaify_128kbps/014025.mp3,Hudhaify_128kbps,14,25,,,soundfile,17.516054421768708,16.8,44100,2,127.8,-16.499882353179856,-0.713495453741419,0.921139121055603,-8.172466436917603e-07,0.0,0.0,0,0.037800687285223365,0.22,0.13,-42.94577706659587,-21.002778581213896,21.942998485381978,0.013519556261599064,3229.98046875,1673.6440020639905,0.029745276705677292
/content/Quran_Audio_Data/Husary_128kbps/014025.mp3,Quran_Audio_Data/Husary_128kbps/014025.mp3,Husary_128kbps,14,25,,,soundfile,27.10721088435374,24.77,44100,2,128.1,-18.516854731453147,-0.9571018987062847,0.8956635594367981,0.0003834653471130878,0.0,0.0,0,0.07677972418934029,0.52,0.18,-53.11101265096579,-23.213571997238944,29.897440653726846,0.010166122578084469,3359.1796875,1898.4999634694545,0.0439453125
/content/Quran_Audio_Data/Minshawy_Murattal_128kbps/014025.mp3,Quran_Audio_Data/Minshawy_Murattal_128kbps/014025.mp3,Minshawy_Murattal_128kbps,14,25,,,soundfile,18.649614512471654,17.81,44100,2,128.1,-16.648516323477217,-2.2899959235556273,0.7682458162307739,0.0003266101994086057,0.0,0.0,0,0.0440150295222759,0.05,0.0,-46.40367326175649,-20.76114734821479,25.642525913541697,0.017830148339271545,3746.77734375,2172.496544603519,0.04937474476897946
/content/Quran_Audio_Data/Muhammad_Ayyoub_128kbps/014025.mp3,Quran_Audio_Data/Muhammad_Ayyoub_128kbps/014025.mp3,Muhammad_Ayyoub_128kbps,14,25,,,soundfile,20.530226757369615,20.28,44100,2,128.1,-15.364885418288278,-0.674489735917194,0.9252849817276001,-0.001034734072163701,0.0,0.0,0,0.01121404193076548,0.07,0.0,-30.06517480940639,-18.683837460458193,11.381337348948197,0.017439860850572586,4220.5078125,2079.9645407326916,0.03928110867721877
/content/Quran_Audio_Data/Yaser_Salamah_128kbps/014025.mp3,Quran_Audio_Data/Yaser_Salamah_128kbps/014025.mp3,Yaser_Salamah_128kbps,14,25,,,soundfile,14.612743764172336,13.77,44100,2,128.1,-17.072995874300496,-3.805558985664539,0.6452411413192749,-0.00043803537846542895,0.0,0.0,0,0.05230557467309016,0.76,0.0,-37.62295736084778,-19.853037250253497,17.76992011059428,0.0015942149329930544,2497.8515625,1235.7582143909135,0.022368654680023924
/content/Quran_Audio_Data/aziz_alili_128kbps/014025.mp3,Quran_Audio_Data/aziz_alili_128kbps/014025.mp3,aziz_alili_128kbps,14,25,,,soundfile,15.478480725623582,15.35,44100,2,128.1,-15.930561752226657,-0.43834829629706895,0.9507855772972107,5.723815047531389e-05,0.0,0.0,0,0.0013012361743656475,0.02,0.0,-29.73153203567406,-19.87339016193282,9.85814187374124,0.03177410364151001,3832.91015625,2178.1975077865422,0.03575537035727753
/content/Quran_Audio_Data/Abdul_Basit_Murattal_192kbps/003021.mp3,Quran_Audio_Data/Abdul_Basit_Murattal_192kbps/003021.mp3,Abdul_Basit_Murattal_192kbps,3,21,,,soundfile,24.813854875283447,23.98,44100,2,192.1,-22.594371203378664,-4.887001052327572,0.5697048902511597,-7.579395514767384e-06,0.0,0.0,0,0.0326744655102864,0.02,0.0,-40.208479342299654,-26.112064734330556,14.096414607969098,0.018356865271925926,3402.24609375,1850.0427664605752,0.03725485449310103
/content/Quran_Audio_Data/Abdullah_Basfar_192kbps/003021.mp3,Quran_Audio_Data/Abdullah_Basfar_192kbps/003021.mp3,Abdullah_Basfar_192kbps,3,21,,,soundfile,28.86249433106576,27.95,44100,2,192.1,-23.047446000133938,-0.8795648255544585,0.903694748878479,1.969180402738857e-06,0.0,0.0,0,0.03085991678224688,0.04,0.0,-44.846686413440075,-28.678351389121286,16.16833502431879,0.044077057391405106,4694.23828125,2834.477937603032,0.0668150162092883
/content/Quran_Audio_Data/Abu_Bakr_Ash-Shaatree_128kbps/003021.mp3,Quran_Audio_Data/Abu_Bakr_Ash-Shaatree_128kbps/003021.mp3,Abu_Bakr_Ash-Shaatree_128kbps,3,21,,,soundfile,21.130997732426305,21.07,44100,2,128.1,-20.933475378398004,-5.678513816066575,0.5200849771499634,-2.5824345357250422e-05,0.0,0.0,0,0.0018948365703458077,0.04,0.0,-30.43939333115698,-22.870268991447464,7.569124339709518,0.019137542694807053,3660.64453125,1959.6079809995572,0.04001171231466227
/content/Quran_Audio_Data/Hudhaify_128kbps/003021.mp3,Quran_Audio_Data/Hudhaify_128kbps/003021.mp3,Hudhaify_128kbps,3,21,,,soundfile,27.896009070294784,27.66,44100,2,128.0,-19.414840235947814,-0.9226688543158256,0.8992212414741516,-2.4952910280262586e-06,0.0,0.0,0,0.007890961262553802,0.04,0.0,-35.42736084067641,-23.411432736210912,12.015928104465495,0.0071797845885157585,4026.708984375,2010.4565557668257,0.04325891463795256
/content/Quran_Audio_Data/Husary_128kbps/003021.mp3,Quran_Audio_Data/Husary_128kbps/003021.mp3,Husary_128kbps,3,21,,,soundfile,50.92857142857143,47.61,44100,2,128.0,-20.438103274392038,-1.5875244300761104,0.8329592943191528,0.0004010060802102089,0.0,0.0,0,0.06020529016975918,0.6,0.15,-44.896095945086756,-23.7656197153679,21.130476229718855,0.012451252900063992,3316.11328125,1927.520672822004,0.04396521952301878
/content/Quran_Audio_Data/Minshawy_Murattal_128kbps/003021.mp3,Quran_Audio_Data/Minshawy_Murattal_128kbps/003021.mp3,Minshawy_Murattal_128kbps,3,21,,,soundfile,34.1387074829932,33.29,44100,2,128.0,-21.74204585453188,-2.6499444254169333,0.7370598912239075,0.00018765534332487732,0.0,0.0,0,0.02432590855803048,0.04,0.0,-38.58357817490184,-27.31772038634783,11.265857788554008,0.020694725215435028,3531.4453125,2003.6310302948575,0.05814514886518191
/content/Quran_Audio_Data/Muhammad_Ayyoub_128kbps/003021.mp3,Quran_Audio_Data/Muhammad_Ayyoub_128kbps/003021.mp3,Muhammad_Ayyoub_128kbps,3,21,,,soundfile,24.552721088435373,24.44,44100,2,128.1,-14.974586694250572,-1.1632648464199482,0.8746549487113953,-0.0010043891379609704,0.0,0.0,0,0.0036689767631471666,0.05,0.0,-26.855998704875887,-17.211313684809053,9.644685020066834,0.015788326039910316,3079.248046875,1623.5912224912931,0.03146031877955083
/content/Quran_Audio_Data/Yaser_Salamah_128kbps/003021.mp3,Quran_Audio_Data/Yaser_Salamah_128kbps/003021.mp3,Yaser_Salamah_128kbps,3,21,,,soundfile,23.336825396825397,23.0,44100,2,128.1,-17.042800825068902,-3.5414697195866722,0.665160596370697,-0.0014122711727395654,0.0,0.0,0,0.01117798796216681,0.24,0.02,-27.687481794547864,-18.841253509255615,8.846228285292248,0.01027794647961855,3617.578125,1938.9157077519112,0.03267782691708229
/content/Quran_Audio_Data/aziz_alili_128kbps/003021.mp3,Quran_Audio_Data/aziz_alili_128kbps/003021.mp3,aziz_alili_128kbps,3,21,,,ffmpeg,25.077551020408162,17.06,44100,2,128.1,-10.33352533510203,2.8403307352842773,1.3868086338043213,0.0002451978507451713,0.006870229007633588,0.006839747667514843,20,0.0017554125219426564,0.03,0.0,-21.715198158828812,-13.32925125189587,8.385946906932942,0.027878927066922188,3660.64453125,1976.4115612746284,0.031429875657225236
/content/Quran_Audio_Data/Abdul_Basit_Murattal_192kbps/005043.mp3,Quran_Audio_Data/Abdul_Basit_Murattal_192kbps/005043.mp3,Abdul_Basit_Murattal_192kbps,5,43,,,soundfile,22.880997732426305,21.97,44100,2,192.1,-23.432146987326,-4.383505560898108,0.6037049293518066,-5.1879064812965225e-06,0.0,0.0,0,0.0389326334208224,0.08,0.0,-50.24449599551386,-28.526382753803105,21.718113241710753,0.016916418448090553,3359.1796875,1762.4685120155782,0.039050856560755964
/content/Quran_Audio_Data/Abdullah_Basfar_192kbps/005043.mp3,Quran_Audio_Data/Abdullah_Basfar_192kbps/005043.mp3,Abdullah_Basfar_192kbps,5,43,,,soundfile,19.961133786848073,19.3,44100,2,192.1,-21.778569100774835,-0.7807540313306407,0.9140338897705078,-6.629794313539605e-08,0.0,0.0,0,0.0320962888665998,0.52,0.0,-46.26677034617061,-28.182474550830406,18.084295795340203,0.06985540688037872,4823.4375,3048.4338678748795,0.07527877452761628
/content/Quran_Audio_Data/Abu_Bakr_Ash-Shaatree_128kbps/005043.mp3,Quran_Audio_Data/Abu_Bakr_Ash-Shaatree_128kbps/005043.mp3,Abu_Bakr_Ash-Shaatree_128kbps,5,43,,,soundfile,18.41451247165533,18.35,44100,2,128.1,-18.81875506429106,-2.220923142748736,0.7743794918060303,-4.564525806927122e-05,0.0,0.0,0,0.002175095160413268,0.04,0.0,-30.35999696247781,-21.256179404551858,9.10381755792595,0.02113720215857029,3768.310546875,1987.6042318167092,0.04344595492674858
/content/Quran_Audio_Data/Hudhaify_128kbps/005043.mp3,Quran_Audio_Data/Hudhaify_128kbps/005043.mp3,Hudhaify_128kbps,5,43,,,soundfile,23.11609977324263,21.990000000000002,44100,2,128.1,-18.97201991128669,-2.3224751128862082,0.765378475189209,-1.853951374641838e-07,0.0,0.0,0,0.048051948051948054,0.06,0.0,-44.625990275869796,-22.739321553997325,21.88666872187247,0.006171830929815769,3251.513671875,1689.1484705061077,0.03568938841302711
/content/Quran_Audio_Data/Husary_128kbps/005043.mp3,Quran_Audio_Data/Husary_128kbps/005043.mp3,Husary_128kbps,5,43,,,soundfile,30.50281179138322,26.53,44100,2,128.0,-24.582400102907428,-5.809160962511225,0.5123207569122314,0.0003300161915831268,0.0,0.0,0,0.12239497188223619,0.89,1.3,-67.22195668529878,-28.856543271174512,38.36541341412426,0.009215527214109898,3316.11328125,1813.2283050212707,0.034151020181792016
/content/Quran_Audio_Data/Minshawy_Murattal_128kbps/005043.mp3,Quran_Audio_Data/Minshawy_Murattal_128kbps/005043.mp3,Minshawy_Murattal_128kbps,5,43,,,soundfile,20.66079365079365,19.53,44100,2,128.1,-21.998138507368274,-3.830100278653457,0.6434206366539001,9.526468784315512e-05,0.0,0.0,0,0.05377906976744186,0.22,0.14,-46.23921736420944,-26.168437468675815,20.070779895533622,0.013937493786215782,3445.3125,1861.8345454957569,0.056319676088483143
/content/Quran_Audio_Data/Muhammad_Ayyoub_128kbps/005043.mp3,Quran_Audio_Data/Muhammad_Ayyoub_128kbps/005043.mp3,Muhammad_Ayyoub_128kbps,5,43,,,soundfile,22.98548752834467,22.66,44100,2,128.1,-16.369514019572243,-1.6230397630982512,0.829560399055481,-0.0008715745061635971,0.0,0.0,0,0.013495864170657379,0.05,0.0,-32.06775525200713,-19.45084055868782,12.616914693319313,0.018863871693611145,4457.373046875,2104.831490223704,0.036627258917297977
/content/Quran_Audio_Data/Yaser_Salamah_128kbps/005043.mp3,Quran_Audio_Data/Yaser_Salamah_128kbps/005043.mp3,Yaser_Salamah_128kbps,5,43,,,soundfile,18.165079365079364,17.740000000000002,44100,2,128.1,-17.42332610903716,-3.5332473646564164,0.6657905578613281,-0.001601757132448256,0.0,0.0,0,0.018805309734513276,0.34,0.0,-30.45003023219156,-19.464981944017328,10.98504828817423,0.009481813758611679,3057.71484375,1776.3249352974167,0.02765487279647436
/content/Quran_Audio_Data/aziz_alili_128kbps/005043.mp3,Quran_Audio_Data/aziz_alili_128kbps/005043.mp3,aziz_alili_128kbps,5,43,,,ffmpeg,20.59798185941043,20.240000000000002,44100,2,128.1,-9.29006390122387,19.911652575623094,9.898801803588867,0.00017452359315939248,0.015190413627913627,0.015118913556413557,46,0.0019723865877712033,0.04,0.0,-22.00666086851348,-12.831195316400496,9.175465552112986,0.028247565031051636,3596.044921875,1923.2054480115225,0.02981028221483705
/content/Quran_Audio_Data/Abdul_Basit_Murattal_192kbps/036014.mp3,Quran_Audio_Data/Abdul_Basit_Murattal_192kbps/036014.mp3,Abdul_Basit_Murattal_192kbps,36,14,,,soundfile,16.612244897959183,16.04,44100,2,192.1,-17.855098085193763,-4.481796889010205,0.5969117879867554,-1.8143355191568844e-05,0.0,0.0,0,0.033152501506931886,0.02,0.0,-40.80653749537749,-21.7026217528107,19.10391574256679,0.021737700328230858,2950.048828125,1691.6027487287536,0.036791702153214534
/content/Quran_Audio_Data/Abdullah_Basfar_192kbps/036014.mp3,Quran_Audio_Data/Abdullah_Basfar_192kbps/036014.mp3,Abdullah_Basfar_192kbps,36,14,,,soundfile,20.19063492063492,19.740000000000002,44100,2,192.1,-26.021865242494734,-6.085894083922577,0.49625545740127563,-5.014945259063097e-08,0.0,0.0,0,0.021318790282597918,0.02,0.0,-50.95611751715947,-31.91446931506939,19.04164820209008,0.09188047051429749,5103.369140625,2850.636223052278,0.05569184401939655
/content/Quran_Audio_Data/Abu_Bakr_Ash-Shaatree_128kbps/036014.mp3,Quran_Audio_Data/Abu_Bakr_Ash-Shaatree_128kbps/036014.mp3,Abu_Bakr_Ash-Shaatree_128kbps,36,14,,,soundfile,16.664489795918367,16.6,44100,2,128.1,-19.706384592323115,-4.5447567495652725,0.5926007032394409,-4.2637188016669825e-05,0.0,0.0,0,0.002403846153846154,0.04,0.0,-29.847713903826026,-21.861317606584485,7.986396297241541,0.026626713573932648,4263.57421875,2317.418856768193,0.05366095327733287
/content/Quran_Audio_Data/Hudhaify_128kbps/036014.mp3,Quran_Audio_Data/Hudhaify_128kbps/036014.mp3,Hudhaify_128kbps,36,14,,,soundfile,23.168344671201815,21.94,44100,2,128.1,-16.272113126995016,-1.3074414158743488,0.8602564334869385,-9.736923090031269e-08,0.0,0.0,0,0.05226781857451404,0.39,0.15,-44.754465786981996,-20.149968489465483,24.604497297516513,0.011270768009126186,2325.5859375,1337.7667585885033,0.02994832438314128
/content/Quran_Audio_Data/Husary_128kbps/036014.mp3,Quran_Audio_Data/Husary_128kbps/036014.mp3,Husary_128kbps,36,14,,,soundfile,24.625827664399093,22.28,44100,2,128.1,-19.84609784194553,-1.8330548121487595,0.8097431063652039,0.0005219469894655049,0.0,0.0,0,0.08501026694045175,1.24,0.76,-54.75108383120724,-23.65670972627579,31.09437410493145,0.003777600359171629,3380.712890625,1826.4643199613022,0.042596261160714285
/content/Quran_Audio_Data/Minshawy_Murattal_128kbps/036014.mp3,Quran_Audio_Data/Minshawy_Murattal_128kbps/036014.mp3,Minshawy_Murattal_128kbps,36,14,,,soundfile,18.54512471655329,18.29,44100,2,128.1,-18.322165148383874,-3.066554795996727,0.7025419473648071,0.0003465360787231475,0.0,0.0,0,0.012951969778737183,0.05,0.0,-32.6864222333058,-22.853770050846595,9.832652182459203,0.011447306722402573,3100.78125,1697.4406171001906,0.04236832906367334
/content/Quran_Audio_Data/Muhammad_Ayyoub_128kbps/036014.mp3,Quran_Audio_Data/Muhammad_Ayyoub_128kbps/036014.mp3,Muhammad_Ayyoub_128kbps,36,14,,,soundfile,19.668253968253968,19.29,44100,2,128.1,-15.53411028511463,-1.084817058639374,0.8825902938842773,-0.0008261919138021767,0.0,0.0,0,0.0183206106870229,0.06,0.03,-29.613298362504885,-18.09540102994553,11.517897332559354,0.019428282976150513,4371.240234375,1966.7119217933337,0.036142030789085546
/content/Quran_Audio_Data/Yaser_Salamah_128kbps/036014.mp3,Quran_Audio_Data/Yaser_Salamah_128kbps/036014.mp3,Yaser_Salamah_128kbps,36,14,,,soundfile,15.109002267573697,14.950000000000001,44100,2,128.1,-17.5009606355568,-2.6517238160747443,0.7369089126586914,-0.0007115444750525057,0.0,0.0,0,0.0053226879574184965,0.08,0.0,-30.549674356183214,-19.761571000591516,10.788103355591698,0.00177752913441509,2627.05078125,1393.2491989107002,0.03158242277852737
/content/Quran_Audio_Data/aziz_alili_128kbps/036014.mp3,Quran_Audio_Data/aziz_alili_128kbps/036014.mp3,aziz_alili_128kbps,36,14,,,soundfile,18.42219954648526,18.26,44100,2,128.1,-13.75335148063574,-0.2330286883390973,0.973528265953064,0.0001430022093700245,0.0,0.0,0,0.004362050163576881,0.08,0.0,-23.70153634285729,-16.406285033144304,7.2952513097129845,0.03108685463666916,3919.04296875,2183.938765767328,0.03886836036267383
/content/Quran_Audio_Data/Abdul_Basit_Murattal_192kbps/033051.mp3,Quran_Audio_Data/Abdul_Basit_Murattal_192kbps/033051.mp3,Abdul_Basit_Murattal_192kbps,33,51,,,soundfile,43.150068027210885,42.52,44100,2,192.0,-18.41001943557227,-4.52123530623234,0.5942076444625854,-1.0122738785867114e-05,0.0,0.0,0,0.014143287734755391,0.02,0.0,-38.941173688055734,-22.800249979109665,16.14092370894607,0.030010711401700974,3122.314453125,2006.4486255674474,0.05457689122612322
/content/Quran_Audio_Data/Abdullah_Basfar_192kbps/033051.mp3,Quran_Audio_Data/Abdullah_Basfar_192kbps/033051.mp3,Abdullah_Basfar_192kbps,33,51,,,soundfile,45.05680272108844,43.7,44100,2,192.0,-21.756817754474458,-1.4872920809585408,0.8426270484924316,-7.661412269044376e-07,0.0,0.0,0,0.02975133214920071,0.41000000000000003,0.0,-46.97432414277572,-27.119453178289326,19.854870964486395,0.05927557125687599,4715.771484375,2626.0667709755694,0.051575131650992014
/content/Quran_Audio_Data/Abu_Bakr_Ash-Shaatree_128kbps/033051.mp3,Quran_Audio_Data/Abu_Bakr_Ash-Shaatree_128kbps/033051.mp3,Abu_Bakr_Ash-Shaatree_128kbps,33,51,,,soundfile,39.46718820861678,39.410000000000004,44100,2,128.0,-20.67297775408974,-3.459692266491354,0.6714526414871216,-6.052604294382036e-05,0.0,0.0,0,0.0010139416983523447,0.04,0.0,-31.361909314395234,-22.758740555604543,8.60316875879069,0.023281021043658257,4069.775390625,2235.3716316028626,0.053204704733455885
/content/Quran_Audio_Data/Hudhaify_128kbps/033051.mp3,Quran_Audio_Data/Hudhaify_128kbps/033051.mp3,Hudhaify_128kbps,33,51,,,soundfile,55.13909297052154,52.49,44100,2,128.0,-16.9507591352451,-1.0554077253391416,0.8855836987495422,2.2701237867295276e-06,0.0,0.0,0,0.04771407837445573,0.01,0.15,-43.27753718340781,-20.640663465100626,22.636873718307182,0.010648073628544807,2239.453125,1356.9822954588667,0.029569901315789474
/content/Quran_Audio_Data/Husary_128kbps/033051.mp3,Quran_Audio_Data/Husary_128kbps/033051.mp3,Husary_128kbps,33,51,,,soundfile,75.79471655328798,68.78,44100,2,128.0,-18.551167147296045,-0.85644849062892,0.9061030149459839,0.0005334769957698882,0.0,0.0,0,0.08936846286243877,0.28,0.87,-56.901128203014274,-22.636474890949042,34.264653312065235,0.006364657077938318,3466.845703125,1971.1603921165117,0.053097209684234786
/content/Quran_Audio_Data/Minshawy_Murattal_128kbps/033051.mp3,Quran_Audio_Data/Minshawy_Murattal_128kbps/033051.mp3,Minshawy_Murattal_128kbps,33,51,,,soundfile,43.77696145124717,43.17,44100,2,128.0,-18.11247003551219,-2.1466821499924054,0.7810267210006714,0.00023676409909967333,0.0,0.0,0,0.013482632541133455,0.06,0.0,-33.92379819763832,-22.276646263919115,11.647151933719204,0.01838398352265358,3552.978515625,1975.3012114502324,0.05355840625828693
/content/Quran_Audio_Data/Muhammad_Ayyoub_128kbps/033051.mp3,Quran_Audio_Data/Muhammad_Ayyoub_128kbps/033051.mp3,Muhammad_Ayyoub_128kbps,33,51,,,soundfile,53.38902494331066,52.83,44100,2,128.0,-14.936094459700723,-1.8428764953197367,0.8088279962539673,-0.0013275302480906248,0.0,0.0,0,0.01011804384485666,0.23,0.0,-27.056558781096964,-17.41602111742166,9.640537663675303,0.014336951076984406,2906.982421875,1623.220900482941,0.02902656317949554
/content/Quran_Audio_Data/Yaser_Salamah_128kbps/033051.mp3,Quran_Audio_Data/Yaser_Salamah_128kbps/033051.mp3,Yaser_Salamah_128kbps,33,51,,,soundfile,42.37823129251701,41.63,44100,2,128.0,-16.652829085069094,-3.168812169529259,0.6943195462226868,-0.0012832805514335632,0.0,0.0,0,0.015839243498817965,0.67,0.0,-28.504689767424384,-18.564117283681483,9.940572483742901,0.0014972469070926309,2562.451171875,1308.0797357207246,0.029473250865674712
/content/Quran_Audio_Data/aziz_alili_128kbps/033051.mp3,Quran_Audio_Data/aziz_alili_128kbps/033051.mp3,aziz_alili_128kbps,33,51,,,soundfile,41.459931972789114,41.18,44100,2,128.0,-13.984158904923557,-0.15547724628171594,0.9822592735290527,0.00013103612582199275,0.0,0.0,0,0.0036293249455601256,0.06,0.0,-25.0642722596057,-17.32649979027826,7.737772469327442,0.027225779369473457,3596.044921875,1907.6947803214061,0.03269140296006457
/content/Quran_Audio_Data/Abdul_Basit_Murattal_192kbps/004087.mp3,Quran_Audio_Data/Abdul_Basit_Murattal_192kbps/004087.mp3,Abdul_Basit_Murattal_192kbps,4,87,,,soundfile,18.179455782312925,17.900000000000002,44100,2,192.1,-21.189559879958555,-4.665975721042273,0.5843878984451294,-2.767494152067229e-05,0.0,0.0,0,0.014317180616740088,0.02,0.0,-43.74940555327123,-25.98006590611048,17.769339647160752,0.01585981994867325,3380.712890625,1768.3928517022468,0.03917880198355683
/content/Quran_Audio_Data/Abdullah_Basfar_192kbps/004087.mp3,Quran_Audio_Data/Abdullah_Basfar_192kbps/004087.mp3,Abdullah_Basfar_192kbps,4,87,,,soundfile,18.597369614512473,18.0,44100,2,192.1,-17.247514889585222,-0.1648272274788667,0.9812024831771851,3.4625955436240474e-07,0.0,0.0,0,0.031216361679224973,0.23,0.0,-39.20980332793112,-23.375842871481687,15.833960456449432,0.03708342835307121,4177.44140625,2355.4780317830964,0.06687654835752185
/content/Quran_Audio_Data/Abu_Bakr_Ash-Shaatree_128kbps/004087.mp3,Quran_Audio_Data/Abu_Bakr_Ash-Shaatree_128kbps/004087.mp3,Abu_Bakr_Ash-Shaatree_128kbps,4,87,,,soundfile,16.246598639455783,16.19,44100,2,128.1,-20.177190205254355,-3.943625573308101,0.6350657939910889,-5.237841833150014e-05,0.0,0.0,0,0.0024645717806531116,0.04,0.0,-33.49043439094229,-23.2620551739626,10.22837921697969,0.021668920293450356,4220.5078125,2358.965630089041,0.06394635881696428
/content/Quran_Audio_Data/Hudhaify_128kbps/004087.mp3,Quran_Audio_Data/Hudhaify_128kbps/004087.mp3,Hudhaify_128kbps,4,87,,,soundfile,18.048843537414967,16.82,44100,2,128.1,-18.316321104917886,-2.2365360147500737,0.7729887962341309,-2.9813711535098264e-06,0.0,0.0,0,0.06711037160288408,0.06,0.0,-54.767399510667296,-23.164796872605542,31.602602638061754,0.017781130969524384,2863.916015625,1734.1509394014263,0.034999560389871384
/content/Quran_Audio_Data/Husary_128kbps/004087.mp3,Quran_Audio_Data/Husary_128kbps/004087.mp3,Husary_128kbps,4,87,,,soundfile,29.43185941043084,26.68,44100,2,128.0,-19.544658079057218,-2.848496025635334,0.7204024791717529,0.00040320554398931563,0.0,0.0,0,0.0850480109739369,1.24,0.56,-57.27881318833154,-24.978121030916746,32.300692157414794,0.00939303170889616,3143.84765625,1744.2954605840698,0.04281259322792363
/content/Quran_Audio_Data/Minshawy_Murattal_128kbps/004087.mp3,Quran_Audio_Data/Minshawy_Murattal_128kbps/004087.mp3,Minshawy_Murattal_128kbps,4,87,,,soundfile,18.75403628117914,17.86,44100,2,128.1,-18.25654775743399,-2.6526301598795454,0.7368320226669312,0.0001825985818868503,0.0,0.0,0,0.04644954618259477,0.06,0.0,-42.04108053333487,-22.924188616856586,19.116891916478284,0.012163585983216763,2433.251953125,1475.761436460464,0.043536497814820545
/content/Quran_Audio_Data/Muhammad_Ayyoub_128kbps/004087.mp3,Quran_Audio_Data/Muhammad_Ayyoub_128kbps/004087.mp3,Muhammad_Ayyoub_128kbps,4,87,,,soundfile,18.8324716553288,18.56,44100,2,128.1,-15.789143498365949,-1.428828994915897,0.8483177423477173,-0.0010825417703017592,0.0,0.0,0,0.013290802764486975,0.02,0.0,-34.70630831557288,-19.404628717420966,15.301679598151917,0.01895911619067192,4844.970703125,2319.2421793768103,0.04420945971965496
/content/Quran_Audio_Data/Yaser_Salamah_128kbps/004087.mp3,Quran_Audio_Data/Yaser_Salamah_128kbps/004087.mp3,Yaser_Salamah_128kbps,4,87,,,soundfile,17.512086167800454,17.18,44100,2,128.1,-17.838388825893112,-4.00326275663681,0.6307203769683838,-0.001291965483687818,0.0,0.0,0,0.01434308663224326,0.24,0.01,-38.698207495039675,-21.256179799455104,17.44202769558457,0.010435233823955059,3725.244140625,2059.064900339861,0.035897762217420214
/content/Quran_Audio_Data/aziz_alili_128kbps/004087.mp3,Quran_Audio_Data/aziz_alili_128kbps/004087.mp3,aziz_alili_128kbps,4,87,,,soundfile,18.806145124716554,17.27,44100,2,128.1,-13.261350724508391,11.296249542539405,3.6712374687194824,0.00012382223212625831,7.274208566108008e-05,7.274208566108008e-05,60,0.07548179871520343,0.05,0.0,-40.77235136365199,-17.097172391358217,23.675178972293775,0.032161254435777664,3875.9765625,2209.4947524993477,0.037459229121433
/content/Quran_Audio_Data/Abdul_Basit_Murattal_192kbps/016106.mp3,Quran_Audio_Data/Abdul_Basit_Murattal_192kbps/016106.mp3,Abdul_Basit_Murattal_192kbps,16,106,,,soundfile,31.265510204081632,30.61,44100,2,192.1,-24.62970948888841,-4.924242292457035,0.5672674775123596,-2.373602728766855e-05,0.0,0.0,0,0.02048,0.02,0.0,-36.415684541462255,-27.894862736296584,8.52082180516567,0.019961899146437645,3552.978515625,2028.1429798526265,0.04923753423226884
/content/Quran_Audio_Data/Abdullah_Basfar_192kbps/016106.mp3,Quran_Audio_Data/Abdullah_Basfar_192kbps/016106.mp3,Abdullah_Basfar_192kbps,16,106,,,soundfile,32.10027210884354,29.990000000000002,44100,2,191.7,-23.483005438118425,-3.0478820909274633,0.7040538787841797,4.306043308588414e-07,0.0,0.0,0,0.06369029035279425,0.03,0.0,-49.84150200138161,-29.22446976150317,20.617032239878444,0.07383894920349121,4629.638671875,2626.7172765682703,0.06099324293734154
/content/Quran_Audio_Data/Abu_Bakr_Ash-Shaatree_128kbps/016106.mp3,Quran_Audio_Data/Abu_Bakr_Ash-Shaatree_128kbps/016106.mp3,Abu_Bakr_Ash-Shaatree_128kbps,16,106,,,soundfile,27.19077097505669,27.13,44100,2,128.1,-20.430805509579496,-3.79531881421229,0.6460022926330566,-5.2238927310099825e-05,0.0,0.0,0,0.001472211998527788,0.04,0.0,-29.731992419911297,-22.208266225159942,7.5237261947513545,0.021594466641545296,3854.443359375,2050.3467641393186,0.04314130521766965
/content/Quran_Audio_Data/Hudhaify_128kbps/016106.mp3,Quran_Audio_Data/Hudhaify_128kbps/016106.mp3,Hudhaify_128kbps,16,106,,,soundfile,34.16482993197279,33.8,44100,2,128.0,-18.53283367998179,-2.4801519810098753,0.751609742641449,1.802239012249629e-06,0.0,0.0,0,0.00995899238429994,0.04,0.3,-31.4377392429901,-21.546844022061094,9.890895220929007,0.010697286576032639,2433.251953125,1290.8837786490574,0.0260614102849983
/content/Quran_Audio_Data/Husary_128kbps/016106.mp3,Quran_Audio_Data/Husary_128kbps/016106.mp3,Husary_128kbps,16,106,,,soundfile,48.99181405895692,46.17,44100,2,128.2,-21.410472209105215,-2.699324274348249,0.7328815460205078,0.0004175762878730893,0.0,0.0,0,0.05717786399836634,0.28,0.4,-43.67176933315082,-24.814458286488108,18.857311046662712,0.005216382909566164,3100.78125,1762.2245089249714,0.044371459382405214
/content/Quran_Audio_Data/Minshawy_Murattal_128kbps/016106.mp3,Quran_Audio_Data/Minshawy_Murattal_128kbps/016106.mp3,Minshawy_Murattal_128kbps,16,106,,,soundfile,34.32151927437642,33.22,44100,2,128.0,-18.235745322128004,-2.0251591198113443,0.7920307517051697,0.00021557457512244582,0.0,0.0,0,0.0314868804664723,0.04,0.0,-33.351618792017774,-21.158996415835485,12.192622376182289,0.014808018691837788,3617.578125,2025.2051955576933,0.04740274666046669
/content/Quran_Audio_Data/Muhammad_Ayyoub_128kbps/016106.mp3,Quran_Audio_Data/Muhammad_Ayyoub_128kbps/016106.mp3,Muhammad_Ayyoub_128kbps,16,106,,,soundfile,52.109160997732424,51.64,44100,2,128.0,-15.494576151580695,-0.7678200289127322,0.915395975112915,-0.001049426500685513,0.0,0.0,0,0.008638894221539644,0.06,0.0,-25.014509828863197,-17.74310335327835,7.271406475584847,0.029304854571819305,6524.560546875,2762.1596960534825,0.048445462171419026
/content/Quran_Audio_Data/Yaser_Salamah_128kbps/016106.mp3,Quran_Audio_Data/Yaser_Salamah_128kbps/016106.mp3,Yaser_Salamah_128kbps,16,106,,,soundfile,27.542108843537417,27.1,44100,2,128.0,-17.913513203010417,-4.746444877595198,0.5789989233016968,-0.0013168951263651252,0.0,0.0,0,0.013109978150036417,0.35000000000000003,0.01,-27.24844585745746,-19.55633790664082,7.6921079508166414,0.0015964207705110312,2627.05078125,1334.4434749367808,0.026778762404983107
/content/Quran_Audio_Data/aziz_alili_128kbps/016106.mp3,Quran_Audio_Data/aziz_alili_128kbps/016106.mp3,aziz_alili_128kbps,16,106,,,soundfile,29.429115646258502,29.240000000000002,44100,2,128.0,-15.436806161622235,-0.19445283844332278,0.9778615236282349,7.678441033931449e-05,0.0,0.0,0,0.0034083162917518746,0.07,0.0,-26.16253532501046,-19.373495967156856,6.7890393578536035,0.02806091494858265,3768.310546875,2019.3019329090273,0.034791293540019766
/content/Quran_Audio_Data/Abdul_Basit_Murattal_192kbps/005082.mp3,Quran_Audio_Data/Abdul_Basit_Murattal_192kbps/005082.mp3,Abdul_Basit_Murattal_192kbps,5,82,,,soundfile,42.250952380952384,39.6,44100,2,191.7,-21.108313836223648,-2.177932974332598,0.7782217264175415,-4.167136012256378e-06,0.0,0.0,0,0.06094379890917714,0.03,0.07,-52.35021651830344,-25.105062034058854,27.245154484244587,0.019624866545200348,3509.912109375,1849.1406312357312,0.04000278403618602
/content/Quran_Audio_Data/Abdullah_Basfar_192kbps/005082.mp3,Quran_Audio_Data/Abdullah_Basfar_192kbps/005082.mp3,Abdullah_Basfar_192kbps,5,82,,,soundfile,44.19342403628118,40.26,44100,2,192.0,-21.27460312044708,-0.8628387485268746,0.905436635017395,1.2058128504577326e-06,0.0,0.0,0,0.08707482993197278,0.03,0.1,-55.563583076962836,-25.38112595525206,30.182457121710776,0.06943408399820328,5426.3671875,3301.518692096091,0.08119278335470928
/content/Quran_Audio_Data/Abu_Bakr_Ash-Shaatree_128kbps/005082.mp3,Quran_Audio_Data/Abu_Bakr_Ash-Shaatree_128kbps/005082.mp3,Abu_Bakr_Ash-Shaatree_128kbps,5,82,,,soundfile,32.46700680272109,32.31,44100,2,128.0,-21.09407647731306,-3.644094171006595,0.6573479175567627,-5.759608029620722e-05,0.0,0.0,0,0.004314329738058551,0.04,0.0,-33.20313733449894,-23.927042166164977,9.276095168333963,0.02473665401339531,4220.5078125,2291.829386939775,0.05271848883848766
/content/Quran_Audio_Data/Hudhaify_128kbps/005082.mp3,Quran_Audio_Data/Hudhaify_128kbps/005082.mp3,Hudhaify_128kbps,5,82,,,soundfile,38.08283446712018,37.27,44100,2,128.0,-18.803387475512938,-1.790123676418375,0.8137552738189697,-3.050824261663365e-06,0.0,0.0,0,0.02075669994745139,0.13,0.39,-36.30886967590133,-22.504629689977214,13.804239985924113,0.012244963087141514,2304.052734375,1412.7495930961802,0.026901752038250532
/content/Quran_Audio_Data/Husary_128kbps/005082.mp3,Quran_Audio_Data/Husary_128kbps/005082.mp3,Husary_128kbps,5,82,,,soundfile,60.9324716553288,55.52,44100,2,128.0,-22.726551861339892,-3.8936360170617386,0.6387313008308411,0.0003266379644628614,0.0,0.0,0,0.08473458621826574,0.9400000000000001,2.1,-57.26004477470218,-26.66451424196383,30.59553053273835,0.010124163702130318,3660.64453125,2283.521905889965,0.05025018458843505
/content/Quran_Audio_Data/Minshawy_Murattal_128kbps/005082.mp3,Quran_Audio_Data/Minshawy_Murattal_128kbps/005082.mp3,Minshawy_Murattal_128kbps,5,82,,,soundfile,39.46718820861678,36.910000000000004,44100,2,128.0,-17.7272830712858,-0.6908712576347604,0.9235415458679199,9.904920443659648e-05,0.0,0.0,0,0.06438529784537389,1.1300000000000001,0.02,-45.26617482453844,-22.072453185919354,23.193721638619085,0.016235854476690292,3488.37890625,1973.5761608992198,0.05030905330882353
/content/Quran_Audio_Data/Muhammad_Ayyoub_128kbps/005082.mp3,Quran_Audio_Data/Muhammad_Ayyoub_128kbps/005082.mp3,Muhammad_Ayyoub_128kbps,5,82,,,soundfile,38.8024716553288,38.58,44100,2,127.7,-15.425478884448498,-1.3354700078466755,0.8574849367141724,-0.001013194676488638,0.0,0.0,0,0.002843111915223572,0.06,0.0,-30.136731503356746,-18.43844233870476,11.698289164651985,0.020353853702545166,3875.9765625,1880.2162755116774,0.03390721631371814
/content/Quran_Audio_Data/Yaser_Salamah_128kbps/005082.mp3,Quran_Audio_Data/Yaser_Salamah_128kbps/005082.mp3,Yaser_Salamah_128kbps,5,82,,,soundfile,32.32208616780046,31.560000000000002,44100,2,128.0,-18.361848966316213,-5.284906259796438,0.5441951751708984,-0.0010789711959660053,0.0,0.0,0,0.02109181141439206,0.67,0.01,-31.227379231391073,-20.097769937012316,11.129609294378756,0.0107645932585001,3660.64453125,1945.0157453942434,0.029937491566210866
/content/Quran_Audio_Data/aziz_alili_128kbps/005082.mp3,Quran_Audio_Data/aziz_alili_128kbps/005082.mp3,aziz_alili_128kbps,5,82,,,soundfile,34.29263038548753,33.88,44100,2,128.0,-15.338477291153474,-0.21835498531614167,0.9751743078231812,5.697840970242396e-05,0.0,0.0,0,0.00935672514619883,0.05,0.0,-26.209651055940675,-18.54662515750358,7.663025898437095,0.03476714715361595,5318.701171875,2352.151767964035,0.03837860811355156
/content/Quran_Audio_Data/Abdul_Basit_Murattal_192kbps/054044.mp3,Quran_Audio_Data/Abdul_Basit_Murattal_192kbps/054044.mp3,Abdul_Basit_Murattal_192kbps,54,44,,,soundfile,7.600861678004535,7.32,44100,2,192.2,-22.327867126073308,-4.033939052407265,0.6284967660903931,-2.5919725885614753e-05,0.0,0.0,0,0.03430079155672823,0.02,0.0,-49.54489627153533,-26.562667011216945,22.982229260318384,0.019656477496027946,3359.1796875,1807.9860954644141,0.04225459208015267
/content/Quran_Audio_Data/Abdullah_Basfar_192kbps/054044.mp3,Quran_Audio_Data/Abdullah_Basfar_192kbps/054044.mp3,Abdullah_Basfar_192kbps,54,44,,,soundfile,6.216507936507936,5.93,44100,2,192.2,-25.8964688781711,-4.62621476078567,0.5870691537857056,1.821275759539276e-06,0.0,0.0,0,0.043548387096774194,0.04,0.0,-44.521015456627964,-29.51925391732662,15.001761539301345,0.05784096196293831,4565.0390625,2582.0259386230146,0.05334745947994403
/content/Quran_Audio_Data/Abu_Bakr_Ash-Shaatree_128kbps/054044.mp3,Quran_Audio_Data/Abu_Bakr_Ash-Shaatree_128kbps/054044.mp3,Abu_Bakr_Ash-Shaatree_128kbps,54,44,,,soundfile,4.988866213151927,4.96,44100,2,128.2,-19.21249051239433,-2.827720201389904,0.7221276760101318,-3.8511167076649144e-05,0.0,0.0,0,0.002012072434607646,0.01,0.0,-23.64920262571629,-20.41933374578836,3.2298688799279276,0.031195152550935745,5318.701171875,2675.8247700733787,0.05447969658430232
/content/Quran_Audio_Data/Hudhaify_128kbps/054044.mp3,Quran_Audio_Data/Hudhaify_128kbps/054044.mp3,Hudhaify_128kbps,54,44,,,soundfile,6.608299319727891,6.1000000000000005,44100,2,192.2,-18.804379519345634,-0.9681753164177259,0.8945224285125732,1.934089823407703e-06,0.0,0.0,0,0.07435508345978756,0.05,0.0,-54.658431175925394,-22.669205430979037,31.989225744946356,0.018642188981175423,4112.841796875,2129.5873483324986,0.04380996436403509
/content/Quran_Audio_Data/Husary_128kbps/054044.mp3,Quran_Audio_Data/Husary_128kbps/054044.mp3,Husary_128kbps,54,44,,,soundfile,10.625510204081632,9.32,44100,2,128.1,-23.63594297139899,-4.160204532156529,0.6194264888763428,0.0006486871279776096,0.0,0.0,0,0.09951690821256039,0.6900000000000001,0.27,-61.34922612127065,-29.07241303395225,32.276813087318395,0.0044938004575669765,3122.314453125,1675.2430985032852,0.03711647528663311
/content/Quran_Audio_Data/Minshawy_Murattal_128kbps/054044.mp3,Quran_Audio_Data/Minshawy_Murattal_128kbps/054044.mp3,Minshawy_Murattal_128kbps,54,44,,,soundfile,6.414716553287982,5.63,44100,2,127.9,-19.3287850940382,-2.4927443599529022,0.7505208849906921,-2.0205998225719668e-05,0.0,0.0,0,0.11755485893416928,0.09,0.0,-63.15331095453534,-22.70080783104011,40.452503123495234,0.016683224588632584,4005.17578125,2346.250436981226,0.06527577275815218
/content/Quran_Audio_Data/Muhammad_Ayyoub_128kbps/054044.mp3,Quran_Audio_Data/Muhammad_Ayyoub_128kbps/054044.mp3,Muhammad_Ayyoub_128kbps,54,44,,,soundfile,7.026235827664399,6.92,44100,2,128.2,-16.590666716988597,-2.2266626228888304,0.7738679647445679,-0.0013601655373349786,0.0,0.0,0,0.012838801711840228,0.05,0.0,-35.76739482555139,-20.04045034338306,15.726944482168332,0.017535502091050148,4155.908203125,1943.1959737167597,0.033459351794554455
/content/Quran_Audio_Data/Yaser_Salamah_128kbps/054044.mp3,Quran_Audio_Data/Yaser_Salamah_128kbps/054044.mp3,Yaser_Salamah_128kbps,54,44,,,soundfile,7.273083900226758,7.18,44100,2,128.2,-17.153202489489665,-4.470149524274046,0.5977127552032471,-0.0008020059322007,0.0,0.0,0,0.0013908205841446453,0.01,0.0,-37.33894963115027,-20.794489614793893,16.54446001635638,0.0015364574501290917,2605.517578125,1366.909576662227,0.030284427753215434
/content/Quran_Audio_Data/aziz_alili_128kbps/054044.mp3,Quran_Audio_Data/aziz_alili_128kbps/054044.mp3,aziz_alili_128kbps,54,44,,,soundfile,5.623446712018141,5.53,44100,2,128.2,-15.630511224279907,-0.5575239149586321,0.937829315662384,7.088591519277543e-05,0.0,0.0,0,0.00718132854578097,0.04,0.0,-29.034386764750177,-19.042065746944022,9.992321017806155,0.0315779447555542,3380.712890625,1838.2758093206705,0.02723839470954357
/content/Quran_Audio_Data/Abdul_Basit_Murattal_192kbps/034030.mp3,Quran_Audio_Data/Abdul_Basit_Murattal_192kbps/034030.mp3,Abdul_Basit_Murattal_192kbps,34,30,,,soundfile,10.918095238095239,10.63,44100,2,192.1,-17.293454609929864,-3.6947781345043533,0.653523325920105,-1.0550236765993759e-05,0.0,0.0,0,0.024770642201834864,0.02,0.0,-43.33942572535845,-21.945710428879682,21.39371529647877,0.027431391179561615,3273.046875,1958.4621023232019,0.047612351388150904
/content/Quran_Audio_Data/Abdullah_Basfar_192kbps/034030.mp3,Quran_Audio_Data/Abdullah_Basfar_192kbps/034030.mp3,Abdullah_Basfar_192kbps,34,30,,,soundfile,11.127074829931972,10.8,44100,2,192.1,-23.27669082281247,-4.736565527071809,0.5796578526496887,-2.8680153718596557e-06,0.0,0.0,0,0.0279027902790279,0.04,0.0,-40.795976343543536,-28.418766596764524,12.377209746779013,0.09143189340829849,7795.01953125,3389.246167599898,0.06307789282455684
/content/Quran_Audio_Data/Abu_Bakr_Ash-Shaatree_128kbps/034030.mp3,Quran_Audio_Data/Abu_Bakr_Ash-Shaatree_128kbps/034030.mp3,Abu_Bakr_Ash-Shaatree_128kbps,34,30,,,soundfile,9.794965986394558,9.73,44100,2,128.1,-20.094179254855398,-3.451271154895395,0.6721039414405823,-5.2741528634214774e-05,0.0,0.0,0,0.0040941658137154556,0.04,0.0,-30.69642982645646,-22.10146601253118,8.594963813925279,0.028463071212172508,4478.90625,2351.5688234776576,0.052074848193127965
/content/Quran_Audio_Data/Hudhaify_128kbps/034030.mp3,Quran_Audio_Data/Hudhaify_128kbps/034030.mp3,Hudhaify_128kbps,34,30,,,soundfile,11.675555555555556,10.98,44100,2,192.1,-17.826755561074616,-1.5599462997499036,0.835608184337616,1.9737838101718808e-06,0.0,0.0,0,0.058319039451114926,0.35000000000000003,0.33,-40.981136604118795,-21.31952643692101,19.661610167197786,0.04694315791130066,2347.119140625,1395.4003363929944,0.030114721825298212
/content/Quran_Audio_Data/Husary_128kbps/034030.mp3,Quran_Audio_Data/Husary_128kbps/034030.mp3,Husary_128kbps,34,30,,,soundfile,18.644353741496598,15.26,44100,2,128.1,-20.823446608829784,-1.2610197393061087,0.8648663759231567,0.00046984554501250386,0.0,0.0,0,0.1692977681001633,0.14,2.91,-64.8790579647246,-24.943506488943573,39.935551475781025,0.004244601354002953,3531.4453125,2018.7877957204068,0.04519512766167193
/content/Quran_Audio_Data/Minshawy_Murattal_128kbps/034030.mp3,Quran_Audio_Data/Minshawy_Murattal_128kbps/034030.mp3,Minshawy_Murattal_128kbps,34,30,,,soundfile,11.07485260770975,10.88,44100,2,128.1,-18.39912439820063,-2.9235839943943476,0.7142015695571899,0.00025087446556426585,0.0,0.0,0,0.015384615384615385,0.04,0.0,-32.206555208624536,-22.04559803818526,10.160957170439275,0.019123027101159096,3639.111328125,2065.010416360544,0.05618356508778826
/content/Quran_Audio_Data/Muhammad_Ayyoub_128kbps/034030.mp3,Quran_Audio_Data/Muhammad_Ayyoub_128kbps/034030.mp3,Muhammad_Ayyoub_128kbps,34,30,,,soundfile,14.444263038548753,14.11,44100,2,128.1,-15.600278311303978,-1.4947443965359006,0.8419044017791748,-0.0010469496482983232,0.0,0.0,0,0.021497919556171984,0.05,0.0,-29.847237934932753,-17.850801867201664,11.99643606773109,0.01706613600254059,4048.2421875,1906.5524504028897,0.038201634663654616
/content/Quran_Audio_Data/Yaser_Salamah_128kbps/034030.mp3,Quran_Audio_Data/Yaser_Salamah_128kbps/034030.mp3,Yaser_Salamah_128kbps,34,30,,,soundfile,12.470952380952381,12.01,44100,2,128.1,-17.429435009764337,-4.6130601540603475,0.5879589319229126,-0.001052400330081582,0.0,0.0,0,0.03066989507667474,0.38,0.0,-32.57131939656998,-19.748745963970077,12.822573432599906,0.001501415390521288,2670.1171875,1430.4115573908045,0.034024844334658556
/content/Quran_Audio_Data/aziz_alili_128kbps/034030.mp3,Quran_Audio_Data/aziz_alili_128kbps/034030.mp3,aziz_alili_128kbps,34,30,,,soundfile,10.742947845804988,10.65,44100,2,128.1,-14.569346686660314,-0.30665766169990294,0.9653106927871704,0.00014004869444761425,0.0,0.0,0,0.0037418147801683817,0.04,0.0,-26.22048617450143,-18.13154226000238,8.088943914499051,0.03771035373210907,5964.697265625,2538.890539131335,0.04622060790222102
/content/Quran_Audio_Data/Abdul_Basit_Murattal_192kbps/003198.mp3,Quran_Audio_Data/Abdul_Basit_Murattal_192kbps/003198.mp3,Abdul_Basit_Murattal_192kbps,3,198,,,soundfile,27.869886621315192,26.77,44100,2,192.1,-21.276235906991495,-3.7055357020011304,0.6527144312858582,-2.517895154596772e-05,0.0,0.0,0,0.03877917414721724,0.02,0.0,-46.634552937151014,-25.3187471202508,21.315805816900212,0.01682804711163044,3359.1796875,1722.8219361257834,0.0385703548000833
/content/Quran_Audio_Data/Abdullah_Basfar_192kbps/003198.mp3,Quran_Audio_Data/Abdullah_Basfar_192kbps/003198.mp3,Abdullah_Basfar_192kbps,3,198,,,soundfile,29.567687074829934,28.44,44100,2,192.1,-20.447687212104505,0.04740120352063924,1.005472183227539,2.953738203359535e-06,1.6872006656773535e-05,1.380436908281471e-05,3,0.03756345177664975,0.65,0.0,-43.94458120589172,-26.409987429345666,17.534593776546057,0.04438446834683418,4392.7734375,2449.77988460832,0.054049302794954845
/content/Quran_Audio_Data/Abu_Bakr_Ash-Shaatree_128kbps/003198.mp3,Quran_Audio_Data/Abu_Bakr_Ash-Shaatree_128kbps/003198.mp3,Abu_Bakr_Ash-Shaatree_128kbps,3,198,,,soundfile,28.862471655328797,28.1,44100,2,128.0,-24.340237149478988,-7.1928214636677,0.43687674403190613,-2.5020977773237973e-05,0.0,0.0,0,0.02565880721220527,0.04,0.0,-42.4230303326474,-27.798550376934024,14.624479955713376,0.019883431494235992,3940.576171875,1987.1472293965162,0.04362470000251307
/content/Quran_Audio_Data/Hudhaify_128kbps/003198.mp3,Quran_Audio_Data/Hudhaify_128kbps/003198.mp3,Hudhaify_128kbps,3,198,,,soundfile,28.31390022675737,27.75,44100,2,128.0,-18.84319923717765,-1.9883823906359552,0.7953913807868958,2.394433749941527e-06,0.0,0.0,0,0.019088016967126194,0.05,0.0,-44.37299645178086,-23.68796518210415,20.685031269676706,0.011226187460124493,2390.185546875,1331.7187022856026,0.030919274036490366
/content/Quran_Audio_Data/Husary_128kbps/003198.mp3,Quran_Audio_Data/Husary_128kbps/003198.mp3,Husary_128kbps,3,198,,,soundfile,39.72310657596372,37.56,44100,2,128.0,-14.141423544171234,-2.192550373386904,0.7769131660461426,0.0004967345157638192,0.0,0.0,0,0.04790874524714829,0.01,0.0,-38.619632409728496,-17.482131608478614,21.13750080124988,0.013698212802410126,3423.779296875,1904.2169017203048,0.046615923713235294
/content/Quran_Audio_Data/Minshawy_Murattal_128kbps/003198.mp3,Quran_Audio_Data/Minshawy_Murattal_128kbps/003198.mp3,Minshawy_Murattal_128kbps,3,198,,,soundfile,25.23183673469388,23.94,44100,2,128.1,-22.028236777327677,-1.005167687827638,0.8907208442687988,0.00030785196577198803,0.0,0.0,0,0.05037683458944863,0.05,0.0,-47.30207941534421,-26.514724238950368,20.78735517639384,0.008353952318429947,2497.8515625,1388.8666754512435,0.03535322454289328
/content/Quran_Audio_Data/Muhammad_Ayyoub_128kbps/003198.mp3,Quran_Audio_Data/Muhammad_Ayyoub_128kbps/003198.mp3,Muhammad_Ayyoub_128kbps,3,198,,,soundfile,30.58637188208617,30.27,44100,2,128.0,-15.740484117293516,-0.4439057856880688,0.9501774311065674,-0.0008045281865634024,0.0,0.0,0,0.009813542688910697,0.05,0.0,-27.3398528811319,-18.087641061021206,9.252211820110695,0.0192611962556839,3768.310546875,1812.9893628482187,0.031277239978652754
/content/Quran_Audio_Data/Yaser_Salamah_128kbps/003198.mp3,Quran_Audio_Data/Yaser_Salamah_128kbps/003198.mp3,Yaser_Salamah_128kbps,3,198,,,soundfile,26.053265306122448,25.51,44100,2,128.1,-16.272048949588964,-3.438132904049747,0.6731213331222534,-0.0014091244665905833,0.0,0.0,0,0.01771274547554871,0.46,0.0,-29.785573116142977,-18.2685753388959,11.516997777247077,0.009334305301308632,3229.98046875,1726.3788065770182,0.028965175231688255
/content/Quran_Audio_Data/aziz_alili_128kbps/003198.mp3,Quran_Audio_Data/aziz_alili_128kbps/003198.mp3,aziz_alili_128kbps,3,198,,,ffmpeg,22.005850340136053,17.27,44100,2,128.1,-9.972405284656954,10.673798444220672,3.417353630065918,0.00028377107810229063,0.010408810960281548,0.010345965309200603,31,0.0017341040462427746,0.03,0.0,-22.223076341874446,-13.297684322276856,8.92539201959759,0.029463578015565872,3811.376953125,2007.3982125563987,0.03404092660857909
/content/Quran_Audio_Data/Abdul_Basit_Murattal_192kbps/059002.mp3,Quran_Audio_Data/Abdul_Basit_Murattal_192kbps/059002.mp3,Abdul_Basit_Murattal_192kbps,59,2,,,soundfile,53.25845804988662,51.47,44100,2,192.0,-22.065338384944685,-3.6028392014147563,0.6604775190353394,-2.349748683627695e-05,0.0,0.0,0,0.033245679939894815,0.02,0.0,-42.790430222958584,-25.97658819842401,16.813842024534573,0.018934937193989754,3509.912109375,1879.751140791321,0.04430971420008718
/content/Quran_Audio_Data/Abdullah_Basfar_192kbps/059002.mp3,Quran_Audio_Data/Abdullah_Basfar_192kbps/059002.mp3,Abdullah_Basfar_192kbps,59,2,,,soundfile,54.51219954648526,51.910000000000004,44100,2,192.0,-22.21116236519576,0.014440643101381066,1.0016639232635498,1.993460728044738e-06,4.1597545412040327e-07,4.1597545412040327e-07,1,0.04734813727289411,0.03,0.0,-48.36796744726656,-27.694021092869285,20.673946354397273,0.08827290683984756,5555.56640625,2938.2106181006598,0.059440235872284926
/content/Quran_Audio_Data/Abu_Bakr_Ash-Shaatree_128kbps/059002.mp3,Quran_Audio_Data/Abu_Bakr_Ash-Shaatree_128kbps/059002.mp3,Abu_Bakr_Ash-Shaatree_128kbps,59,2,,,soundfile,45.063310657596375,45.03,11025,1,24.1,-12.291126391692014,1.4791990382017302,1.185659408569336,-0.0028132377192378044,0.0006944122957270497,0.000680322770886211,3,0.0026578073089701,0.12,0.0,-21.122472469481384,-13.968892437797994,7.15358003168339,0.5055803656578064,3509.912109375,1720.8001905852498,0.1620505095633694
/content/Quran_Audio_Data/Hudhaify_128kbps/059002.mp3,Quran_Audio_Data/Hudhaify_128kbps/059002.mp3,Hudhaify_128kbps,59,2,,,soundfile,55.42639455782313,52.67,44100,2,128.0,-17.096206867113217,-0.5103792432470095,0.9429334402084351,6.04929653036379e-08,0.0,0.0,0,0.049449557841544846,0.53,0.02,-36.038126356486025,-19.998419142667537,16.039707213818488,0.012009897269308567,3273.046875,1568.3252098108408,0.030008180628272253
/content/Quran_Audio_Data/Husary_128kbps/059002.mp3,Quran_Audio_Data/Husary_128kbps/059002.mp3,Husary_128kbps,59,2,,,soundfile,81.20149659863945,71.38,44100,2,128.0,-20.52526736783172,-1.6516645294014862,0.826831042766571,0.0006984536885283887,0.0,0.0,0,0.11800321265290992,0.99,0.12,-61.19105497052274,-24.79324957483753,36.39780539568521,0.004806931130588055,3251.513671875,1849.6504032201171,0.046220060299548255
/content/Quran_Audio_Data/Minshawy_Murattal_128kbps/059002.mp3,Quran_Audio_Data/Minshawy_Murattal_128kbps/059002.mp3,Minshawy_Murattal_128kbps,59,2,,,soundfile,48.47857142857143,48.19,44100,2,128.0,-21.832802652869635,-3.073546587663195,0.7019766569137573,9.760626562638208e-05,0.0,0.0,0,0.005571605447791993,0.05,0.0,-39.54224470034694,-26.306503736562252,13.23574096378469,0.013275504112243652,3488.37890625,1868.5646600248758,0.04446855450041906
/content/Quran_Audio_Data/Muhammad_Ayyoub_128kbps/059002.mp3,Quran_Audio_Data/Muhammad_Ayyoub_128kbps/059002.mp3,Muhammad_Ayyoub_128kbps,59,2,,,soundfile,55.73986394557823,55.14,44100,2,128.0,-15.435261363596137,-0.7610036417077868,0.9161146283149719,-0.0012567609082907438,0.0,0.0,0,0.0104091888011486,0.04,0.01,-27.811215923107014,-18.08186681940314,9.729349103703875,0.018873175606131554,4500.439453125,2167.4306139631904,0.03969883154154519
/content/Quran_Audio_Data/Yaser_Salamah_128kbps/059002.mp3,Quran_Audio_Data/Yaser_Salamah_128kbps/059002.mp3,Yaser_Salamah_128kbps,59,2,,,soundfile,54.3672335600907,53.82,44100,2,128.0,-17.398209613853382,-4.282965019037111,0.6107335090637207,-0.0005960026173852384,0.0,0.0,0,0.008657211272794254,0.47000000000000003,0.0,-27.85399318825918,-19.348635788475455,8.505357399783726,0.0015267287380993366,2605.517578125,1269.865512167351,0.026093299086147926
/content/Quran_Audio_Data/aziz_alili_128kbps/059002.mp3,Quran_Audio_Data/aziz_alili_128kbps/059002.mp3,aziz_alili_128kbps,59,2,,,soundfile,46.19548752834467,45.96,44100,2,128.0,-12.762267706671649,-0.1529445172995762,0.9825457334518433,0.0002415302296867594,0.0,0.0,0,0.004332755632582322,0.05,0.0,-24.81415059978427,-16.161515296297313,8.652635303486957,0.02785828709602356,3509.912109375,1844.0416371946799,0.028805771315028903
/content/Quran_Audio_Data/Abdul_Basit_Murattal_192kbps/007069.mp3,Quran_Audio_Data/Abdul_Basit_Murattal_192kbps/007069.mp3,Abdul_Basit_Murattal_192kbps,7,69,,,soundfile,46.96356009070295,45.22,44100,2,192.0,-23.940969037420903,-5.262285081289482,0.5456143021583557,-5.097707798995543e-06,0.0,0.0,0,0.036642522368981675,0.05,0.0,-47.52002108611647,-28.221500535537388,19.298520550579084,0.017149489372968674,3402.24609375,1818.0781359274038,0.04247238302490114
/content/Quran_Audio_Data/Abdullah_Basfar_192kbps/007069.mp3,Quran_Audio_Data/Abdullah_Basfar_192kbps/007069.mp3,Abdullah_Basfar_192kbps,7,69,,,soundfile,36.67231292517007,34.96,44100,2,192.0,-21.003499602183425,-0.05611788265231099,0.9935600161552429,-1.4977122191339731e-06,0.0,0.0,0,0.0461118690313779,0.42,0.0,-44.94582302707981,-27.028186398051673,17.917636629028138,0.04293559119105339,4349.70703125,2556.4949164939935,0.06387473043289016
/content/Quran_Audio_Data/Abu_Bakr_Ash-Shaatree_128kbps/007069.mp3,Quran_Audio_Data/Abu_Bakr_Ash-Shaatree_128kbps/007069.mp3,Abu_Bakr_Ash-Shaatree_128kbps,7,69,,,soundfile,31.104807256235826,30.970000000000002,44100,2,127.7,-21.09066029508307,-1.707661438264583,0.8215177059173584,-4.262696165824309e-05,0.0,0.0,0,0.0012899064817800709,0.04,0.0,-33.13123100882177,-23.646148810328384,9.485082198493387,0.022390790283679962,3100.78125,1795.080565260384,0.03452499035854525
/content/Quran_Audio_Data/Hudhaify_128kbps/007069.mp3,Quran_Audio_Data/Hudhaify_128kbps/007069.mp3,Hudhaify_128kbps,7,69,,,soundfile,39.46714285714286,37.84,44100,2,128.0,-17.79207160251035,-0.8247371775797262,0.9094171524047852,-1.3616553360407124e-06,0.0,0.0,0,0.04081115335868188,0.59,0.18,-37.56169246744117,-21.17829780042113,16.38339466702004,0.004562023561447859,2820.849609375,1611.5959465954277,0.03943948184742647
/content/Quran_Audio_Data/Husary_128kbps/007069.mp3,Quran_Audio_Data/Husary_128kbps/007069.mp3,Husary_128kbps,7,69,,,soundfile,54.324126984126984,49.38,44100,2,128.0,-26.074259305180824,-8.307687779667805,0.38425153493881226,0.00031482017948292196,0.0,0.0,0,0.08640148011100833,0.46,0.51,-61.30956824292716,-30.43176729983356,30.877800943093604,0.005810122471302748,2928.515625,1598.629063906924,0.035397245833780594
/content/Quran_Audio_Data/Minshawy_Murattal_128kbps/007069.mp3,Quran_Audio_Data/Minshawy_Murattal_128kbps/007069.mp3,Minshawy_Murattal_128kbps,7,69,,,soundfile,38.996984126984124,36.97,44100,2,128.0,-18.485644311710168,-2.300824125275713,0.7672886848449707,0.00024278044293168932,0.0,0.0,0,0.05156490507952796,0.22,0.2,-41.99849733322132,-23.982789438293967,18.015707894927356,0.02138662151992321,3919.04296875,2281.85854730932,0.06268461363128908
/content/Quran_Audio_Data/Muhammad_Ayyoub_128kbps/007069.mp3,Quran_Audio_Data/Muhammad_Ayyoub_128kbps/007069.mp3,Muhammad_Ayyoub_128kbps,7,69,,,soundfile,44.40378684807256,43.83,44100,2,128.0,-17.123987166823067,-1.7009133720660177,0.8221561908721924,-0.0012314235791563988,0.0,0.0,0,0.012392969806219017,0.05,0.0,-30.80442709178646,-20.04534530942722,10.759081782359242,0.01915544830262661,4328.173828125,2089.174922041664,0.04050487642973856
/content/Quran_Audio_Data/Yaser_Salamah_128kbps/007069.mp3,Quran_Audio_Data/Yaser_Salamah_128kbps/007069.mp3,Yaser_Salamah_128kbps,7,69,,,soundfile,34.620612244897956,33.76,44100,2,128.0,-17.621059138017976,-4.619285136423513,0.5875377058982849,-0.0011673298431560397,0.0,0.0,0,0.0225825130283729,0.78,0.0,-29.467892269351818,-19.326872949464317,10.141019319887501,0.010154005140066147,3143.84765625,1823.650749109658,0.029756453119751426
/content/Quran_Audio_Data/aziz_alili_128kbps/007069.mp3,Quran_Audio_Data/aziz_alili_128kbps/007069.mp3,aziz_alili_128kbps,7,69,,,soundfile,32.50081632653061,32.33,44100,2,128.0,-14.919863287934678,-0.25666835862709686,0.9708822965621948,8.635605627205223e-05,0.0,0.0,0,0.001235712079085573,0.04,0.0,-27.715111899701366,-18.512402557340746,9.20270934236062,0.028781944885849953,3660.64453125,1996.2222801676407,0.03131945455257972
/content/Quran_Audio_Data/Abdul_Basit_Murattal_192kbps/015049.mp3,Quran_Audio_Data/Abdul_Basit_Murattal_192kbps/015049.mp3,Abdul_Basit_Murattal_192kbps,15,49,,,soundfile,8.854671201814059,8.48,44100,2,192.1,-22.564254837792895,-4.3107920968584725,0.608780026435852,-1.4805596038058866e-05,0.0,0.0,0,0.039637599093997736,0.02,0.0,-47.749769419153374,-26.578218107462906,21.171551311690468,0.020767396315932274,3596.044921875,2031.1164757490405,0.045294325442332896
/content/Quran_Audio_Data/Abdullah_Basfar_192kbps/015049.mp3,Quran_Audio_Data/Abdullah_Basfar_192kbps/015049.mp3,Abdullah_Basfar_192kbps,15,49,,,soundfile,9.794943310657596,9.55,44100,2,192.1,-21.207664389342646,-1.748625004243482,0.8176524639129639,-4.6353200389148697e-08,0.0,0.0,0,0.022517911975435005,0.14,0.0,-41.724176875463165,-26.55268574527628,15.171491130186887,0.05923498421907425,5232.568359375,2795.293338926778,0.07601335715343602
/content/Quran_Audio_Data/Abu_Bakr_Ash-Shaatree_128kbps/015049.mp3,Quran_Audio_Data/Abu_Bakr_Ash-Shaatree_128kbps/015049.mp3,Abu_Bakr_Ash-Shaatree_128kbps,15,49,,,soundfile,12.04124716553288,11.96,44100,2,128.1,-21.050540346656454,-2.9535315791820334,0.7117433547973633,-4.5722197683062404e-05,0.0,0.0,0,0.004991680532445923,0.06,0.0,-40.08997401650861,-24.75602131823574,15.333952698272874,0.020639527589082718,3445.3125,1796.713171372198,0.030510522037572256
/content/Quran_Audio_Data/Hudhaify_128kbps/015049.mp3,Quran_Audio_Data/Hudhaify_128kbps/015049.mp3,Hudhaify_128kbps,15,49,,,soundfile,9.635102040816326,9.35,44100,2,127.8,-21.008168746065067,-3.3915165123417172,0.6767436265945435,-5.217104330768052e-07,0.0,0.0,0,0.02502606882168926,0.02,0.03,-39.551024506976525,-24.722715315300544,14.82830919167598,0.011390277184545994,2799.31640625,1469.0690653720194,0.027495123077503014
/content/Quran_Audio_Data/Husary_128kbps/015049.mp3,Quran_Audio_Data/Husary_128kbps/015049.mp3,Husary_128kbps,15,49,,,soundfile,14.543514739229025,12.77,44100,2,128.1,-21.685982927466814,-2.0991856843363816,0.7853092551231384,0.0005276747397147119,0.0,0.0,0,0.1051156271899089,1.44,0.02,-64.77059883636798,-25.005772979594212,39.76482585677377,0.004931748379021883,3186.9140625,1782.655989042467,0.043633145689480096
/content/Quran_Audio_Data/Minshawy_Murattal_128kbps/015049.mp3,Quran_Audio_Data/Minshawy_Murattal_128kbps/015049.mp3,Minshawy_Murattal_128kbps,15,49,,,soundfile,9.089727891156462,8.68,44100,2,128.1,-17.6512178129083,-3.354023811176293,0.6796711087226868,0.0003270922170486301,0.0,0.0,0,0.04299889746416759,0.05,0.0,-47.276205691421595,-21.04923879232004,26.226966899101555,0.014687814749777317,3488.37890625,1844.1653598144815,0.038332260735951466
/content/Quran_Audio_Data/Muhammad_Ayyoub_128kbps/015049.mp3,Quran_Audio_Data/Muhammad_Ayyoub_128kbps/015049.mp3,Muhammad_Ayyoub_128kbps,15,49,,,soundfile,12.82485260770975,12.620000000000001,44100,2,128.1,-14.019593368328614,-0.5518083168317128,0.9384466409683228,-0.000676031515467912,0.0,0.0,0,0.0140625,0.05,0.0,-25.5817962298638,-16.358598795241928,9.223197434621873,0.01947972923517227,4931.103515625,2329.030469747221,0.04532619838800905
/content/Quran_Audio_Data/Yaser_Salamah_128kbps/015049.mp3,Quran_Audio_Data/Yaser_Salamah_128kbps/015049.mp3,Yaser_Salamah_128kbps,15,49,,,soundfile,7.952222222222222,7.75,44100,2,128.1,-16.64460104749104,-2.7279898555208453,0.7304668426513672,-0.0014541122363880277,0.0,0.0,0,0.015247776365946633,0.12,0.0,-30.451437621160924,-18.87158318799169,11.579854433169235,0.0015494044637307525,2799.31640625,1386.4796314308492,0.029220042509191177
/content/Quran_Audio_Data/aziz_alili_128kbps/015049.mp3,Quran_Audio_Data/aziz_alili_128kbps/015049.mp3,aziz_alili_128kbps,15,49,,,soundfile,9.100884353741497,8.92,44100,2,127.8,-16.655517118343543,-2.76165407500421,0.727641224861145,-3.60079066012986e-05,0.0,0.0,0,0.005574136008918618,0.05,0.0,-30.724527711766846,-19.47989832498696,11.244629386779888,0.043839093297719955,5146.435546875,2418.724104104951,0.030999243951612902
/content/Quran_Audio_Data/Abdul_Basit_Murattal_192kbps/107001.mp3,Quran_Audio_Data/Abdul_Basit_Murattal_192kbps/107001.mp3,Abdul_Basit_Murattal_192kbps,107,1,,,soundfile,5.014988662131519,4.8500000000000005,44100,2,192.2,-25.99248591242433,-5.188879048535542,0.550244927406311,-2.4547493012505583e-05,0.0,0.0,0,0.03,0.02,0.0,-58.06187861201485,-33.451249964519654,24.610628647495197,0.030732322484254837,4995.703125,2984.5307805292114,0.08289704499421297
/content/Quran_Audio_Data/Abdullah_Basfar_192kbps/107001.mp3,Quran_Audio_Data/Abdullah_Basfar_192kbps/107001.mp3,Abdullah_Basfar_192kbps,107,1,,,soundfile,5.720272108843537,5.55,44100,2,192.2,-22.54727713057971,-2.011422849189664,0.7932842969894409,-1.5820547787370742e-06,0.0,0.0,0,0.02631578947368421,0.02,0.0,-54.57026300138395,-30.10729194186483,24.46297105951912,0.09936633706092834,5060.302734375,3193.015813648841,0.06716887994421906
/content/Quran_Audio_Data/Abu_Bakr_Ash-Shaatree_128kbps/107001.mp3,Quran_Audio_Data/Abu_Bakr_Ash-Shaatree_128kbps/107001.mp3,Abu_Bakr_Ash-Shaatree_128kbps,107,1,,,soundfile,3.9441043083900227,3.88,44100,2,128.3,-21.359176011357505,-4.851213782568836,0.5720570087432861,-5.9721078287111595e-05,0.0,0.0,0,0.01020408163265306,0.04,0.0,-30.026535602438084,-24.043371537122997,5.983164065315087,0.028673965483903885,4242.041015625,2560.8081984868536,0.061705824908088236
/content/Quran_Audio_Data/Hudhaify_128kbps/107001.mp3,Quran_Audio_Data/Hudhaify_128kbps/107001.mp3,Hudhaify_128kbps,107,1,,,soundfile,5.955351473922902,5.5600000000000005,44100,2,128.2,-17.997219496387828,-2.5788438217295266,0.7431180477142334,1.8219104731542757e-06,0.0,0.0,0,0.06397306397306397,0.05,0.0,-55.37261886087951,-23.878003694478327,31.494615166401186,0.008761935867369175,3509.912109375,1622.7514586462207,0.034320556164717346
/content/Quran_Audio_Data/Husary_128kbps/107001.mp3,Quran_Audio_Data/Husary_128kbps/107001.mp3,Husary_128kbps,107,1,,,soundfile,8.509841269841269,8.17,44100,2,128.1,-26.970976644504535,-9.566107807491372,0.33242571353912354,0.0006915961857885122,0.0,0.0,0,0.007290400972053463,0.06,0.0,-59.61256107259409,-35.05000544607034,24.562555626523753,0.003930875565856695,3143.84765625,1994.802577913975,0.0659742033883427
/content/Quran_Audio_Data/Minshawy_Murattal_128kbps/107001.mp3,Quran_Audio_Data/Minshawy_Murattal_128kbps/107001.mp3,Minshawy_Murattal_128kbps,107,1,,,soundfile,5.641927437641724,5.29,44100,2,128.2,-17.141434887152492,-1.1042590637182308,0.8806169629096985,-2.5168448701151647e-05,0.0,0.0,0,0.05871886120996441,0.33,0.0,-41.63782448807481,-22.33093803698803,19.306886451086783,0.018263928592205048,3682.177734375,2225.1927544575565,0.06498259870113168
/content/Quran_Audio_Data/Muhammad_Ayyoub_128kbps/107001.mp3,Quran_Audio_Data/Muhammad_Ayyoub_128kbps/107001.mp3,Muhammad_Ayyoub_128kbps,107,1,,,soundfile,6.112018140589569,6.03,44100,2,128.2,-16.912765080999847,-1.805092595687125,0.8123540878295898,-0.000860013475175947,0.0,0.0,0,0.009852216748768473,0.06,0.0,-34.32857050134149,-21.00340070630816,13.325169795033329,0.017333852127194405,4328.173828125,2217.4518352260875,0.03403144271821632
/content/Quran_Audio_Data/Yaser_Salamah_128kbps/107001.mp3,Quran_Audio_Data/Yaser_Salamah_128kbps/107001.mp3,Yaser_Salamah_128kbps,107,1,,,soundfile,5.052879818594104,4.94,44100,2,128.2,-16.76483098599269,-5.202378116650977,0.549390435218811,-0.0008819171926006675,0.0,0.0,0,0.006036217303822937,0.03,0.0,-30.873683994742283,-19.391196391612645,11.482487603129638,0.00237295706756413,2583.984375,1282.4190518173607,0.02157181140988372
/content/Quran_Audio_Data/aziz_alili_128kbps/107001.mp3,Quran_Audio_Data/aziz_alili_128kbps/107001.mp3,aziz_alili_128kbps,107,1,,,soundfile,4.983492063492063,4.84,44100,2,128.2,-14.120375970669276,-0.21055851277655024,0.9760500192642212,0.0002656375290825963,0.0,0.0,0,0.010224948875255624,0.05,0.0,-32.91031402397233,-18.852016344738047,14.058297679234286,0.04324217513203621,4112.841796875,2385.660042152402,0.03299238096992924
/content/Quran_Audio_Data/Abdul_Basit_Murattal_192kbps/098001.mp3,Quran_Audio_Data/Abdul_Basit_Murattal_192kbps/098001.mp3,Abdul_Basit_Murattal_192kbps,98,1,,,soundfile,14.261473922902494,13.6,44100,2,192.1,-25.420286356941254,-2.8177103747151717,0.722960352897644,-2.9776945666526444e-05,0.0,0.0,0,0.0449438202247191,0.03,0.0,-48.012128127388465,-29.870676373304196,18.14145175408427,0.02928653173148632,5103.369140625,2861.104023084755,0.07271298438771359
/content/Quran_Audio_Data/Abdullah_Basfar_192kbps/098001.mp3,Quran_Audio_Data/Abdullah_Basfar_192kbps/098001.mp3,Abdullah_Basfar_192kbps,98,1,,,soundfile,13.13829931972789,12.63,44100,2,192.1,-22.05143973172997,-1.3051487849799037,0.8604835271835327,-2.4205328372772783e-06,0.0,0.0,0,0.037347560975609755,0.08,0.0,-45.29205483924204,-28.414575083520454,16.877479755721588,0.09304965287446976,5964.697265625,3318.9586131365313,0.08062981379748234
/content/Quran_Audio_Data/Abu_Bakr_Ash-Shaatree_128kbps/098001.mp3,Quran_Audio_Data/Abu_Bakr_Ash-Shaatree_128kbps/098001.mp3,Abu_Bakr_Ash-Shaatree_128kbps,98,1,,,soundfile,10.709138321995464,10.65,44100,2,128.1,-22.897908773238047,-6.697042608295513,0.462538480758667,-5.8971840189769864e-05,0.0,0.0,0,0.0037418147801683817,0.04,0.0,-34.28780404692441,-25.156053094383292,9.131750952541115,0.031962502747774124,4306.640625,2419.0924561834804,0.051418713603737815
/content/Quran_Audio_Data/Hudhaify_128kbps/098001.mp3,Quran_Audio_Data/Hudhaify_128kbps/098001.mp3,Hudhaify_128kbps,98,1,,,soundfile,12.53750566893424,12.39,44100,2,128.1,-17.33080666429311,-2.9775192815315483,0.7097804546356201,-1.8558613419372705e-06,0.0,0.0,0,0.010383386581469648,0.06,0.0,-36.85261678104976,-21.894028082809836,14.958588698239925,0.0075381239876151085,2648.583984375,1550.3323915940825,0.030851689091435184
/content/Quran_Audio_Data/Husary_128kbps/098001.mp3,Quran_Audio_Data/Husary_128kbps/098001.mp3,Husary_128kbps,98,1,,,soundfile,23.084807256235827,22.75,44100,2,128.1,-28.095742070734694,-8.978662897404847,0.3556860685348511,0.0006979763275012374,0.0,0.0,0,0.00263042525208242,0.06,0.0,-62.633470874410484,-36.91097267648279,25.722498197927692,0.0036044747103005648,3014.6484375,1831.9176995598887,0.054480967208947635
/content/Quran_Audio_Data/Minshawy_Murattal_128kbps/098001.mp3,Quran_Audio_Data/Minshawy_Murattal_128kbps/098001.mp3,Minshawy_Murattal_128kbps,98,1,,,soundfile,15.43684807256236,15.280000000000001,44100,2,128.1,-17.9744521052438,-0.26981535847526616,0.9694138765335083,-2.0060691895196214e-05,0.0,0.0,0,0.009079118028534372,0.07,0.0,-32.16430267318296,-21.693096400385645,10.471206272797314,0.01620202325284481,3617.578125,2136.0872027722426,0.06982715578007519
/content/Quran_Audio_Data/Muhammad_Ayyoub_128kbps/098001.mp3,Quran_Audio_Data/Muhammad_Ayyoub_128kbps/098001.mp3,Muhammad_Ayyoub_128kbps,98,1,,,soundfile,14.470385487528345,14.33,44100,2,128.1,-16.31617536921542,-1.0639360809040563,0.8847146034240723,-0.0010084901005029678,0.0,0.0,0,0.008304498269896194,0.05,0.0,-31.895058245209157,-19.973479878884685,11.921578366324471,0.017817668616771698,4392.7734375,2294.702683684925,0.04610087647854852
/content/Quran_Audio_Data/Yaser_Salamah_128kbps/098001.mp3,Quran_Audio_Data/Yaser_Salamah_128kbps/098001.mp3,Yaser_Salamah_128kbps,98,1,,,soundfile,10.459727891156463,10.040000000000001,44100,2,128.1,-16.874764966176766,-4.1330682790473166,0.6213647127151489,-0.0016363372560590506,0.0,0.0,0,0.03275529865125241,0.34,0.0,-30.776064051107955,-18.960514630392133,11.815549420715822,0.002470385981723666,2971.58203125,1503.7962387676187,0.030424935477120534
/content/Quran_Audio_Data/aziz_alili_128kbps/098001.mp3,Quran_Audio_Data/aziz_alili_128kbps/098001.mp3,aziz_alili_128kbps,98,1,,,soundfile,11.894829931972788,11.77,44100,2,128.1,-14.5693246994447,-0.22407677866407083,0.9745321273803711,6.958035373827443e-05,0.0,0.0,0,0.003386960203217612,0.04,0.0,-27.794126058873935,-17.966016893177855,9.82810916569608,0.03524121642112732,3962.109375,2143.0716670263887,0.030895278033088235
/content/Quran_Audio_Data/Abdul_Basit_Murattal_192kbps/067030.mp3,Quran_Audio_Data/Abdul_Basit_Murattal_192kbps/067030.mp3,Abdul_Basit_Murattal_192kbps,67,30,,,soundfile,18.12716553287982,17.07,44100,2,192.1,-20.875673706580365,-4.999819442627707,0.5623530149459839,2.596158594769804e-07,0.0,0.0,0,0.05742683600220872,0.03,0.0,-41.6331581220022,-24.32096422983782,17.31219389216438,0.030537452548742294,5706.298828125,2971.62198190642,0.0769436844790333
/content/Quran_Audio_Data/Abdullah_Basfar_192kbps/067030.mp3,Quran_Audio_Data/Abdullah_Basfar_192kbps/067030.mp3,Abdullah_Basfar_192kbps,67,30,,,soundfile,15.149546485260771,15.0,44100,2,192.1,-23.58641660097959,-3.9875726603197474,0.6318607330322266,-3.5701309570868034e-06,0.0,0.0,0,0.008592200925313946,0.02,0.0,-43.79840275474869,-29.95003672870635,13.848366026042342,0.06999915093183517,4888.037109375,2826.4206323232306,0.05856718450670498
/content/Quran_Audio_Data/Abu_Bakr_Ash-Shaatree_128kbps/067030.mp3,Quran_Audio_Data/Abu_Bakr_Ash-Shaatree_128kbps/067030.mp3,Abu_Bakr_Ash-Shaatree_128kbps,67,30,,,soundfile,30.534126984126985,29.8,44100,2,128.0,-20.421075644130283,-2.5263099194588317,0.7476261854171753,-1.8490713046048768e-05,0.0,0.0,0,0.023271058669288757,0.06,0.65,-32.16300230216646,-22.393645203728806,9.769357098437656,0.02036174386739731,4026.708984375,2146.32417538527,0.04958672469106464
/content/Quran_Audio_Data/Hudhaify_128kbps/067030.mp3,Quran_Audio_Data/Hudhaify_128kbps/067030.mp3,Hudhaify_128kbps,67,30,,,soundfile,18.884648526077097,18.09,44100,2,128.1,-19.330179600522293,-2.2211571419971445,0.7743586301803589,-6.629235826949298e-07,0.0,0.0,0,0.0408271474019088,0.46,0.13,-33.52647936299057,-21.79929574775017,11.727183615240403,0.005725166294723749,3854.443359375,1968.9638508783635,0.042535089025046095
/content/Quran_Audio_Data/Husary_128kbps/067030.mp3,Quran_Audio_Data/Husary_128kbps/067030.mp3,Husary_128kbps,67,30,,,soundfile,23.398208616780046,22.3,44100,2,128.1,-21.224145662335545,-3.8875947077805635,0.6391757130622864,0.0006051435484550893,0.0,0.0,0,0.03546712802768166,0.77,0.0,-45.35815034319137,-25.483612476425122,19.874537866766246,0.005239092279225588,2842.3828125,1607.6377941399826,0.04423426529588766
/content/Quran_Audio_Data/Minshawy_Murattal_128kbps/067030.mp3,Quran_Audio_Data/Minshawy_Murattal_128kbps/067030.mp3,Minshawy_Murattal_128kbps,67,30,,,soundfile,14.104739229024943,13.59,44100,2,128.1,-19.431297793208543,-2.473168836556,0.752214252948761,-1.9355853510205634e-05,0.0,0.0,0,0.03480113636363636,0.09,0.0,-36.546340849700314,-25.397409020945126,11.148931828755188,0.018403301015496254,3596.044921875,1996.6820387244875,0.0486376350308642
/content/Quran_Audio_Data/Muhammad_Ayyoub_128kbps/067030.mp3,Quran_Audio_Data/Muhammad_Ayyoub_128kbps/067030.mp3,Muhammad_Ayyoub_128kbps,67,30,,,soundfile,17.892108843537414,17.77,44100,2,128.1,-14.856275423423726,-1.3119333566352065,0.8598116636276245,-0.000514073355589062,0.0,0.0,0,0.005595970900951315,0.06,0.0,-27.483711217078145,-17.24344698305609,10.240264234022057,0.017870942130684853,2863.916015625,1566.4187699476386,0.02874336292153048
/content/Quran_Audio_Data/Yaser_Salamah_128kbps/067030.mp3,Quran_Audio_Data/Yaser_Salamah_128kbps/067030.mp3,Yaser_Salamah_128kbps,67,30,,,soundfile,16.54562358276644,16.44,44100,2,128.1,-17.68539905472929,-3.347167225725194,0.6802078485488892,-0.0006583795184269547,0.0,0.0,0,0.001215066828675577,0.01,0.01,-24.95388740252281,-19.803446722723923,5.150440679798887,0.0014714507851749659,2540.91796875,1260.5594292495377,0.026820395026408452
/content/Quran_Audio_Data/aziz_alili_128kbps/067030.mp3,Quran_Audio_Data/aziz_alili_128kbps/067030.mp3,aziz_alili_128kbps,67,30,,,soundfile,15.222494331065759,15.120000000000001,44100,2,128.1,-13.143297537286076,-0.14247257484271825,0.9837310314178467,0.0003650886646937579,0.0,0.0,0,0.002638522427440633,0.04,0.0,-24.437636363035356,-16.57443343873114,7.863202924304215,0.02819892205297947,3660.64453125,1967.2185096383237,0.031073427346139142
/content/Quran_Audio_Data/Abdul_Basit_Murattal_192kbps/004020.mp3,Quran_Audio_Data/Abdul_Basit_Murattal_192kbps/004020.mp3,Abdul_Basit_Murattal_192kbps,4,20,,,soundfile,26.537823129251702,25.43,44100,2,192.1,-20.857432228884697,-2.5053861079799455,0.7494293451309204,-2.231807775388006e-05,0.0,0.0,0,0.04110105580693816,0.02,0.0,-45.96561824475468,-25.587388319861088,20.378229924893592,0.015663161873817444,3079.248046875,1638.1144448785783,0.038428118848425195
/content/Quran_Audio_Data/Abdullah_Basfar_192kbps/004020.mp3,Quran_Audio_Data/Abdullah_Basfar_192kbps/004020.mp3,Abdullah_Basfar_192kbps,4,20,,,soundfile,24.52659863945578,23.81,44100,2,192.1,-21.71100243947974,-1.324198994151045,0.8585983514785767,1.381341121486912e-07,0.0,0.0,0,0.028559771521827825,0.03,0.0,-43.63374895405863,-27.39070956490998,16.243039389148652,0.04744140803813934,4392.7734375,2520.6246994964795,0.060446122219592995
/content/Quran_Audio_Data/Abu_Bakr_Ash-Shaatree_128kbps/004020.mp3,Quran_Audio_Data/Abu_Bakr_Ash-Shaatree_128kbps/004020.mp3,Abu_Bakr_Ash-Shaatree_128kbps,4,20,,,soundfile,21.183242630385486,21.12,44100,2,128.1,-21.104116788615208,-4.1393745381270355,0.6209137439727783,-4.73470900033135e-05,0.0,0.0,0,0.001890359168241966,0.04,0.0,-31.116653119405512,-23.229764868838952,7.88688825056656,0.022764327004551888,3983.642578125,2184.865190004862,0.054631849315068495
/content/Quran_Audio_Data/Hudhaify_128kbps/004020.mp3,Quran_Audio_Data/Hudhaify_128kbps/004020.mp3,Hudhaify_128kbps,4,20,,,soundfile,22.959365079365078,22.68,44100,2,128.1,-18.403350579972198,-2.6277534128065194,0.7389453649520874,1.1955554555242998e-06,0.0,0.0,0,0.011333914559721011,0.05,0.0,-39.7125761243043,-23.29975002852448,16.41282609577982,0.013082572259008884,2368.65234375,1388.2641468558866,0.03142724263776542
/content/Quran_Audio_Data/Husary_128kbps/004020.mp3,Quran_Audio_Data/Husary_128kbps/004020.mp3,Husary_128kbps,4,20,,,soundfile,42.49183673469388,36.44,44100,2,128.0,-20.18228047670053,-5.6076616477807235,0.5243447422981262,0.00039596721762791276,0.0,0.0,0,0.1369019422074846,1.54,2.08,-66.30567557677008,-23.852931973372307,42.45274360339778,0.009815473109483719,3251.513671875,1830.0218194817235,0.046112454700810664
/content/Quran_Audio_Data/Minshawy_Murattal_128kbps/004020.mp3,Quran_Audio_Data/Minshawy_Murattal_128kbps/004020.mp3,Minshawy_Murattal_128kbps,4,20,,,soundfile,26.01544217687075,24.32,44100,2,128.1,-18.62926363188149,-2.514803608299511,0.7486172318458557,0.00018283653480466455,0.0,0.0,0,0.06461538461538462,0.06,0.01,-45.36908510311302,-22.700883063224698,22.668202039888325,0.0049677579663693905,1722.65625,1125.325935635337,0.03365087955990629
/content/Quran_Audio_Data/Muhammad_Ayyoub_128kbps/004020.mp3,Quran_Audio_Data/Muhammad_Ayyoub_128kbps/004020.mp3,Muhammad_Ayyoub_128kbps,4,20,,,soundfile,24.18700680272109,23.96,44100,2,128.1,-18.177266965677244,-3.377200341484363,0.6778599619865417,-0.0007317618001252413,0.0,0.0,0,0.008688456764584195,0.05,0.0,-31.58896422748101,-21.272102277255602,10.316861950225409,0.02096809260547161,3832.91015625,1864.110679984604,0.03281652996041267
/content/Quran_Audio_Data/Yaser_Salamah_128kbps/004020.mp3,Quran_Audio_Data/Yaser_Salamah_128kbps/004020.mp3,Yaser_Salamah_128kbps,4,20,,,soundfile,20.56809523809524,20.25,44100,2,128.1,-16.76186350294197,-3.7542925759039614,0.6490607857704163,-0.0017607806948944926,0.0,0.0,0,0.01171303074670571,0.24,0.0,-29.07633870604051,-18.707385698894132,10.368953007146377,0.010848135687410831,3682.177734375,1997.1859720207685,0.031872855652235424
/content/Quran_Audio_Data/aziz_alili_128kbps/004020.mp3,Quran_Audio_Data/aziz_alili_128kbps/004020.mp3,aziz_alili_128kbps,4,20,,,soundfile,23.925646258503402,23.59,44100,2,128.1,-13.06442567875938,-0.19028079157946537,0.9783313274383545,0.0003002521407324821,0.0,0.0,0,0.00798990748528175,0.04,0.0,-27.687607268972037,-16.544625603129884,11.142981665842154,0.02991948276758194,3854.443359375,2067.061813177624,0.03649223513719512
/content/Quran_Audio_Data/Abdul_Basit_Murattal_192kbps/065006.mp3,Quran_Audio_Data/Abdul_Basit_Murattal_192kbps/065006.mp3,Abdul_Basit_Murattal_192kbps,65,6,,,soundfile,56.81077097505669,54.82,44100,2,192.0,-23.33707481533932,-2.7642571452681213,0.7274231910705566,-2.163881072192453e-05,0.0,0.0,0,0.03468920584609966,0.02,0.0,-48.68411420263386,-28.451725516936353,20.232388685697504,0.030491942539811134,5512.5,2772.8319344911465,0.067110436567736
/content/Quran_Audio_Data/Abdullah_Basfar_192kbps/065006.mp3,Quran_Audio_Data/Abdullah_Basfar_192kbps/065006.mp3,Abdullah_Basfar_192kbps,65,6,,,soundfile,43.098027210884354,42.96,44100,2,127.7,-21.858701248042607,-3.54170555901936,0.6651425361633301,-1.2368220268399455e-05,0.0,0.0,0,0.00046533271288971617,0.01,0.01,-35.74165862374337,-25.1425068454971,10.59915177824627,0.02249951846897602,4091.30859375,2006.7863417576928,0.041370103477659285
/content/Quran_Audio_Data/Abu_Bakr_Ash-Shaatree_128kbps/065006.mp3,Quran_Audio_Data/Abu_Bakr_Ash-Shaatree_128kbps/065006.mp3,Abu_Bakr_Ash-Shaatree_128kbps,65,6,,,soundfile,51.47480725623583,51.25,44100,2,127.7,-22.0691350187011,-5.185437958511935,0.5504629611968994,-5.476539445226081e-05,0.0,0.0,0,0.001753019088430074,0.05,0.0,-34.145438893322485,-24.556569017141022,9.588869876181462,0.027911769226193428,4242.041015625,2322.713488313315,0.05237809745140145
/content/Quran_Audio_Data/Hudhaify_128kbps/065006.mp3,Quran_Audio_Data/Hudhaify_128kbps/065006.mp3,Hudhaify_128kbps,65,6,,,soundfile,66.08328798185941,62.81,44100,2,128.0,-17.030289205336913,-1.623512835302612,0.8295152187347412,3.0829062325210543e-07,0.0,0.0,0,0.04919769906145928,0.44,0.0,-34.23712296795007,-19.590642569916124,14.646480398033948,0.009727923199534416,2670.1171875,1425.846503652504,0.02794518004985067
/content/Quran_Audio_Data/Husary_128kbps/065006.mp3,Quran_Audio_Data/Husary_128kbps/065006.mp3,Husary_128kbps,65,6,,,soundfile,73.1043537414966,64.89,44100,2,128.0,-19.633477820063554,-1.3630448107985114,0.8547670245170593,0.0006343753193505108,0.0,0.0,0,0.10914332784184513,0.16,0.51,-59.669324771090984,-24.22002011535152,35.44930465573947,0.006926378700882196,2971.58203125,1667.2161463645116,0.03893459458652008
/content/Quran_Audio_Data/Minshawy_Murattal_128kbps/065006.mp3,Quran_Audio_Data/Minshawy_Murattal_128kbps/065006.mp3,Minshawy_Murattal_128kbps,65,6,,,soundfile,52.26589569160998,49.14,44100,2,128.0,-22.27246521593978,-3.945680174778094,0.6349155902862549,9.779195534065366e-05,0.0,0.0,0,0.05952153110047847,0.05,0.0,-53.17067519758576,-27.93674172035071,25.23393347723505,0.013024119660258293,2713.18359375,1585.849124401099,0.04095564731647046
/content/Quran_Audio_Data/Muhammad_Ayyoub_128kbps/065006.mp3,Quran_Audio_Data/Muhammad_Ayyoub_128kbps/065006.mp3,Muhammad_Ayyoub_128kbps,65,6,,,soundfile,50.228526077097506,49.53,44100,2,128.0,-15.171934904067827,-1.6391086783787228,0.8280271291732788,-0.0007438486791215837,0.0,0.0,0,0.013543118900617407,0.01,0.05,-28.545751786843056,-17.582065750073482,10.963686036769573,0.018301742151379585,3703.7109375,1764.3332927724666,0.030557694599318234
/content/Quran_Audio_Data/Yaser_Salamah_128kbps/065006.mp3,Quran_Audio_Data/Yaser_Salamah_128kbps/065006.mp3,Yaser_Salamah_128kbps,65,6,,,soundfile,48.98657596371882,48.230000000000004,44100,2,128.0,-17.165573474069063,-3.9160602492698224,0.637084424495697,-0.0009373036446049809,0.0,0.0,0,0.013903087303209978,0.68,0.0,-29.638269058959036,-19.08976011720235,10.548508941756687,0.0015166897792369127,2347.119140625,1145.6216352260578,0.02599127465154211
/content/Quran_Audio_Data/aziz_alili_128kbps/065006.mp3,Quran_Audio_Data/aziz_alili_128kbps/065006.mp3,aziz_alili_128kbps,65,6,,,soundfile,42.227868480725625,42.0,44100,2,128.0,-13.457837862198163,-0.14697713281827038,0.9832209944725037,0.00016677120584063232,0.0,0.0,0,0.0021382751247327157,0.03,0.0,-24.304443885168553,-16.395330934349033,7.9091129508195195,0.030627841129899025,3789.84375,1972.1383904086201,0.03266491201247244
/content/Quran_Audio_Data/Abdul_Basit_Murattal_192kbps/068038.mp3,Quran_Audio_Data/Abdul_Basit_Murattal_192kbps/068038.mp3,Abdul_Basit_Murattal_192kbps,68,38,,,soundfile,6.320997732426304,6.25,44100,2,192.2,-22.962076286960365,-6.330956853455892,0.48244982957839966,2.952184786408907e-06,0.0,0.0,0,0.007936507936507936,0.03,0.0,-51.40476180381409,-28.157770642518415,23.246991161295675,0.03355550020933151,4758.837890625,2836.286773403833,0.06421480791284404
/content/Quran_Audio_Data/Abdullah_Basfar_192kbps/068038.mp3,Quran_Audio_Data/Abdullah_Basfar_192kbps/068038.mp3,Abdullah_Basfar_192kbps,68,38,,,soundfile,6.294875283446712,6.25,44100,2,192.2,-26.466730745276003,-6.327140657117615,0.4826618432998657,-9.517326589048025e-07,0.0,0.0,0,0.003189792663476874,0.02,0.0,-53.93758880272615,-33.29553619296788,20.642052609758267,0.10369830578565598,4565.0390625,2671.5613163787843,0.0544554989640884
/content/Quran_Audio_Data/Abu_Bakr_Ash-Shaatree_128kbps/068038.mp3,Quran_Audio_Data/Abu_Bakr_Ash-Shaatree_128kbps/068038.mp3,Abu_Bakr_Ash-Shaatree_128kbps,68,38,,,soundfile,4.806009070294785,4.75,44100,2,128.2,-21.70346396360241,-7.670899545275627,0.4134804904460907,2.733268956944812e-06,0.0,0.0,0,0.008350730688935281,0.04,0.0,-32.542904980863696,-23.303399715157962,9.239505265705734,0.017597448080778122,3445.3125,1857.4720007237042,0.03395323822463768
/content/Quran_Audio_Data/Hudhaify_128kbps/068038.mp3,Quran_Audio_Data/Hudhaify_128kbps/068038.mp3,Hudhaify_128kbps,68,38,,,soundfile,7.104603174603175,6.5,44100,2,128.2,-17.983215076821434,-0.2962699150896192,0.9664658308029175,-4.788554406331968e-07,0.0,0.0,0,0.08192090395480225,0.55,0.02,-53.46542763500152,-21.44455686186161,32.020870773139904,0.006973595824092627,3811.376953125,1927.1925646146904,0.03844496783088235
/content/Quran_Audio_Data/Husary_128kbps/068038.mp3,Quran_Audio_Data/Husary_128kbps/068038.mp3,Husary_128kbps,68,38,,,soundfile,9.868095238095238,9.26,44100,2,128.1,-21.607041661072888,-3.2891782223952997,0.6847642660140991,0.0005909472820349038,0.0,0.0,0,0.03441084462982273,0.33,0.0,-51.0259662958405,-26.125577495157366,24.90038880068313,0.005863937083631754,2906.982421875,1633.3667207269539,0.037124100007539206
/content/Quran_Audio_Data/Minshawy_Murattal_128kbps/068038.mp3,Quran_Audio_Data/Minshawy_Murattal_128kbps/068038.mp3,Minshawy_Murattal_128kbps,68,38,,,soundfile,6.112086167800453,5.54,44100,2,128.2,-18.65484313464547,-2.2314031278118143,0.773445725440979,-2.0437315470189787e-05,0.0,0.0,0,0.090311986863711,0.33,0.18,-54.60042603749061,-24.710209737270663,29.890216300219944,0.01496130134910345,3014.6484375,1728.1479417957353,0.03937752016129032
/content/Quran_Audio_Data/Muhammad_Ayyoub_128kbps/068038.mp3,Quran_Audio_Data/Muhammad_Ayyoub_128kbps/068038.mp3,Muhammad_Ayyoub_128kbps,68,38,,,soundfile,7.026235827664399,6.96,44100,2,128.2,-14.078888940389184,-1.090625075999256,0.8820003271102905,-0.00024295574985444546,0.0,0.0,0,0.007132667617689016,0.05,0.0,-32.565162599904404,-17.169431129905707,15.395731469998697,0.014785910956561565,2217.919921875,1219.7692294925491,0.020292678681930694
/content/Quran_Audio_Data/Yaser_Salamah_128kbps/068038.mp3,Quran_Audio_Data/Yaser_Salamah_128kbps/068038.mp3,Yaser_Salamah_128kbps,68,38,,,soundfile,6.149886621315193,6.0200000000000005,44100,2,128.2,-19.48249866867533,-5.474459989975523,0.5324477553367615,-0.0003832197398878634,0.0,0.0,0,0.008237232289950576,0.04,0.01,-36.905747373465154,-22.79921035277261,14.106537020692542,0.0013452224666252732,2540.91796875,1284.3561882149916,0.022724144345238097
/content/Quran_Audio_Data/aziz_alili_128kbps/068038.mp3,Quran_Audio_Data/aziz_alili_128kbps/068038.mp3,aziz_alili_128kbps,68,38,,,soundfile,5.239478458049887,5.14,44100,2,128.2,-14.378113863295134,-0.22230258770741468,0.9747312068939209,0.0001714260724838823,0.0,0.0,0,0.001941747572815534,0.01,0.0,-31.042909794558316,-17.984371105402182,13.058538689156133,0.05780389904975891,3725.244140625,1978.543927186222,0.029907773963004484
/content/Quran_Audio_Data/Abdul_Basit_Murattal_192kbps/029064.mp3,Quran_Audio_Data/Abdul_Basit_Murattal_192kbps/029064.mp3,Abdul_Basit_Murattal_192kbps,29,64,,,soundfile,20.974263038548752,20.76,44100,2,192.1,-20.905747722727753,-3.785444519238994,0.6467370986938477,-2.4636108719278127e-05,0.0,0.0,0,0.009069212410501194,0.02,0.0,-44.41646385796211,-25.732422063306927,18.68404179465518,0.013888110406696796,3251.513671875,1705.9395814914099,0.03902277817169342
/content/Quran_Audio_Data/Abdullah_Basfar_192kbps/029064.mp3,Quran_Audio_Data/Abdullah_Basfar_192kbps/029064.mp3,Abdullah_Basfar_192kbps,29,64,,,soundfile,16.732199546485262,16.65,44100,2,127.7,-18.099183801173318,-0.9769747036062173,0.8936166763305664,-1.40492611535592e-05,0.0,0.0,0,0.0011997600479904018,0.02,0.0,-31.20563081937485,-21.80786943722964,9.397761382145209,0.02419656701385975,4069.775390625,2154.5756813462535,0.03993617709057719
/content/Quran_Audio_Data/Abu_Bakr_Ash-Shaatree_128kbps/029064.mp3,Quran_Audio_Data/Abu_Bakr_Ash-Shaatree_128kbps/029064.mp3,Abu_Bakr_Ash-Shaatree_128kbps,29,64,,,soundfile,15.201746031746032,15.13,44100,2,128.1,-23.012373161424776,-7.8891959748350455,0.40321826934814453,-3.305770951556042e-05,0.0,0.0,0,0.0032938076416337285,0.05,0.0,-34.80095043211539,-24.958869627365367,9.842080804750026,0.02070891484618187,3962.109375,2068.7043706701006,0.04496772125477099
/content/Quran_Audio_Data/Hudhaify_128kbps/029064.mp3,Quran_Audio_Data/Hudhaify_128kbps/029064.mp3,Hudhaify_128kbps,29,64,,,soundfile,20.504104308390023,18.82,44100,2,128.1,-18.797233120381442,-2.0992542471684947,0.7853030562400818,-8.988820923150342e-07,0.0,0.0,0,0.0810546875,0.46,0.0,-55.67965306711607,-23.31787856884427,32.3617744982718,0.005783664993941784,3811.376953125,2036.7025469405746,0.0499508679081777
/content/Quran_Audio_Data/Husary_128kbps/029064.mp3,Quran_Audio_Data/Husary_128kbps/029064.mp3,Husary_128kbps,29,64,,,soundfile,34.44687074829932,32.07,44100,2,128.0,-21.697285075416808,-4.473547297721459,0.597478985786438,0.0007393829291686416,0.0,0.0,0,0.061457418788410885,1.0,0.16,-58.79632537921576,-27.365461071955156,31.430864307260602,0.004231697879731655,3445.3125,1925.7727118253188,0.0439461412190258
/content/Quran_Audio_Data/Minshawy_Murattal_128kbps/029064.mp3,Quran_Audio_Data/Minshawy_Murattal_128kbps/029064.mp3,Minshawy_Murattal_128kbps,29,64,,,soundfile,18.23170068027211,17.93,44100,2,128.1,-16.885270955755274,-1.146641505997204,0.8763304948806763,0.00032794836442917585,0.0,0.0,0,0.015376166941241077,0.06,0.0,-36.57343776446094,-21.569565962472243,15.003871801988698,0.017964094877243042,3488.37890625,1997.0288368451102,0.05945127257718014
/content/Quran_Audio_Data/Muhammad_Ayyoub_128kbps/029064.mp3,Quran_Audio_Data/Muhammad_Ayyoub_128kbps/029064.mp3,Muhammad_Ayyoub_128kbps,29,64,,,soundfile,22.123514739229027,21.52,44100,2,128.1,-15.463447039993973,-0.6869458390692668,0.9239590167999268,0.00018953770631924272,0.0,0.0,0,0.026244343891402715,0.07,0.08,-36.936798820260584,-18.780873344137525,18.15592547612306,0.022511620074510574,5124.90234375,2211.015101307874,0.03703585101324764
/content/Quran_Audio_Data/Yaser_Salamah_128kbps/029064.mp3,Quran_Audio_Data/Yaser_Salamah_128kbps/029064.mp3,Yaser_Salamah_128kbps,29,64,,,soundfile,15.370226757369615,14.92,44100,2,128.1,-15.828940260839472,-2.736665050444871,0.7297376394271851,-0.0016824654303491116,0.0,0.0,0,0.02419882275997384,0.35000000000000003,0.02,-32.47379744893158,-18.076862971125472,14.396934477806106,0.0014651657547801733,2540.91796875,1258.5552801895365,0.02857648431576952
/content/Quran_Audio_Data/aziz_alili_128kbps/029064.mp3,Quran_Audio_Data/aziz_alili_128kbps/029064.mp3,aziz_alili_128kbps,29,64,,,soundfile,16.502380952380953,16.44,44100,2,128.1,-13.01904023352445,-0.1921802482648703,0.9781174063682556,0.00027196522569283843,0.0,0.0,0,0.001215066828675577,0.02,0.0,-25.665853751644136,-16.50908265305075,9.156771098593385,0.026575103402137756,3854.443359375,2091.694944740519,0.03042783065580986
/content/Quran_Audio_Data/Abdul_Basit_Murattal_192kbps/003120.mp3,Quran_Audio_Data/Abdul_Basit_Murattal_192kbps/003120.mp3,Abdul_Basit_Murattal_192kbps,3,120,,,soundfile,31.86625850340136,29.59,44100,2,192.1,-22.475652696971984,-4.173552549309245,0.6184753179550171,-8.445637831755448e-06,0.0,0.0,0,0.07095761381475667,0.02,0.0,-52.05759570338614,-26.939789369170217,25.117806334215924,0.021744849160313606,3811.376953125,2326.1392208185407,0.06048764088114754
/content/Quran_Audio_Data/Abdullah_Basfar_192kbps/003120.mp3,Quran_Audio_Data/Abdullah_Basfar_192kbps/003120.mp3,Abdullah_Basfar_192kbps,3,120,,,soundfile,29.149773242630385,27.92,44100,2,192.1,-23.97111373350238,-1.861611516521309,0.8070852756500244,-5.007074150853441e-07,0.0,0.0,0,0.04153793340199107,0.03,0.0,-49.71393408146763,-30.737870078964512,18.976064002503115,0.07568272203207016,5684.765625,3184.953547958781,0.07160252700617284
/content/Quran_Audio_Data/Abu_Bakr_Ash-Shaatree_128kbps/003120.mp3,Quran_Audio_Data/Abu_Bakr_Ash-Shaatree_128kbps/003120.mp3,Abu_Bakr_Ash-Shaatree_128kbps,3,120,,,soundfile,21.026507936507937,20.97,44100,2,128.1,-22.262728577760207,-3.870089258477231,0.6404651999473572,-3.254181137890555e-05,0.0,0.0,0,0.0019038553069966682,0.04,0.0,-32.06658352117084,-23.999092342989755,8.067491178181086,0.015911318361759186,3768.310546875,2048.6756350840305,0.04835843724130795
/content/Quran_Audio_Data/Hudhaify_128kbps/003120.mp3,Quran_Audio_Data/Hudhaify_128kbps/003120.mp3,Hudhaify_128kbps,3,120,,,soundfile,24.918367346938776,24.64,44100,2,128.1,-19.05946271423003,-2.336069666409712,0.7641814947128296,-1.689371401880635e-06,0.0,0.0,0,0.010441767068273093,0.05,0.0,-42.6485889959878,-24.271879679506174,18.376709316481627,0.015910109505057335,2734.716796875,1635.274847275464,0.03346375392990219
/content/Quran_Audio_Data/Husary_128kbps/003120.mp3,Quran_Audio_Data/Husary_128kbps/003120.mp3,Husary_128kbps,3,120,,,soundfile,41.55149659863945,38.93,44100,2,128.0,-13.272449010063145,-0.30201004823515043,0.9658273458480835,0.0005328260012902319,0.0,0.0,0,0.05692829457364341,0.06,0.0,-45.76628531381689,-17.556741308010402,28.209544005806485,0.010934153571724892,2906.982421875,1547.1126610030074,0.03460552693753513
/content/Quran_Audio_Data/Minshawy_Murattal_128kbps/003120.mp3,Quran_Audio_Data/Minshawy_Murattal_128kbps/003120.mp3,Minshawy_Murattal_128kbps,3,120,,,soundfile,33.45952380952381,31.87,44100,2,128.0,-17.362595122832566,-0.3056596199339924,0.9654216170310974,0.00022781381267122924,0.0,0.0,0,0.04694976076555024,0.85,0.01,-41.325184470703746,-21.455840813647438,19.86934365705631,0.011197874322533607,2648.583984375,1452.15841731245,0.03972071396816447
/content/Quran_Audio_Data/Muhammad_Ayyoub_128kbps/003120.mp3,Quran_Audio_Data/Muhammad_Ayyoub_128kbps/003120.mp3,Muhammad_Ayyoub_128kbps,3,120,,,soundfile,30.87371882086168,30.650000000000002,44100,2,128.0,-16.647414972685034,-1.9278945714480342,0.80094975233078,-0.0004554143233690411,0.0,0.0,0,0.006482982171799027,0.05,0.0,-32.019710794021556,-20.07914803572525,11.940562758296306,0.01924378052353859,3811.376953125,1769.7024493983417,0.031355916647086465
/content/Quran_Audio_Data/Yaser_Salamah_128kbps/003120.mp3,Quran_Audio_Data/Yaser_Salamah_128kbps/003120.mp3,Yaser_Salamah_128kbps,3,120,,,soundfile,24.381609977324263,23.82,44100,2,128.1,-17.86856079579025,-4.09447877878166,0.624131441116333,-0.001312093809247017,0.0,0.0,0,0.019753086419753086,0.47000000000000003,0.01,-31.37642764860092,-20.312410935298097,11.064016713302824,0.010463939979672432,3983.642578125,2014.067968198705,0.0325006525954654
/content/Quran_Audio_Data/aziz_alili_128kbps/003120.mp3,Quran_Audio_Data/aziz_alili_128kbps/003120.mp3,aziz_alili_128kbps,3,120,,,soundfile,22.133832199546486,21.93,44100,2,128.1,-13.957508099461077,-0.2286823358625199,0.9740155339241028,0.00018768655718304217,0.0,0.0,0,0.0022747952684258415,0.05,0.0,-25.67871249607534,-17.16307032985544,8.515642166219902,0.03676972538232803,6976.7578125,2608.0977852406363,0.04367914124340369
/content/Quran_Audio_Data/Abdul_Basit_Murattal_192kbps/015026.mp3,Quran_Audio_Data/Abdul_Basit_Murattal_192kbps/015026.mp3,Abdul_Basit_Murattal_192kbps,15,26,,,soundfile,10.003922902494331,9.77,44100,2,192.1,-22.77637035021401,-4.950536390964736,0.565552830696106,-1.7960330296773463e-05,0.0,0.0,0,0.021042084168336674,0.02,0.0,-44.11868914449083,-26.982033851602647,17.136655292888182,0.023260919377207756,3660.64453125,2017.374271377191,0.04180072687064965
/content/Quran_Audio_Data/Abdullah_Basfar_192kbps/015026.mp3,Quran_Audio_Data/Abdullah_Basfar_192kbps/015026.mp3,Abdullah_Basfar_192kbps,15,26,,,soundfile,11.118639455782313,10.65,44100,2,191.8,-19.71322432667406,0.10897374616441892,1.0126250982284546,8.437745009359787e-07,2.8594771241830065e-05,2.4509803921568626e-05,4,0.0388086642599278,0.09,0.09,-36.22368065440437,-25.45486471713304,10.768815937271327,0.056866031140089035,4435.83984375,2370.281391266235,0.05025980440177638
/content/Quran_Audio_Data/Abu_Bakr_Ash-Shaatree_128kbps/015026.mp3,Quran_Audio_Data/Abu_Bakr_Ash-Shaatree_128kbps/015026.mp3,Abu_Bakr_Ash-Shaatree_128kbps,15,26,,,soundfile,9.377074829931972,9.32,44100,2,128.1,-17.770215966988463,-5.067227441586565,0.558005690574646,-5.635892375721596e-05,0.0,0.0,0,0.004273504273504274,0.04,0.0,-24.290623578114918,-18.791089553072187,5.499534025042731,0.027269048616290092,4285.107421875,2099.1826874282037,0.03398993463799505
/content/Quran_Audio_Data/Hudhaify_128kbps/015026.mp3,Quran_Audio_Data/Hudhaify_128kbps/015026.mp3,Hudhaify_128kbps,15,26,,,soundfile,10.003945578231292,9.620000000000001,44100,2,128.1,-18.548396317881117,-2.033602635583058,0.7912611961364746,-3.4439386809026473e-07,0.0,0.0,0,0.036072144288577156,0.06,0.02,-36.571638094870316,-22.223405068309912,14.348233026560404,0.011033065617084503,2928.515625,1556.4794372471365,0.03467306681409513
/content/Quran_Audio_Data/Husary_128kbps/015026.mp3,Quran_Audio_Data/Husary_128kbps/015026.mp3,Husary_128kbps,15,26,,,soundfile,14.360702947845805,13.6,44100,2,128.1,-21.368239206161,-3.4484792785384193,0.6723200082778931,0.000522187037859112,0.0,0.0,0,0.0347764371894961,0.43,0.0,-47.02854381410793,-25.638901722643418,21.38964209146451,0.00467936834320426,2971.58203125,1446.0575185375637,0.02787579988178454
/content/Quran_Audio_Data/Minshawy_Murattal_128kbps/015026.mp3,Quran_Audio_Data/Minshawy_Murattal_128kbps/015026.mp3,Minshawy_Murattal_128kbps,15,26,,,soundfile,10.709138321995464,10.450000000000001,44100,2,128.1,-17.293345016664333,-1.5775730265878594,0.8339141607284546,0.00031118877814151347,0.0,0.0,0,0.02245088868101029,0.05,0.0,-34.500337527761424,-20.304203475724403,14.19613405203702,0.02299710363149643,5792.431640625,2574.8292581779956,0.047650007617822315
/content/Quran_Audio_Data/Muhammad_Ayyoub_128kbps/015026.mp3,Quran_Audio_Data/Muhammad_Ayyoub_128kbps/015026.mp3,Muhammad_Ayyoub_128kbps,15,26,,,soundfile,14.470385487528345,14.41,44100,2,128.1,-14.036600213304952,-0.5735295977927247,0.9361027479171753,-0.0011779633350670338,0.0,0.0,0,0.002768166089965398,0.04,0.0,-28.720376383554534,-16.790915519781063,11.929460863773471,0.019191041588783264,4543.505859375,2201.1701901046117,0.04394961971230954
/content/Quran_Audio_Data/Yaser_Salamah_128kbps/015026.mp3,Quran_Audio_Data/Yaser_Salamah_128kbps/015026.mp3,Yaser_Salamah_128kbps,15,26,,,soundfile,10.720884353741496,10.52,44100,2,128.1,-17.83873341154713,-5.613863522858241,0.5239704847335815,-0.0017088742461055517,0.0,0.0,0,0.011278195488721804,0.11,0.01,-30.005307680811438,-19.707076016409964,10.298231664401474,0.0015651402063667774,2670.1171875,1399.1402809052722,0.029294218409956475
/content/Quran_Audio_Data/aziz_alili_128kbps/015026.mp3,Quran_Audio_Data/aziz_alili_128kbps/015026.mp3,aziz_alili_128kbps,15,26,,,soundfile,9.97501133786848,9.8,44100,2,128.1,-14.977683304201602,-0.2531267257743645,0.9712782502174377,8.489931497024372e-05,0.0,0.0,0,0.005076142131979695,0.05,0.0,-24.08421229252344,-17.584269618127717,6.499942674395722,0.038550056517124176,7235.15625,2670.184737843205,0.044749169175969446
/content/Quran_Audio_Data/Abdul_Basit_Murattal_192kbps/003095.mp3,Quran_Audio_Data/Abdul_Basit_Murattal_192kbps/003095.mp3,Abdul_Basit_Murattal_192kbps,3,95,,,soundfile,18.205532879818595,16.84,44100,2,192.1,-20.40938530344203,-3.509051052425832,0.6676478385925293,-2.7837524612550624e-05,0.0,0.0,0,0.07421660252886202,0.99,0.03,-52.82145911528007,-25.65102794386056,27.170431171419512,0.017522001639008522,3445.3125,1770.64219743124,0.042008681385436585
/content/Quran_Audio_Data/Abdullah_Basfar_192kbps/003095.mp3,Quran_Audio_Data/Abdullah_Basfar_192kbps/003095.mp3,Abdullah_Basfar_192kbps,3,95,,,soundfile,15.071133786848073,13.91,44100,2,192.1,-23.58985217266647,-3.4930700322563295,0.668877363204956,-1.4832636452410952e-06,0.0,0.0,0,0.07574750830564785,0.03,0.0,-57.62196763851357,-30.623180273826783,26.998787364686784,0.06783772259950638,4672.705078125,2822.897352139324,0.0665836701308699
/content/Quran_Audio_Data/Abu_Bakr_Ash-Shaatree_128kbps/003095.mp3,Quran_Audio_Data/Abu_Bakr_Ash-Shaatree_128kbps/003095.mp3,Abu_Bakr_Ash-Shaatree_128kbps,3,95,,,soundfile,11.649478458049886,11.59,44100,2,128.1,-22.11103840798981,-7.540501556155251,0.41973474621772766,-1.667345168243628e-05,0.0,0.0,0,0.0034393809114359416,0.04,0.0,-38.06564406520397,-25.380089030734744,12.685555034469225,0.019797589629888535,3789.84375,2003.7819523253931,0.04575691375124502
/content/Quran_Audio_Data/Hudhaify_128kbps/003095.mp3,Quran_Audio_Data/Hudhaify_128kbps/003095.mp3,Hudhaify_128kbps,3,95,,,soundfile,14.444331065759638,13.71,44100,2,128.1,-17.75227409392175,-1.9211463816790557,0.8015722632408142,-2.98482291327673e-06,0.0,0.0,0,0.049237170596393896,0.12,0.0,-47.32967850966948,-22.0817537611737,25.247924748495777,0.01289111003279686,2217.919921875,1316.2338541324575,0.0282230484437751
/content/Quran_Audio_Data/Husary_128kbps/003095.mp3,Quran_Audio_Data/Husary_128kbps/003095.mp3,Husary_128kbps,3,95,,,soundfile,25.017619047619046,21.84,44100,2,128.1,-19.606125485396205,-1.3951149886489072,0.8516168594360352,0.00040504068601876497,0.0,0.0,0,0.11721907841552143,0.52,1.52,-61.28034169845369,-25.9328434753988,35.347498223054885,0.0149755347520113,3294.580078125,1945.6866615375916,0.04278501530283505
/content/Quran_Audio_Data/Minshawy_Murattal_128kbps/003095.mp3,Quran_Audio_Data/Minshawy_Murattal_128kbps/003095.mp3,Minshawy_Murattal_128kbps,3,95,,,soundfile,15.907006802721089,15.49,44100,2,128.1,-19.124074043865534,-3.007615668308125,0.7073253393173218,0.0001945025724126026,0.0,0.0,0,0.025173064820641914,0.05,0.0,-44.96524464526655,-23.63387799104901,21.33136665421754,0.017041970044374466,3402.24609375,1762.2180617755182,0.04591090273978848
/content/Quran_Audio_Data/Muhammad_Ayyoub_128kbps/003095.mp3,Quran_Audio_Data/Muhammad_Ayyoub_128kbps/003095.mp3,Muhammad_Ayyoub_128kbps,3,95,,,soundfile,16.69061224489796,15.98,44100,2,128.1,-16.94796653783036,-3.076683074043795,0.7017232179641724,-0.0004720764118246734,0.0,0.0,0,0.041391721655668866,0.05,0.0,-40.10997223586489,-20.319911099478514,19.790061136386374,0.016622046008706093,3100.78125,1560.483400120458,0.02902930502433936
/content/Quran_Audio_Data/Yaser_Salamah_128kbps/003095.mp3,Quran_Audio_Data/Yaser_Salamah_128kbps/003095.mp3,Yaser_Salamah_128kbps,3,95,,,soundfile,14.011995464852607,13.68,44100,2,128.1,-16.544138421179518,-4.144575686782948,0.620542049407959,-0.0009330734610557556,0.0,0.0,0,0.017946877243359655,0.24,0.01,-34.30704838992086,-19.42565805626196,14.8813903336589,0.009594383649528027,3122.314453125,1630.9800729789108,0.032185533875831944
/content/Quran_Audio_Data/aziz_alili_128kbps/003095.mp3,Quran_Audio_Data/aziz_alili_128kbps/003095.mp3,aziz_alili_128kbps,3,95,,,soundfile,12.406780045351473,12.24,44100,2,128.1,-12.220991778262636,-0.060645120443438796,0.9930422902107239,0.00029680519946850836,0.0,0.0,0,0.005686433793663688,0.05,0.0,-28.370010670970075,-16.34844743195904,12.021563239011034,0.03417123109102249,3832.91015625,2094.2978411617983,0.03848924035747883
/content/Quran_Audio_Data/Abdul_Basit_Murattal_192kbps/056052.mp3,Quran_Audio_Data/Abdul_Basit_Murattal_192kbps/056052.mp3,Abdul_Basit_Murattal_192kbps,56,52,,,soundfile,7.966553287981859,6.84,44100,2,192.1,-29.208376638220276,-11.051533409132468,0.28017109632492065,3.266309704486048e-06,0.0,0.0,0,0.13962264150943396,0.02,0.0,-70.9081981457523,-33.97117221941647,36.93702592633583,0.021284926682710648,3703.7109375,2223.329842859557,0.05155453966521106
/content/Quran_Audio_Data/Abdullah_Basfar_192kbps/056052.mp3,Quran_Audio_Data/Abdullah_Basfar_192kbps/056052.mp3,Abdullah_Basfar_192kbps,56,52,,,soundfile,7.914308390022676,7.74,44100,2,192.1,-24.228058807878256,-4.069816180828518,0.6259061098098755,4.8744705054559745e-06,0.0,0.0,0,0.019011406844106463,0.03,0.0,-51.472795599979314,-30.700556516116777,20.772239083862537,0.07951435446739197,6223.095703125,3191.86435204088,0.06680145711143695
/content/Quran_Audio_Data/Abu_Bakr_Ash-Shaatree_128kbps/056052.mp3,Quran_Audio_Data/Abu_Bakr_Ash-Shaatree_128kbps/056052.mp3,Abu_Bakr_Ash-Shaatree_128kbps,56,52,,,soundfile,6.007596371882086,5.95,44100,2,128.2,-26.533935088899216,-10.215022725466225,0.30849552154541016,-6.971970287850127e-05,0.0,0.0,0,0.00667779632721202,0.04,0.0,-39.210226726995195,-29.009520633451043,10.200706093544152,0.029666855931282043,5124.90234375,2785.6968885704637,0.06670412041505791
/content/Quran_Audio_Data/Hudhaify_128kbps/056052.mp3,Quran_Audio_Data/Hudhaify_128kbps/056052.mp3,Hudhaify_128kbps,56,52,,,soundfile,8.671768707482993,7.94,44100,2,128.1,-19.750613071983555,-5.014573102050357,0.5613986253738403,5.440804784484499e-07,0.0,0.0,0,0.08208092485549133,0.68,0.03,-52.460841991971755,-22.370196411995796,30.09064557997596,0.009120602160692215,2971.58203125,1649.1081696405658,0.030388481007362786
/content/Quran_Audio_Data/Husary_128kbps/056052.mp3,Quran_Audio_Data/Husary_128kbps/056052.mp3,Husary_128kbps,56,52,,,soundfile,11.670340136054422,9.98,44100,2,128.1,-20.76185036967987,-2.074367904169209,0.7875562906265259,0.0006437008269131184,0.0,0.0,0,0.12456140350877193,0.6,0.81,-61.63477603573189,-25.93867019502328,35.69610584070861,0.004959051962941885,2928.515625,1685.0261718434722,0.039894166031504065
/content/Quran_Audio_Data/Minshawy_Murattal_128kbps/056052.mp3,Quran_Audio_Data/Minshawy_Murattal_128kbps/056052.mp3,Minshawy_Murattal_128kbps,56,52,,,soundfile,7.653106575963719,7.16,44100,2,128.1,-20.10145907020799,-1.856326145781699,0.8075765371322632,-1.8416219973005354e-05,0.0,0.0,0,0.061598951507208385,0.47000000000000003,0.0,-46.49211114370786,-25.26530971556919,21.226801428138668,0.02509363181889057,6632.2265625,3212.863492722447,0.0892526337594697
/content/Quran_Audio_Data/Muhammad_Ayyoub_128kbps/056052.mp3,Quran_Audio_Data/Muhammad_Ayyoub_128kbps/056052.mp3,Muhammad_Ayyoub_128kbps,56,52,,,soundfile,10.160612244897958,9.83,44100,2,128.1,-15.076494716015663,-1.499728672394737,0.8414214253425598,-0.0010388101218268275,0.0,0.0,0,0.03057199211045365,0.06,0.15,-30.62390291207231,-17.873580299425623,12.750322612646688,0.017104821279644966,4285.107421875,2057.367286983391,0.03734069545519406
/content/Quran_Audio_Data/Yaser_Salamah_128kbps/056052.mp3,Quran_Audio_Data/Yaser_Salamah_128kbps/056052.mp3,Yaser_Salamah_128kbps,56,52,,,soundfile,8.42235827664399,8.32,44100,2,128.1,-17.774204584910397,-3.273483102883889,0.6860027313232422,-0.0006784797878935933,0.0,0.0,0,0.002398081534772182,0.01,0.01,-33.854615559470155,-20.742798154883985,13.11181740458617,0.0021041694562882185,2627.05078125,1330.1006857243908,0.025388593316574202
/content/Quran_Audio_Data/aziz_alili_128kbps/056052.mp3,Quran_Audio_Data/aziz_alili_128kbps/056052.mp3,aziz_alili_128kbps,56,52,,,soundfile,5.751428571428572,5.61,44100,2,128.2,-13.891914634016882,-0.07187071053704966,0.991759717464447,0.00012445953325368464,0.0,0.0,0,0.007079646017699115,0.04,0.0,-22.18884636108898,-16.015176456636222,6.173669904452758,0.03189506009221077,4155.908203125,2127.566964631819,0.030876549718813907
/content/Quran_Audio_Data/Abdul_Basit_Murattal_192kbps/007150.mp3,Quran_Audio_Data/Abdul_Basit_Murattal_192kbps/007150.mp3,Abdul_Basit_Murattal_192kbps,7,150,,,soundfile,63.601950113378685,60.980000000000004,44100,2,192.0,-22.87381952809271,-3.824595899413619,0.6438285112380981,-3.939563157473458e-06,0.0,0.0,0,0.04089336269267065,0.05,0.0,-44.53206347848834,-27.41517891210398,17.11688456638436,0.018222937360405922,3488.37890625,1931.0123335170422,0.04967822809248951
/content/Quran_Audio_Data/Abdullah_Basfar_192kbps/007150.mp3,Quran_Audio_Data/Abdullah_Basfar_192kbps/007150.mp3,Abdullah_Basfar_192kbps,7,150,,,soundfile,52.26591836734694,50.96,44100,2,192.0,-19.5590652452873,0.1665604387233359,1.0193610191345215,-1.7539387044962496e-06,6.073945075050099e-06,6.073945075050099e-06,2,0.024688995215311003,0.53,0.0,-39.859311504167394,-25.04087014723447,14.818441356932922,0.051646798849105835,4565.0390625,2890.3627826701068,0.071515958185251
/content/Quran_Audio_Data/Abu_Bakr_Ash-Shaatree_128kbps/007150.mp3,Quran_Audio_Data/Abu_Bakr_Ash-Shaatree_128kbps/007150.mp3,Abu_Bakr_Ash-Shaatree_128kbps,7,150,,,soundfile,46.44113378684807,46.38,44100,2,128.0,-22.88120790023362,-4.229359409658087,0.6145143508911133,-7.423569331876934e-05,0.0,0.0,0,0.0008616975441619991,0.04,0.0,-33.774795865928134,-25.377752315964997,8.397043549963136,0.026313796639442444,4263.57421875,2265.6860450462113,0.04894101181735816
/content/Quran_Audio_Data/Hudhaify_128kbps/007150.mp3,Quran_Audio_Data/Hudhaify_128kbps/007150.mp3,Hudhaify_128kbps,7,150,,,soundfile,46.70235827664399,44.88,44100,2,128.0,-19.044759928086382,-2.053024221468205,0.7894939184188843,5.4411839300883e-07,0.0,0.0,0,0.038560411311053984,0.38,0.09,-37.8620298620924,-22.75280353353839,15.109226328554008,0.004887705203145742,3596.044921875,1763.7943458727234,0.04170890426920209
/content/Quran_Audio_Data/Husary_128kbps/007150.mp3,Quran_Audio_Data/Husary_128kbps/007150.mp3,Husary_128kbps,7,150,,,soundfile,78.77235827664398,68.59,44100,2,128.0,-20.104897889892758,-2.807051885997912,0.7238480448722839,0.00030087761115282774,0.0,0.0,0,0.12624203821656052,0.52,4.41,-65.85578427096925,-23.81141028388437,42.04437398708488,0.011239769868552685,3186.9140625,1760.3168107481329,0.039404455689126254
/content/Quran_Audio_Data/Minshawy_Murattal_128kbps/007150.mp3,Quran_Audio_Data/Minshawy_Murattal_128kbps/007150.mp3,Minshawy_Murattal_128kbps,7,150,,,soundfile,44.76950113378685,42.09,44100,2,128.0,-17.858898376171013,-1.9773950097732813,0.7963981628417969,0.0002298298350069672,0.0,0.0,0,0.0594413407821229,1.09,0.0,-44.388387016082845,-21.893875528824342,22.494511487258503,0.02290860004723072,3811.376953125,2279.367310281989,0.06513965578007519
/content/Quran_Audio_Data/Muhammad_Ayyoub_128kbps/007150.mp3,Quran_Audio_Data/Muhammad_Ayyoub_128kbps/007150.mp3,Muhammad_Ayyoub_128kbps,7,150,,,soundfile,55.58312925170068,54.730000000000004,44100,2,128.0,-17.124781712192338,-1.1457760550161558,0.8764178156852722,-0.0012385877780616283,0.0,0.0,0,0.014938804895608351,0.06,0.0,-30.25527737821693,-19.934516241371924,10.320761136845007,0.020947854965925217,4780.37109375,2366.701626907296,0.05528867334351504
/content/Quran_Audio_Data/Yaser_Salamah_128kbps/007150.mp3,Quran_Audio_Data/Yaser_Salamah_128kbps/007150.mp3,Yaser_Salamah_128kbps,7,150,,,soundfile,40.36698412698413,39.72,44100,2,128.0,-17.073673438644196,-4.888487894714622,0.5696073770523071,-0.00017764301446732134,0.0,0.0,0,0.014147431124348473,0.56,0.01,-27.89212232570943,-18.922970788327536,8.969151537381894,0.01033360231667757,3445.3125,1859.584672351189,0.03194107547883065
/content/Quran_Audio_Data/aziz_alili_128kbps/007150.mp3,Quran_Audio_Data/aziz_alili_128kbps/007150.mp3,aziz_alili_128kbps,7,150,,,soundfile,44.787619047619046,44.47,44100,2,128.0,-11.976024422434346,-0.15808663454921412,0.9819642305374146,0.0003603113000281155,0.0,0.0,0,0.006256983240223463,0.1,0.0,-23.946326417203853,-15.202605848621953,8.7437205685819,0.030695946887135506,3811.376953125,2059.6788554962027,0.036191173313131965
/content/Quran_Audio_Data/Abdul_Basit_Murattal_192kbps/020084.mp3,Quran_Audio_Data/Abdul_Basit_Murattal_192kbps/020084.mp3,Abdul_Basit_Murattal_192kbps,20,84,,,soundfile,11.649478458049886,11.47,44100,2,192.1,-21.51471506714961,-5.099791202314401,0.5559176206588745,-2.3988473913050257e-05,0.0,0.0,0,0.013757523645743766,0.02,0.0,-43.7570649116991,-26.305740603298332,17.45132430840077,0.016808534041047096,3466.845703125,1887.8719677657498,0.05057601624750996
/content/Quran_Audio_Data/Abdullah_Basfar_192kbps/020084.mp3,Quran_Audio_Data/Abdullah_Basfar_192kbps/020084.mp3,Abdullah_Basfar_192kbps,20,84,,,soundfile,9.403151927437642,8.89,44100,2,192.1,-21.385772845085587,-3.1734028581784086,0.6939526796340942,-4.258319222572027e-06,0.0,0.0,0,0.05223880597014925,0.49,0.0,-45.010829564190175,-25.027714637259272,19.983114926930902,0.045135747641325,4349.70703125,2326.144153228742,0.05051902488425926
/content/Quran_Audio_Data/Abu_Bakr_Ash-Shaatree_128kbps/020084.mp3,Quran_Audio_Data/Abu_Bakr_Ash-Shaatree_128kbps/020084.mp3,Abu_Bakr_Ash-Shaatree_128kbps,20,84,,,soundfile,10.265102040816327,10.21,44100,2,128.1,-16.04488396641768,-1.4926975077212032,0.8421028256416321,-8.999017154565081e-05,0.0,0.0,0,0.003902439024390244,0.04,0.0,-33.35373883076399,-20.106672986048757,13.24706584471523,0.02190452255308628,4134.375,1970.163375659211,0.033311815854519776
/content/Quran_Audio_Data/Hudhaify_128kbps/020084.mp3,Quran_Audio_Data/Hudhaify_128kbps/020084.mp3,Hudhaify_128kbps,20,84,,,soundfile,11.309886621315194,10.78,44100,2,128.1,-17.020327450481048,-1.7252630640540902,0.8198546171188354,-1.702419538673894e-08,0.0,0.0,0,0.045172719220549155,0.48,0.03,-40.581310105558245,-20.51299274666628,20.068317358891964,0.009988890029489994,2734.716796875,1537.0285427306846,0.0353104967948718
/content/Quran_Audio_Data/Husary_128kbps/020084.mp3,Quran_Audio_Data/Husary_128kbps/020084.mp3,Husary_128kbps,20,84,,,soundfile,14.517437641723356,13.49,44100,2,128.1,-17.883005376159765,-0.7181043009823472,0.9206504821777344,-1.711811637505889e-05,0.0,0.0,0,0.05266853932584269,0.06,0.29,-50.50173458971474,-22.697068113620922,27.804666476093814,0.003829335328191519,3380.712890625,1867.045927744926,0.048993004348047195
/content/Quran_Audio_Data/Minshawy_Murattal_128kbps/020084.mp3,Quran_Audio_Data/Minshawy_Murattal_128kbps/020084.mp3,Minshawy_Murattal_128kbps,20,84,,,soundfile,10.526281179138323,10.31,44100,2,128.1,-18.372386156152647,-2.030800081906694,0.7915165424346924,0.00028132644365541637,0.0,0.0,0,0.019029495718363463,0.05,0.0,-39.66994324092311,-23.487599605369358,16.182343635553753,0.020909158512949944,5598.6328125,2881.6738701245017,0.0699232747036935
/content/Quran_Audio_Data/Muhammad_Ayyoub_128kbps/020084.mp3,Quran_Audio_Data/Muhammad_Ayyoub_128kbps/020084.mp3,Muhammad_Ayyoub_128kbps,20,84,,,soundfile,11.886825396825397,11.75,44100,2,127.8,-16.769060661389872,-2.318033504485567,0.7657699584960938,-0.0015792838530614972,0.0,0.0,0,0.007601351351351352,0.05,0.0,-30.671878444421974,-19.741466511941734,10.93041193248024,0.019930284470319748,5577.099609375,2463.9252678519583,0.0524047134907045
/content/Quran_Audio_Data/Yaser_Salamah_128kbps/020084.mp3,Quran_Audio_Data/Yaser_Salamah_128kbps/020084.mp3,Yaser_Salamah_128kbps,20,84,,,soundfile,9.258208616780045,8.99,44100,2,128.1,-18.223950039205327,-4.681480702028448,0.5833456516265869,-0.0011608063941821456,0.0,0.0,0,0.020697167755991286,0.18,0.01,-31.696444568942738,-20.242733779233046,11.453710789709692,0.0019013892160728574,2562.451171875,1263.9031399110706,0.026478020570617905
/content/Quran_Audio_Data/aziz_alili_128kbps/020084.mp3,Quran_Audio_Data/aziz_alili_128kbps/020084.mp3,aziz_alili_128kbps,20,84,,,soundfile,9.719047619047618,9.58,44100,2,128.1,-12.90756389525638,-0.23335202690529164,0.9734920263290405,0.0001446624955860898,0.0,0.0,0,0.0010427528675703858,0.01,0.0,-23.696899206523497,-15.543095227552225,8.153803978971272,0.026475420221686363,2863.916015625,1902.559017110826,0.032817918802774425
